id,name_ru
17,Ярость Мартина
25,Иссеченный короткий меч
35,Гнутый посох
36,Иссеченная палица
37,Старый топор
38,Рубашка рекрута
39,Штаны рекрута
40,Сапоги рекрута
43,Сапоги оруженосца
44,Штаны оруженосца
45,Рубашка оруженосца
47,Ботинки разбойника с большой дороги
48,Штаны разбойника с большой дороги
49,Рубашка разбойника с большой дороги
51,Сапоги неофита
52,Штаны неофита
53,Рубашка неофита
55,Сапоги ученика
56,Одеяние ученика
57,Одеяние послушника
59,Ботинки послушника
60,Многослойный мундир
61,Дворфийские кожаные штаны
79,Дворфийские матерчатые брюки
80,Отделанные мехом мягкие ботинки
85,Грязный кожаный жилет
88,Испорченные старые штаны
91,СТАРЫЕ штаны дворфийского новичка
100,Испорченные штаны дворфийского оруженосца
117,Жесткая солонина
118,Крохотный флакон с лечебным зельем
120,Штаны головореза
121,Сапоги головореза
127,Рубашка зверолова
128,Испорченные штаны таурена-охотника
129,Рваные сапоги зверолова
138,Испорченная боевая куртка
139,Штаны буяна
140,Сапоги буяна
143,"Monster - Shield, Stormwind Guard"
147,Рваные штаны зверолова
148,Рваная рубашка зверолова
153,Примитивный килт
154,Простая мантия
156,Испорченные штаны рекрута тауренов
159,Освежающая ключевая вода
182,Голова Гаррика
192,Сломанный посох Мартина
193,Потрепанный матерчатый жилет
194,Потрепанные матерчатые штаны
195,Потрепанные матерчатые сапоги
200,Утолщенный матерчатый жилет
201,Утолщенные матерчатые штаны
202,Утолщенные матерчатые ботинки
203,Утолщенные матерчатые перчатки
209,Грязные кожаные штаны
210,Грязные кожаные сапоги
236,Доспех из обработанной кожи
237,Штаны из обработанной кожи
238,Сапоги из обработанной кожи
239,Перчатки из обработанной кожи
285,Малый чешуйчатый панцирь
286,Чешуйчатые штаны
287,Чешуйчатые сапоги
414,Даларанский острый сыр
422,Дворфийский мягкий сыр
537,Тусклая чешуя бешенки
555,Грубые перья стервятника
556,Клюв канюка
647,Судьба
710,Наручи народного ополчения
711,Потрепанные матерчатые перчатки
714,Грязные кожаные перчатки
718,Чешуйчатые перчатки
719,Перчатки охотника на кроликов
720,Перчатки буяна
723,Печень кровоклыка
724,Пирожок из печени кровоклыка
725,Лапа гнолла
727,Зубчатый короткий меч
728,Рецепт: похлебка Западного Края
729,Жилистое мясо стервятника
730,Глаз мурлока
731,Рыло кровоклыка
732,Спелая окра
733,Похлебка Западного Края
734,Испорченный медальон Макалаи
735,Медальоны Рольфа и Малакаи
737,Вода святого источника
738,Мешок ячменя
739,Мешок кукурузы
740,Мешок ржи
742,Ветка смоковницы
743,Вязанка обуглившихся дубовых поленьев
744,Засапожная фляга Громовара
745,Документы маршала Макбрайда
748,Знак брони Штормграда
750,Жесткое волчье мясо
752,Красная холщовая бандана
753,Короткий меч Драконьей Пасти
754,Короткий меч отмщения
755,Растаявшая свеча
756,Туннельная кирка
763,Покрытые льдом наручи
765,Сребролист
766,Ребристая палица
767,Длинный посох Бо
768,Топор дровосека
769,Кусок кабанины
770,Заостренный зуб кроколиска
771,Надколотый клык вепря
772,Большая свеча
773,Золотая пыль
774,Малахит
776,Вендетта
777,Зубы лесного хищника
778,Кобольдская кирка
779,Блестящая ракушка
780,Рваный плавник мурлока
781,Каменный молот гнолла
782,Раскрашенные поручи гнолла
783,Легкая шкура
785,Магороза
787,Скользкокожая скумбрия
789,Боевой молот упорства
790,Топор лесника
791,Корявый ясеневый посох
792,Вязаные сандалии
793,Вязаные перчатки
794,Вязаные штаны
795,Вязаный мундир
796,Грубые кожаные сапоги
797,Грубые кожаные перчатки
798,Грубые кожаные штаны
799,Грубый кожаный жилет
804,Большой синий мешок
805,Маленький красный мешочек
809,Кровавая бритва
810,Молот Северного ветра
811,Топор Лесных чащоб
812,Светящийся посох Светлой рощи
813,Сломанный зубец
814,Бурдюк с маслом
816,Кинжальчик
818,Тигровый глаз
820,Нарезающий клинок
821,Кожаный жилет Речной Лапы
826,Грубый топор Речной Лапы
827,Гибельная дубинка
828,Маленький синий мешочек
829,Красная кожаная бандана
832,Серебряный пояс братства Справедливости
833,Жизнекамень
835,Большая веревочная сеть
837,Тяжелотканая броня
838,Тяжелотканные штаны
839,Тяжелотканые перчатки
840,Тяжелотканые ботинки
841,Карманные часы Хмуроброва
843,Сапоги из дубленой кожи
844,Перчатки из дубленой кожи
845,Штаны из дубленой кожи
846,Жакет из дубленой кожи
847,Байдана
848,Кольчужные штаны
849,Кольчужные сапоги
850,Кольчужные перчатки
851,Абордажная сабля
852,Палица
853,Секира
854,Укороченный посох
856,Синяя кожаная сумка
857,Большой красный мешок
858,Маленький флакон с лечебным зельем
859,Тонкая матерчатая рубашка
860,Сапоги кавалериста
862,Руническое кольцо
863,Мрачный жнец
864,Рыцарский длинный меч
865,Утяжеленная свинцом палица
866,Монашеский посох
867,Перчатки Священной Мощи
868,Ревностный хранитель
869,Ослепительный длинный меч
870,Огненная секира
871,Топор шквала
872,Камнерез
873,Посох Джордана
876,Старый деревянный кулачный щит
878,Паутинная железа размером с кулак
880,Посох Ужасов
884,Ребро вурдалака
885,Черный металлический топор
887,Фунт мяса
888,Кулачные перчатки наги
889,Пыльное неотосланное письмо
890,Крученый посох певчего
892,Перчатки гнолла-заклинателя
893,Клык лютого волка
895,Череп воргена
896,Клык воргена
897,Наручи бешеного волка
899,Ядовитый паучий клык
900,Испорченное призывание кошмарного коня верховой
910,Недоставленное письмо
911,Ветвь с железного дерева
913,Огромный огрский меч
914,Большой огрский плетеный доспех
915,Красная шелковая бандана
916,Вырванная из дневника страница
918,Сума из искаженной шкуры
920,Гибельная шипастая палица
921,Выцветшая страница с записями
922,Дакийский фалькс
923,Длинный меч
924,Кувалда
925,Окованная дубина
926,Боевой топор
927,Обоюдоострый топор
928,Длинный посох
929,Лечебное зелье
931,Испорченный тяжелый коричневый мешок
932,Вьюки коня скверны
933,Большой походный мешок
934,Жнец Сталвана
935,Короткий меч Ночного Дозора
936,Полночная палица
937,Черный посох Сумеречного леса
938,Испачканные страницы записей
939,Запятнанная кровью страница записей
940,Одеяния прозрения
942,Кольцо заморозки
943,Посох тюремщика
944,Посох магии стихий
954,Свиток силы
955,Свиток интеллекта
956,Deprecated Area Trigger Flag - Jasperlode mine
957,Посылка Вильяма
958,Deprecated Area Trigger Flag - Darkhollow Mine
960,Deprecated Area Trigger Flag - Fargodeep
961,Целебная трава
962,Пирог со свининой
981,Ожерелье Бернис
983,Красный льняной кушак
996,Кольцо праведного пламени TEST
1006,Латунный ошейник
1008,Видавший виды меч
1009,Компактный молот
1010,Корявый короткий посох
1011,Острый топор
1013,Железная клепка
1014,Большой кошель старый
1015,Постный волчий бок
1017,Приправленная котлета из волчатины
1019,Красная льняная бандана
1020,Кожаный полный шлем D тест
1021,Кожаный полный шлем А тест
1024,Латный полный шлем D2 тест
1025,Латный полный шлем D1 тест
1027,Кольчужный полный шлем A тест
1028,Испорченный иссеченный шлем
1041,Рог черного волка
1074,Твердый кончик паучьей лапки
1075,Подвеска Темношкуров
1076,Кольцо предателя Братства Справедливости
1077,Кольцо мага Братства Справедливости
1080,Жесткое мясо кондора
1081,Хрустящее паучье мясо
1082,Гуляш по-красногорски
1083,Амулет Азоры
1113,Сотворенный хлеб
1114,Сотворенный ржаной хлеб
1116,Кольцо из чистого серебра
1121,Рысьи лапы
1127,Взрывпакет
1129,Клык вурдалака
1130,Фиал паучьего яда
1131,Тотем Кары
1132,Рог лесного волка
1154,Пояс народного ополчения
1155,Жезл сноходца
1156,Щедро изукрашенное кольцо
1158,Твердая металлическая дубина
1159,Окованный посох ополчения
1161,Короткий меч ополчения
1162,Пиратская глазная повязка тест
1166,Зазубренный кулачный щит
1167,Маленький тарг
1168,Щит пылающего черепа
1169,Черночерепный щит
1171,Хорошо прошитое одеяние
1172,Факел Грейсона
1173,Выцветшие сапоги
1175,Золотой зуб
1177,Масло Олафа
1178,Взрывчатая ракета
1179,Ледяное молоко
1180,Свиток выносливости
1181,Свиток духа
1182,Украшенные латунью наручи
1183,Эластичные накулачники
1187,Шипастый ошейник
1189,Кольцо надзирателя
1190,Плащ надзирателя
1191,Мешок разноцветных шариков
1192,Испорченный шлем надзирателя
1193,Пластинчатый кулачный щит
1194,Полуторный меч
1195,Лопата кобольдского горняка
1196,Табар
1197,Огромная палица
1198,Клеймор
1200,Большой деревянный щит
1201,Дубовый щит истопника
1202,Башенный щит
1203,Эгида Штормграда
1204,Зеленая башня
1205,Дынный сок
1206,Моховой агат
1207,Звезда Марф
1208,Любовное послание Мейбелл
1210,Камень теней
1211,Боевая портупея гнолла
1212,Слюна гнолла
1213,Наручи гнолла
1214,Дубина гнолла
1215,Поддерживающий ремень
1217,Неведомая награда
1218,Тяжелая боевая дубина гнолла
1219,Красногорское мачете
1220,Волчий топор
1221,Чешуя с брюха черного дракончика
1222,Сломанный зуб
1251,Льняные бинты
1252,Записка бабули Стоунфилд
1256,Ветка хрустального фукуса
1257,Напиток невидимости
1259,ДжЙоо тестовый предмет
1260,Голова Тарил\'зуна
1261,Полуночная сфера
1262,Бочонок громоварского светлого
1263,Мозгоруб
1264,Головокрушитель
1265,Жало скорпиона
1270,Тонкотканый плащ
1273,Лесная кольчуга
1274,Шишки хмеля
1275,Плетеный нагрудник делегата
1276,Закаленный огнем кулачный щит
1280,Маскировочный плащ с капюшоном
1282,Капюшон искристого металла
1283,Записка Вернера
1284,Ящик с подковами
1287,Клык гигантского тарантула
1288,Большая ядовитая железа
1292,Мясницкий колун
1293,Состояние дел в Приозерье
1294,Ответ генерала
1296,Палица Черной горы
1297,Одеяния Темного чародея
1299,Малый пояс Шпиля
1300,Малый посох Пика
1302,Перчатки из черного дракончика
1303,Перчатки мостового рабочего
1304,Перчатки для верховой езды
1306,Накулачники волчьей гривы
1307,План сбора золота
1309,Ящик инструментов Ослоу
1310,Брюки кузнеца
1314,Защитные перчатки вурдалака
1315,Гирлянда из лилий
1317,Упрочненный посох из корня
1318,Ночной разрушитель
1319,Кольцо железной воли
1322,Жир из рыбьей печени
1325,Букет нарциссов
1326,Соте из рыбы-луны
1327,Записка Вилли
1349,Ящик Аберкромби
1351,Костяные наручи
1352,Мортира Дробителей Черепов
1353,Донесение Шоу
1355,Замшевая накидка
1356,Рекомендация: Элвиннский лес
1357,Карта сокровищ капитана Сандерса
1358,Ключ к сокровищу Сандера
1359,Перчатки Львиного следа
1360,Плетеные перчатки Штормграда
1361,Еще один ключ к сокровищу Сандерса.
1362,Последний ключ к сокровищу Сандерса.
1363,Испорченная глазная повязка капитана Сандерса
1364,Рваный кожаный жилет
1366,Рваные кожаные штаны
1367,Рваные кожаные сапоги
1368,Рваные кожаные перчатки
1369,Рваный кожаный пояс
1370,Рваные кожаные наручи
1372,Рваный плащ
1374,Изношенные ботинки
1376,Изношенный плащ
1377,Изношенные перчатки
1378,Изношенные штаны
1380,Изношенное одеяние
1381,Таинственное послание
1382,Скальная палица
1383,Каменный томагавк
1384,Тупой клинок
1386,Топор Чертополоха
1387,Клык вурдалака
1388,Корявый посох
1389,Молот кобольдского горняка
1391,Посох мистика из стаи Речной Лапы
1394,Доска из сплавного леса
1395,Штаны ученика
1396,Штаны послушника
1399,Волшебная свеча
1401,Листовой зеленый чай
1404,Оберег прилива
1405,Пеноплюйный посох
1406,Инкрустированное жемчугом копье
1407,Обращение Соломона к Западному Краю
1408,Ответ Камнегрива Соломону
1409,Обращение Соломона к Темнолесью
1410,Ответ Элло Чернодрева Соломону
1411,Иссохший посох
1412,Грубый полуторный меч
1413,Непрочный меч
1414,Треснувший ручной молот
1415,Киянка столяра
1416,Заржавленная секира
1417,Разбитый боевой топор
1418,Поношенный кожаный пояс
1419,Поношенные кожаные сапоги
1420,Поношенные кожаные наручи
1421,Поношенный плащ из шкуры
1422,Поношенные кожаные перчатки
1423,Поношенные кожаные штаны
1425,Поношенный кожаный жилет
1427,Лоскутные ботинки
1429,Лоскутный плащ
1430,Лоскутные перчатки
1431,Лоскутные штаны
1433,Лоскутная броня
1434,Горящая восковая палочка
1436,Брюки первопроходца
1438,Воинский щит
1440,Гнолльский крушитель черепов
1443,Изукрашенный амулет Кайнвин
1445,Наплечье Черной горы
1446,Сапоги орка из клана Черной горы
1447,Кольцо спасителей
1448,Рукавицы Черной горы
1449,Малое кольцо Благословения
1450,Зелье страсти
1451,Бутылка сока зомби
1453,Призрачный гребень
1454,Топор головореза
1455,Топор воителя клана Черной горы
1457,Палица Темношкуров
1458,Кувалда Темношкуров
1459,Рубило Темношкуров
1460,Двуручный меч Темношкуров
1461,Боевой топор убийцы
1462,Кольцо тени
1464,Коготь канюка
1465,Тигрогубитель
1467,Пятнистая рыба-луна
1468,Плавник мурлока
1469,Ятаган Атуна
1470,Сумка из кожи мурлока
1473,Береговой посох
1475,Малая ядовитая железа
1476,Сломанная паучья нога
1477,Свиток ловкости II
1478,Свиток защиты II
1479,Жаропрочные полуперчатки Салмы
1480,Дубина народной войны
1481,Лютый Коготь
1482,Тенеклык
1483,Мордокрушитель
1484,Ведовской посох
1485,Вилы
1486,Куртка из древесной коры
1487,Сотворенный хлеб грубого помола
1488,Броня Мстителя
1489,Броня покрова тьмы
1490,Талисман-хранитель
1491,Кольцо точности
1493,Тяжелый ятаган мародера
1495,Ситцевые ботинки
1497,Ситцевый плащ
1498,Ситцевые перчатки
1499,Ситцевые штаны
1501,Ситцевый мундир
1502,Покоробленный кожаный пояс
1503,Покоробленные кожаные сапоги
1504,Покоробленные кожаные наручи
1505,Покоробленный плащ
1506,Покоробленные кожаные перчатки
1507,Покоробленные кожаные штаны
1509,Покоробленный кожаный жилет
1510,Тяжелый молот
1511,Меч обывателя
1512,Грубый боевой топор
1513,Старый большой меч
1514,Ржавый боевой молот
1515,Грубый деревянный посох
1516,Старый топор
1518,Гребень для призрачных волос
1519,Ухо тролля из племени Кровавого Скальпа
1520,Пот тролля
1521,Лесоповальный огрский топор
1522,Копье охоты за головами
1523,Огромная каменная дубина
1524,Клык тролля из племени Дробителей Черепов
1528,Горсть овса
1529,Нефрит
1532,Сушеная голова
1537,Мешок с едой старой Савраски
1539,Крючковатый посох отшельника
1547,Щит веры
1557,Кулачный щит морей
1560,Сандалии Синежабрых
1561,Одеяние жнеца
1566,Лезвие народного ополчения
1596,Нить из призрачных волос
1598,Цветок гнили
1602,Топор-резак
1604,Разноцветный меч
1607,Хранитель душ
1608,Крушитель черепов
1613,Посох преследователя душ
1624,Шлем Дробителей Черепов
1625,Изысканный фламберг
1630,Сломанный электрофонарь
1637,Письмо к Элло
1639,Скалящийся топор
1640,Чудовищная секира
1645,Сок луноягоды
1652,Прочная коробка для обеда
1656,Переведенное письмо
1659,Инженерские перчатки
1664,Жезл усиления заклинаний
1672,Испорченная голова огра
1677,Жилет из драконьей чешуи
1678,Черные огрские тяжелые ботинки
1679,Коргская бита
1680,Головорез
1685,Сумка из шкуры тролля
1686,Колючая щетина
1687,Втягивающийся коготь
1688,Длинный пушистый хвост
1696,Кривой коготь ящера
1697,Зуб хищного ящера
1701,Кривой коготь василиска
1702,Невредимый хребет василиска
1703,Хрустальный хребет василиска
1705,Малый лунный камень
1706,Густо-лазурные осколки
1707,Штормградский бри
1708,Сладкий нектар
1710,Средний флакон с лечебным зельем
1711,Свиток выносливости II
1712,Свиток духа II
1713,Крест Жизни
1714,Ожерелье Калисеи
1715,Полированная джазерентская броня
1716,Одеяние мага
1717,Двойной мундир
1718,Штаны из шкуры василиска
1720,Узловатый посох
1721,Боевой молот викинга
1722,Острокаменная кувалда
1725,Большой ранец
1726,Костяное копье с отравленным наконечником
1727,Меч разложения
1728,Пылающий меч Тибу
1729,Джутовый мешок Ночного Дозора
1730,Поношенный кольчужный пояс
1731,Поношенные кольчужные сапоги
1732,Поношенные кольчужные наручи
1733,Поношенный плащ
1734,Поношенные кольчужные перчатки
1735,Поношенные кольчужные штаны
1737,Поношенная кольчужная рубаха
1738,Шнурованный кольчужный пояс
1739,Шнурованные кольчужные сапоги
1740,Шнурованные наручи
1741,Шнурованный плащ
1742,Шнурованные кольчужные перчатки
1743,Шнурованные кольчужные штаны
1744,Шнурованные кольчужные наплечные пластины
1745,Шнурованная кольчужная рубаха
1746,Клепаный кольчужный пояс
1747,Клепаные кольчужные сапоги
1748,Клепаные кольчужные наручи
1749,Клепаный кольчужный плащ
1750,Клепаные кольчужные перчатки
1751,Клепаные кольчужные штаны
1752,Клепаные кольчужные наплечные пластины
1753,Клепаный кольчужный нагрудник
1754,Усиленный плетеный пояс
1755,Усиленные плетеные сапоги
1756,Усиленные плетеные наручи
1757,Усиленный плетеный плащ
1758,Усиленные плетеные перчатки
1759,Усиленные плетеные штаны
1760,Усиленные плетеные наплечные пластины
1761,Усиленный плетеный нагрудник
1764,Холщовые ботинки
1766,Холщовый плащ
1767,Холщовые перчатки
1768,Холщовые штаны
1769,Холщовые наплечные пластины
1770,Холщовый жилет
1772,Парчовые ботинки
1774,Парчовый плащ
1775,Парчовые перчатки
1776,Парчовые штаны
1777,Парчовые наплечные пластины
1778,Парчовый жилет
1780,Вышитые крестом сандалии
1782,Вышитый крестом плащ
1783,Вышитые крестом перчатки
1784,Вышитые крестом штаны
1785,Вышитые крестом наплечные пластины
1786,Вышитый крестом жилет
1787,Заплатанный кожаный пояс
1788,Заплатанные кожаные сапоги
1789,Заплатанные кожаные наручи
1790,Заплатанный плащ
1791,Заплатанные кожаные перчатки
1792,Заплатанные кожаные штаны
1793,Заплатанные кожаные наплечные пластины
1794,Заплатанный кожаный жакет
1795,Сыромятный пояс
1796,Сыромятные сапоги
1797,Сыромятные наручи
1798,Сыромятный плащ
1799,Сыромятные перчатки
1800,Сыромятные штаны
1801,Сыромятные наплечные пластины
1802,Сыромятный мундир
1803,Жесткий кожаный пояс
1804,Жесткие кожаные сапоги
1805,Жесткие кожаные наручи
1806,Жесткий плащ
1807,Жесткие кожаные перчатки
1808,Жесткие кожаные штаны
1809,Жесткие кожаные наплечные пластины
1810,Жесткий кожаный доспех
1811,Затупленный клеймор
1812,Боевой топор с короткой рукоятью
1813,Треснувший окованный посох
1814,Побитая киянка
1815,Фигурная палица
1816,Несбалансированный топор
1817,Готовый короткий меч
1818,Обычный клеймор
1819,Кирка рудокопа
1820,Деревянная кувалда
1821,Погнутый клинок
1822,Кедровая трость
1823,Неструганая деревянная рапира
1824,Сияющая секира
1825,Громоздкий ослоп
1826,Каменная кувалда
1827,Колун для разделки туш
1828,Каменная секира
1829,Короткая абордажная сабля
1830,Длинный полуторный меч
1831,Дубовый воинский посох
1832,Счастливые брюки
1835,Грязный кожаный пояс
1836,Грязные кожаные наручи
1839,Грубый кожаный пояс
1840,Грубые кожаные наручи
1843,Дубленый кожаный пояс
1844,Дубленые кожаные наручи
1845,Кольчужный пояс
1846,Кольчужные наручи
1849,Пояс из обработанной кожи
1850,Наручи из обработанной кожи
1852,Чешуйчатые наручи
1853,Чешуйчатый пояс
1875,Амулет Крапивца
1893,Месть горняка
1894,Карточка Союза шахтеров
1902,"Monster - Mace, Basic Wooden Hammer"
1911,"Monster - Tool, Wrench Small"
1913,Обитая гвоздями дубинка
1917,Изукрашенный кинжал
1922,Припасы для Свена
1923,Сумка посла
1925,Рапира Братства Справедливости
1926,Сгущенный сок
1927,Колун Мертвых копей
1928,Посох мага Братства Справедливости
1929,Шелкотканые брюки
1930,Плащ каменщика
1931,Коготь большого гнолла
1933,Посох колдовства
1934,Брюки Дробителя
1935,Клинок убийцы
1936,Гоблинская отвертка
1937,Свисторез
1938,Киянка из чурбана
1939,Бурдюк со сладким ромом
1941,"Бочонок \""Мерло\"""
1942,Бутылка самогона
1943,Гоблинские кольчужные поножи
1944,Перчатки для работы с металлом
1945,Перчатки для работы с деревом
1946,Зеркальце Мэри
1951,Черноводная абордажная сабля
1955,Плетеные сапоги Драконьей Пасти
1956,Выцветшая подвеска Темношкуров
1958,Окаменелая берцовая кость
1959,Кирка холодного железа
1962,Светящаяся подвеска Темношкуров
1965,Перчатки белого волка
1968,Монокль огров
1970,Восстанавливающий бальзам
1971,Документ Хмуроброва
1972,Документ Западного Края
1973,Сфера обмана
1974,Наручи Усилия Разума
1975,Старый большой меч Пайсана
1976,Шлакомолот
1978,Перчатки Волчьего когтя
1979,Стена мертвых
1980,Кольцо нижнего мира
1981,Кольчужный ледяной жакет
1982,Ночной клинок
1986,Кишкодер
1987,Целый горшок Кразека
1988,Рукавицы старшего бригадира
1990,Сбалансированная кувалда
1991,Гоблинская боевая лопата
1992,Фетиш Холодной Трясины
1993,Кольцо огра
1994,Эбеновый разрушитель
1996,Кольцо вуду
1997,Прессованное войлочное одеяние
1998,Направляющий посох Кровавого скальпа
2000,Принцип
2004,Записи Грелина Белоборода
2005,Первое предание троллей
2006,Второе предание троллей
2007,Третье предание троллей
2008,Четвертое предание троллей
2011,Крученая сабля
2013,Костемогильный посох
2014,Большой меч из черного металла
2015,Черная металлическая секира
2016,Пыльный плетеный доспех
2017,Светящиеся кожаные наручи
2018,Скелетный длинный меч
2020,Клинок Полого клыка
2024,Эспадон
2025,Зазубренный топор
2026,Скальный молот
2027,Ятаган
2028,Молот
2029,Колун
2030,Кривой посох
2032,Галланские манжеты
2033,Сапоги посла
2034,Одеяния ученого
2035,Меч Ночного Неба
2036,Пыльные шахтерские перчатки
2037,Сапоги проходчика
2039,Кольцо равнин
2040,Защитник тролля
2041,Мундир Западного Края
2042,Посох Западного Края
2043,Кольцо неприкаянных духов
2044,Полумесяц неприкаянных духов
2046,Кукри Синежабрых
2047,Одноручный топор Старой Наковальни
2048,Молот Старой Наковальни
2054,Одноручный топор трогга
2055,Небольшой деревянный молот
2057,Зазубренный короткий меч Братства Справедливости
2058,Кувалда Казона
2059,Плащ стражника
2064,Дубина троггов
2065,Клинок Каменной челюсти
2066,Секира-череп
2067,Посох обморожения
2069,Жилет из шкуры черного медведя
2070,Дарнасский блю
2072,Дворфийский магический посох
2073,Дворфийская секира
2074,Твердый клинок
2075,Тяжелая палица
2077,Магический посох
2078,Северный короткий меч
2079,Боевой молот сержанта
2080,Курганный топор
2081,"Monster - Torch, Offhand"
2082,Джутовый мешок Бацбаха
2084,Полуторный меч из темной стали
2085,Кусок мяса
2087,Прочный панцирь краба
2088,Длинная ножка краба
2089,Резной кинжал
2091,Волшебная пыль
2092,Иссеченный кинжал
2098,Двуствольный дробовик
2099,Дворфийская пищаль
2100,Пристрелянный огнестрел
2101,Легкий колчан
2102,Небольшой подсумок
2105,Рубашка головореза
2108,Кожаный жилет Снежной Гривы
2109,Плетеный нагрудник Снежной Гривы
2110,Светлое одеяние мага-кузнеца
2112,Жакет дровосека
2113,Записка Калора
2114,Снеговое одеяние
2117,Тонкие матерчатые ботинки
2119,Тонкие матерчатые перчатки
2120,Тонкие матерчатые штаны
2121,Тонкая стеганая куртка
2122,Потрескавшийся кожаный пояс
2123,Потрескавшиеся кожаные сапоги
2124,Потрескавшиеся кожаные наручи
2125,Потрескавшиеся кожаные перчатки
2126,Потрескавшиеся кожаные штаны
2127,Потрескавшийся кожаный жилет
2128,Поцарапанный клеймор
2129,Большой круглый щит
2130,Дубина
2131,Короткий меч
2132,Короткий посох
2133,Маленький щит
2134,Одноручный топор
2136,Сотворенная чистая вода
2137,Нож для выстругивания
2138,Заостренный нож для бумаг
2139,Кортик
2140,Нож-резак
2141,Квирбуллийский жилет
2142,Квирбуллийский пояс
2143,Квирбуллийские сапоги
2144,Квирбуллийские наручи
2145,Квирбуллийские перчатки
2146,Квирбуллийские штаны
2148,Полированный чешуйчатый пояс
2149,Полированные чешуйчатые сапоги
2150,Полированные чешуйчатые наручи
2151,Полированные чешуйчатые перчатки
2152,Полированные чешуйчатые поножи
2153,Полированная чешуя
2154,"\""Повесть о Моргане Ладиморе\"""
2156,Стеганые сапоги
2158,Стеганые перчатки
2159,Стеганые штаны
2160,Стеганые доспехи
2161,Книга с фермы Свена
2162,Кольцо Сары
2163,Теневой клинок
2164,Потрошитель
2165,Попона старой Савраски
2166,Поножи главаря
2167,Перчатки старшины
2168,Сапоги трупа
2169,Шип-клинок
2172,Крестьянский пояс
2173,Старый кожаный пояс
2175,Боевой топор Темношкуров
2184,Monster - Dagger Basic
2186,Пояс экипировщика
2187,Пачка писем
2188,Письмо Грелину Белобороду
2194,Алмазный молот
2195,Нож Старой Наковальни
2203,Секач сломанного когтя
2204,Штык Сломанного когтя
2205,Мраконосец
2207,Джамбия
2208,Короткий кинжал
2209,Крис
2210,Изношенный кулачный щит
2211,Большой гнутый щит
2212,Потрескавшийся кулачный щит
2213,Старый большой щит
2214,Деревянный кулачный щит
2215,Деревянный щит
2216,Простой кулачный щит
2217,Прямоугольный щит
2218,Кинжал ремесленника
2219,Маленький круглый щит
2220,Коробчатый щит
2221,Тарг
2222,Крепкий щит
2223,Расписание Вымогателя
2224,Кинжал ополчения
2225,Острый кухонный нож
2226,Посох огрского мага
2227,Тяжелая огрская секира
2230,Перчатки Брауна
2231,Инфернальное одеяние
2232,Сапоги Вестника Тьмы
2233,Поножи Тенеткача
2234,Броня Ночного Странника
2235,Сломанный коготь
2236,Черный клык
2237,Заплатанные штаны
2238,Штаны Сорванца
2239,Кольцо вымогателя
2240,Рваная накидка
2241,Накидка десперадо
2243,Рука Эдварда Странного
2244,Клинок Крола
2245,Шлем Нарва
2246,Перстень мирмидона
2249,Кулачный щит народного ополчения
2250,Темные пирожки с крабами
2251,Липкая паучья лапка
2252,Различные припасы гоблинов
2254,Обледенелый боевой молот
2256,Скелетная дубина
2257,Посох Снежной Гривы
2258,Короткий меч Снежной Гривы
2259,Дубина Снежной гривы
2260,Одноручный топор Снежной Гривы
2262,Перстень Керна
2263,Фитоклинок
2264,Оплечье воров
2265,Топор Камнедробов
2266,Кинжал Камнедробов
2267,Палица Камнедробов
2268,Клинок Камнедробов
2271,Посох Благословенного Провидца
2273,Партизанская броня
2274,Перчатки подрывника
2275,Испорченный капюшон часового
2276,Сапоги тиноброда
2277,Поножи некроманта
2278,Эполеты лесного следопыта
2280,Трость Кэма
2281,Кремниевый топор Родентии
2282,Короткий меч Родентии
2283,Крысиный матерчатый пояс
2284,Крысиный матерчатый плащ
2287,Окорок
2288,Сотворенная свежая вода
2289,Свиток силы II
2290,Свиток интеллекта II
2291,Канг Обезглавливатель
2292,Некрологические одеяния
2295,Большой клык вепря
2296,Рыло большого кровоклыка
2299,Горящая секира
2300,Тисненый кожаный жилет
2302,Рукодельные кожаные сапоги
2303,Рукодельные кожаные штаны
2304,Накладки из тонкой кожи
2305,испорченный легкий зимний плащ
2306,Испорченные легкие зимние сапоги
2307,Тонкие кожаные сапоги
2308,Тонкий кожаный плащ
2309,Тисненые кожаные сапоги
2310,Тисненый кожаный плащ
2311,Белый кожаный жакет
2312,Тонкие кожаные перчатки
2313,Накладки из жесткой кожи
2314,Укрепленный кожаный доспех
2315,Темные кожаные сапоги
2316,Темный кожаный плащ
2317,Темный кожаный мундир
2318,Тонкая кожа
2319,Жесткая кожа
2320,Грубая нить
2321,Тонкая нить
2324,Отбеливатель
2325,Черная краска
2326,Сплетенные из плюща наручи
2327,Прочные кожаные наручи
2361,Иссеченный в бою молот
2362,Старый деревянный щит
2364,Тканый жилет
2366,Тканые штаны
2367,Тканые сапоги
2369,Тканые перчатки
2370,Изношенная кожаная портупея
2371,Изношенный кожаный пояс
2372,Изношенные кожаные штаны
2373,Изношенные кожаные сапоги
2374,Изношенные кожаные наручи
2375,Изношенные кожаные перчатки
2376,Старый щит истопника
2377,Круглый кулачный щит
2378,Палец скелета
2379,Потускневший плетеный нагрудник
2380,Потускневший плетеный пояс
2381,Потускневшие плетеные поножи
2382,Сердце Бальзамировщика
2383,Потускневшие плетеные сапоги
2384,Потускневшие плетеные наручи
2385,Потускневшие плетеные перчатки
2386,Ржавый плетеный нагрудник
2387,Ржавый плетеный пояс
2388,Ржавые плетеные поножи
2389,Ржавые плетеные сапоги
2390,Ржавые плетеные наручи
2391,Ржавые плетеные перчатки
2392,Легкий кольчужный доспех
2393,Легкий кольчужный пояс
2394,Легкие кольчужные поножи
2395,Легкие кольчужные сапоги
2396,Легкие кольчужные наручи
2397,Легкие кольчужные перчатки
2398,Легкий плетеный доспех
2399,Легкий плетеный пояс
2400,Легкие плетеные поножи
2401,Легкие плетеные сапоги
2402,Легкие плетеные наручи
2403,Легкие плетеные перчатки
2406,Выкройка: тонкие кожаные сапоги
2407,Выкройка: белый кожаный жакет
2408,Выкройка: тонкие кожаные перчатки
2409,Выкройка: темный кожаный мундир
2411,Узда вороного жеребца
2414,Узда пегого коня
2417,Упрочненный плетеный нагрудник
2418,Упрочненные плетеные поножи
2419,Упрочненные плетеный пояс
2420,Упрочненные плетеные сапоги
2421,Упрочненные плетеные наручи
2422,Упрочненные плетеные перчатки
2423,Панцирный жилет
2424,Панцирный пояс
2425,Панцирные поножи
2426,Панцирные сапоги
2427,Панцирные наручи
2428,Панцирные перчатки
2429,Коричневатый жилет
2431,Коричневатые штаны
2432,Коричневатые сапоги
2434,Коричневатые перчатки
2435,Украшенная вышивкой броня
2437,Вышитые штаны
2438,Вышитые сапоги
2440,Вышитые перчатки
2441,Окольцованный кулачный щит
2442,Усиленный тарг
2443,Металлический кулачный щит
2444,Ржавый кулачный щит
2445,Большой металлический щит
2446,Каплевидный щит
2447,Мироцвет
2448,Тяжелый павез
2449,Земляной корень
2450,Остротерн
2451,Рыцарский щит истопника
2452,Скорополох
2453,Синячник
2454,Эликсир львиной силы
2455,Крохотный флакон с зельем маны
2456,Слабое зелье омоложения
2457,Слабый эликсир ловкости
2458,Слабый эликсир стойкости
2459,Зелье скорости
2460,Эликсир наречий NYI
2463,Украшенный дублет
2464,Украшенный пояс
2465,Украшенные штаны
2466,Фетиш Дробителей Черепов
2467,Украшенные сапоги
2468,Украшенные наручи
2469,Клепанные перчатки
2470,Усиленный кожаный жилет
2471,Усиленный кожаный пояс
2472,Усиленные кожаные штаны
2473,Усиленные кожаные сапоги
2474,Усиленные кожаные наручи
2475,Усиленные кожаные перчатки
2476,Охлажденный окорок василиска
2477,Череп опустошителя
2479,Широкий топор
2480,Большая дубина
2481,Меч батрака
2482,Низкосортный томагавк
2483,Грубый широкий топор
2484,Малый нож
2485,Расколотая доска
2486,Большая каменная палица
2487,Посох послушника
2488,Гладий
2489,Двуручный меч
2490,Томагавк
2491,Большой топор
2492,Деревянная рапира
2493,Деревянная киянка
2494,Стилет
2495,Трость
2496,Короткий разбойничий меч
2497,Ржавый клеймор
2498,Маленький томагавк
2499,Двулезвийный топор
2500,Легкий молот
2501,Деревянный боевой молот
2502,Затупленный кинжал
2503,Короткий посох адепта
2504,Иссеченный короткий лук
2505,Полированный короткий лук
2506,Изогнутый лук Рогатого леса
2507,Многослойный изогнутый лук
2508,Старинный мушкетон
2509,Изысканный мушкетон
2510,Крепкий мушкетон
2511,Охотничий огнестрел
2512,Грубая стрела
2515,Острая стрела
2516,Легкий патрон
2519,Тяжелый патрон
2520,Палаш
2521,Фламберг
2522,Топор полумесяца
2523,Булава
2524,Буздыхан
2525,Боевой молот
2526,Кинжал для левой руки
2527,Боевой посох
2528,Фальшион
2529,Цвайхандер
2530,Франциска
2531,Гигантский топор
2532,Утренняя звезда
2533,Боевая кувалда
2534,Рондел
2535,Посох бойца
2536,Каменный зуб трогга
2545,Гибкие плетеные поножи
2546,Королевский ремень Снежной Гривы
2547,Перчатки охотника на вепрей
2548,Жгучее пиво Ячменоваров
2549,Посох Призрака
2550,"Monster - Bow, Short"
2553,Рецепт: слабый эликсир ловкости
2555,Рецепт: зелье скорости
2560,Законченный дневник Трясунчика
2561,Голова Чок\'сула
2562,Букет алых бегоний
2563,Странно пахнущий порошок
2564,Когти эльфийского духа
2565,Жезл расплавленного огня
2566,Жертвенные одеяния
2567,Клинок Зовущего
2568,Коричневый льняной жилет
2569,Льняные сапоги
2570,Льняной плащ
2571,Плетеные сапоги
2572,Красное льняное одеяние
2575,Красная льняная рубашка
2576,Белая льняная рубашка
2577,Синяя льняная рубашка
2578,Варварский льняной жилет
2579,Зеленая льняная рубашка
2580,Усиленная льняная накидка
2581,Плотные льняные бинты
2582,Зеленый шерстяной жилет
2583,Шерстяные сапоги
2584,Шерстяная накидка
2585,Серое шерстяное одеяние
2586,Халат гейм-мастера
2587,Серая шерстяная рубашка
2588,Испорченная красная кожаная маска
2589,Льняной материал
2590,Паутина лесного паука
2591,Грязное одеяние трогга
2592,Шерсть
2593,Фляга портвейна
2594,Кружка медовухи
2595,Бочонок бурбона
2596,Мех дворфийского портера
2598,Выкройка: красное льняное одеяние
2599,Испорченная выкройка: лесные шелковые перчатки
2601,Выкройка: серое шерстяное одеяние
2604,Красная краска
2605,Зеленая краска
2606,Паучий яд
2607,Мо\'грошский кристалл
2608,Амбра жесткозуба
2609,Нейтрализующий коллоид
2610,Нейтрализующая смесь
2611,Необработанный кремень
2612,Равнинное одеяние
2613,Дважды прошитые одеяния
2614,Одеяние Ученичества
2615,Разноцветное одеяние
2616,Мерцающие шелковые одеяния
2617,Огненные одеяния
2618,Серебряные одеяния
2619,Донесение Грелина
2620,Капюшон авгура
2621,Клобук некромантии
2622,Племенной головной убор Нимара
2623,Священная диадема
2624,Мыслительная шапка
2625,Статуэтка Менетила
2628,Донесение Сенира
2629,"Ключ от сейфа на \""Отважном\"""
2632,Кривой кинжал
2633,Зелье из джунглей
2634,Экстракт ядовитого папоротника
2635,Разболтанный плетеный пояс
2636,Резной каменный идол
2637,Отчет о достижениях Железняка
2638,Испорченное одобрение порошка Железняка
2639,Письмо Меррин
2640,Инструменты шахтеров
2642,Разболтанные плетеные сапоги
2643,Разболтанные плетеные наручи
2644,Разболтанный плетеный плащ
2645,Разболтанные плетеные перчатки
2646,Разболтанные плетеные штаны
2648,Разболтанный плетеный нагрудник
2649,Тонкий плетеный пояс
2650,Тонкие плетеные сапоги
2651,Тонкие плетеные наручи
2652,Тонкий плетеный плащ
2653,Тонкие плетеные перчатки
2654,Тонкие плетеные штаны
2656,Тонкий плетеный нагрудник
2657,Красная кожаная сумка
2658,Фрагмент Адос
2659,Фрагмент Модр
2660,Фрагмент Голм
2661,Фрагмент Неру
2662,Колчан Риббли
2663,Нагрудный патронташ Риббли
2664,Вращающийся клык
2665,Травяные приправы Штормграда
2666,Бочонок Громового эля
2667,Вяленое мясо МакГранна
2668,Зуб жесткозуба
2671,Грива вендиго
2672,Жилистая волчатина
2673,Мясо койота
2674,Крабовое мясо
2675,Клешня краба
2676,Звездолист
2677,Ребра вепря
2678,Пряные травы
2679,Волчатина на углях
2680,Волчатина с пряностями
2681,Жареная кабанина
2682,Вареная клешня краба
2683,Пирожок с мясом краба
2684,Стейк из койота
2685,Сочные свиные ребрышки
2686,Громовой эль
2687,Сушеные свиные ребрышки
2690,Пояс с пряжкой
2691,Сапоги экипировщика
2692,Острые специи
2694,Поножи поселенца
2696,"Бочонок \""Вечного Сияния\"""
2697,Рецепт: пирожок из печени кровоклыка
2698,Рецепт: вареная клешня краба
2699,Рецепт: гуляш по-красногорски
2700,Рецепт: сочные свиные ребрышки
2701,Рецепт: приправленная котлета из волчатины
2702,Слиток светостали
2705,"Monster - Item, Tankard Metal"
2712,Ящик со слитками светостали
2713,Голова Старины Черношкура
2715,"Monster - Item, Lantern - Round"
2720,Грязная записка
2721,Святой капюшон
2722,Талон на вино
2723,"Бутылка \""Пино нуар\"""
2724,Заказ на ткани
2725,Зеленые холмы Тернистой долины: стр. 1
2728,Зеленые холмы Тернистой долины: стр. 4
2730,Зеленые холмы Тернистой долины: стр. 6
2732,Зеленые холмы Тернистой долины: стр. 8
2734,Зеленые холмы Тернистой долины: стр. 10
2735,Зеленые холмы Тернистой долины: стр. 11
2738,Зеленые холмы Тернистой долины: стр. 14
2740,Зеленые холмы Тернистой долины: стр. 16
2742,Зеленые холмы Тернистой долины: стр. 18
2744,Зеленые холмы Тернистой долины: стр. 20
2745,Зеленые холмы Тернистой долины: стр. 21
2748,Зеленые холмы Тернистой долины: стр. 24
2749,Зеленые холмы Тернистой долины: стр. 25
2750,Зеленые холмы Тернистой долины: стр. 26
2751,Зеленые холмы Тернистой долины: стр. 27
2754,Потускневший полуторный меч
2755,Зеленые холмы Тернистой долины
2756,Зеленые холмы Тернистой долины: глава I
2757,Зеленые холмы Тернистой долины: глава II
2758,Зеленые холмы Тернистой долины: глава III
2759,Зеленые холмы Тернистой долины: глава IV
2760,Набор для шитья Турмана
2763,Рыбацкий нож
2764,Небольшой кинжал
2765,Охотничий нож
2766,Стилет проворства
2770,Медная руда
2771,Оловянная руда
2772,Железная руда
2773,Треснувший короткий лук
2774,Покрытый ржавчиной мушкетон
2775,Серебряная руда
2776,Золотая руда
2777,Непрочный лук
2778,Дешевый мушкетон
2779,Слеза Тиллоа
2780,Легкий охотничий лук
2781,Грязный мушкетон
2782,Неудобный изогнутый лук
2783,Дешевый мушкетон
2784,Мускусный корень
2785,Испорченный изогнутый лук
2786,Смазанный мушкетон
2787,Кинжал Трогга
2788,"Портер \""Черный Коготь\"""
2794,Старинная историческая книга
2795,"Книга \""Как закалялось железо\"""
2797,Сердце Мокка
2798,Ретбанская руда
2799,Клык гориллы
2800,Черные бархатные одеяния
2801,Клинок Ханны
2802,Пылающая эмблема
2805,Плащ из меха йети
2806,Посылка для Грозовой Вершины
2807,Нож гильотины
2808,Огненный факел
2810,"Monster - Mace, Standard Serpent"
2815,Изогнутый мясницкий нож
2816,Скипетр вестника смерти
2817,Мундир из жесткой кожи
2818,Растянутые кожаные брюки
2819,Крестовидный кинжал
2820,Изящный секундомер
2821,Мо\'грошская колотушка
2822,Мо\'грошская зубочистка
2823,Мо\'грошская открывашка
2824,Ураган
2825,Лук Жгучих Стрел
2828,Останки Ниссы
2829,Останки Грегора
2830,Останки Тармена
2831,Останки Девлина
2832,Рецепт Верны: похлебка Западного Края
2833,Книга заклинаний лича
2834,Бальзамирующая лимфа
2835,Грубый камень
2836,Необработанный камень
2837,Письмо Тармена
2838,Тяжелый камень
2839,Письмо к Иветте
2840,Медный слиток
2841,Бронзовый слиток
2842,Серебряный слиток
2843,Грязные кости
2844,Медная палица
2845,Медный топор
2846,Тирисфальская тыква
2847,Медный короткий меч
2848,Бронзовая палица
2849,Бронзовый топор
2850,Бронзовый короткий меч
2851,Медный плетеный пояс
2852,Медные плетеные штаны
2853,Медные наручи
2854,Рунические медные наручи
2855,Гнилой коготь
2856,Железная пика
2857,Рунический медный пояс
2858,Кровь пса Тьмы
2859,Чешуя мурлока из племени Злобного Плавника
2862,Грубое точило
2863,Зернистое точило
2864,Руническая медная кираса
2865,Грубые бронзовые поножи
2866,Грубый бронзовый панцирь
2867,Грубые бронзовые наручи
2868,Украшенные узором бронзовые наручи
2869,Посеребренная бронзовая кираса
2870,Сияющая серебряная кираса
2871,Тяжелое точило
2872,Яд злобного ночного кругопряда
2874,Неотосланное письмо
2875,Перстень Алого ордена
2876,Шкурка сумеречницы
2877,Клеймор бойца
2878,Зазубренный боевой топор
2879,Жезл антиподов
2880,Слабый плавень
2881,Чертеж: руническая медная кираса
2882,Чертеж: посеребренные бронзовые наплечники
2883,Чертеж: смертоносный бронзовый короткий кинжал
2885,Бумаги Алого ордена
2886,Ребро скального вепря
2888,Кабаньи ребрышки в пиве
2889,Рецепт: кабаньи ребрышки в пиве
2891,Письмо городскому архитектору
2892,Смертельный яд
2893,Смертельный яд II
2894,Болтливое пиво
2898,Нагрудник горного пехотинца
2899,Ошейник вендиго
2900,Каменный кулачный щит
2901,Шахтерская кирка
2902,Плащ веры
2903,Охотничий лук Дерила
2904,Охотничья винтовка Дерила
2905,Плащ из козьего меха
2906,Кольчужные поножи Темнолесья
2907,Дворфийский двуручный древовал
2908,Клинок-шип
2909,Красная шерстяная бандана
2910,Золотые сапоги народного ополчения
2911,Ремень Келлера
2912,Коготь Тенеманта
2913,Шелковое оплечье Гамна
2915,Ледоруб Таруна
2916,Щит с золотым львом
2917,Кольцо спокойствия
2918,Испорченный капюшон Внутренней Силы
2924,Мясо кроколиска
2925,Шкура кроколиска
2926,Голова Базиля Тредда
2927,Ползучая мука
2928,Пыль тления
2930,Субстанция боли
2931,Девичьи страдания
2933,Печать Ринна
2934,Обрывки кожи
2939,Слеза кроколиска
2940,Окровавленная медвежья лапа
2941,Тюремная заточка
2942,Железный кастет
2943,Око Палета
2944,Проклятое око Палета
2946,Сломанный метательный кинжал
2947,Сломанный малый метательный нож
2949,Моряцкие сапоги
2950,Жезл-сосулька
2951,Кольцо побегов
2953,Плащ начальника караула
2954,Кюлоты Ночного Дозора
2955,Шляпа первого помощника
2956,Доклад об уничтожении Братства Справедливости
2957,Жилет подмастерья
2958,Штаны подмастерья
2959,Сапоги подмастерья
2960,Перчатки подмастерья
2961,Обгоревший кожаный жилет
2962,Обгоревшие кожаные брюки
2963,Обгоревшие кожаные сапоги
2964,Обгоревшие кожаные перчатки
2965,Воинский мундир
2966,Воинские штаны
2967,Воинские сапоги
2968,Воинские перчатки
2969,Жилет чароплета
2970,Штаны чароплета
2971,Сапоги чароплета
2972,Перчатки чароплета
2973,Охотничий мундир
2974,Охотничьи штаны
2975,Охотничьи сапоги
2976,Охотничьи перчатки
2977,Броня ветерана
2978,Поножи ветерана
2979,Сапоги ветерана
2980,Перчатки ветерана
2981,Одеяние Провидца
2982,Штаны провидца
2983,Сапоги Провидца
2984,Перчатки Провидца
2985,Расписанная кожаная кираса
2986,Покрытые письменами кожаные штаны
2987,Покрытые письменами кожаные сапоги
2988,Покрытые письменами кожаные перчатки
2989,Вороненый мундир
2990,Вороненые поножи
2991,Вороненые сапоги
2992,Вороненые перчатки
2995,Испорченный вороненый капюшон
2996,Рулон льняной ткани
2997,Рулон шерсти
2998,Простой компас
2999,Инструменты Сталежара
3000,Панцирь матери драконов
3008,Плащ из меха вендиго
3010,Мелкий песок
3011,Оперенный головной убор
3012,Свиток ловкости
3013,Свиток защиты
3014,Иссеченный в бою топор
3016,Книга заклинаний Гюнтера
3017,Приказы Севрена
3018,Шкура Волкуса
3019,Благородное одеяние
3020,Шапка терпения
3021,Лук следопыта
3022,Брюки Синежабрых
3023,Крупнокалиберный мушкетон
3024,"BKP 2700 \""Головорез\"""
3025,"BKP 42 \""Ультра\"""
3026,Усиленный лук
3027,Тяжелый изогнутый лук
3030,Стрела-бритва
3031,Испорченная стрела-бритва
3033,Твердый патрон
3035,Отравленная тыква
3036,Тяжелый короткий лук
3037,Изогнутый лук Стонущего леса
3039,Короткий ясеневый лук
3040,Охотничья фузея
3041,"Мушкетон \""Глаз мага\"""
3042,"BKP \""Воробей\"" малого калибра"
3045,Отблескивающие чешуйчатые сапоги
3046,Испорченная корона Сверкающей чешуи
3047,Отблескивающие чешуйчатые перчатки
3048,Отблескивающие чешуйчатые набедренники
3049,Отблескивающая чешуйчатая кираса
3052,Испорченный зимний кольчужный капюшон
3053,Нагрудник Гумберта
3055,Лесной кожаный нагрудник
3056,Лесные кожаные штаны
3057,Лесные кожаные сапоги
3058,Лесные кожаные перчатки
3062,Испорченные перчатки Лесной чащи
3063,Испорченный шлем Лесной чащи
3065,Яркие сапоги
3066,Яркие перчатки
3067,Яркие штаны
3069,Яркое одеяние
3070,Плащ прапорщика
3071,Ударная секира
3072,Истлевшее одеяние
3073,Истлевшие штаны
3074,Истлевшие перчатки
3075,Глаз Пламени
3076,Истлевшие сапоги
3078,Нагский сердцекол
3079,Винтовка Скорна
3080,Манящая свеча
3081,Самоцвет Пустоты
3082,Череп Даргола
3083,Зубец рестабилизации
3084,Гиромеханическая шестерня
3085,"Бочка \""Мерцающего портера\"""
3086,"Бочонок \""Мерцающего портера\"""
3087,"Кружка \""Мерцающего портера\"""
3103,Молот Холодной долины
3107,Сломанный остро отточенный метательный нож
3108,Сломанный тяжелый метательный кинжал
3110,Ухо туннельщика
3111,Сломанный грубый метательный топорик
3117,Записи Хилдельва
3122,Кодекс Слова Света: Щит III
3131,Сломанный утяжеленный метательный топорик
3135,Сломанный острый метательный топорик
3137,Сломанный смертельный метательный топорик
3151,Дружинный осадный жилет
3152,Перчатки водителя
3153,Заляпанный маслом плащ
3154,Телсамарский топор
3155,"\""Зелье Аругала\"""
3156,Наруч обжоры Лунной Ярости
3157,Наруч чернозлоба Лунной Ярости
3158,Обгоревшие наручи из шкуры
3160,Железный кулачный щит
3161,Одеяние хранителя
3162,Зазубренное ребро
3163,Почерневший череп
3164,Обесцвеченное сердце ворга
3165,Зелье Квинна
3166,Кольчуга железного сердца
3167,Густая паучья шерсть
3168,Треснутая чешуя
3169,Надколотый медвежий зуб
3170,Большой медвежий зуб
3171,Сломанный клык вепря
3172,Кишки вепря
3173,Медвежатина
3174,Паучья лимфа
3175,Испорченная драконья шкура
3176,Маленький коготь
3177,Крошечный клык
3179,Треснутая сброшенная кожа дракона
3180,Пятнистая чешуя ящера
3181,Полупереваренное мясо
3182,Паутина
3183,Грязный коготь
3184,Кинжал-крюк
3185,Акробатский посох
3186,Викингский меч
3187,Жертвенный крис
3188,Коралловый клеймор
3189,Дровокол
3190,Колотушка
3191,Изогнутая секира
3192,Короткий полуторный меч
3193,Дубовая киянка
3194,Черная Злоба
3195,Варварский боевой топор
3196,Наточенный полуторный меч
3197,Разрубающий камни клеймор
3198,Побитый боевой молот
3199,Грозный Убийца
3200,Обгоревшие кожаные наручи
3201,Варварская секира
3202,Лесные кожаные наручи
3203,Массивная треугольная палица
3204,Наручи Лесной чащи
3205,Покрытые письменами кожаные наручи
3206,Кавалерийский двуручник
3207,Охотничьи наручи
3208,Перебойный молот
3209,Древний боевой меч
3210,Грубая секира
3211,Вороненые наручи
3212,Отблескивающие чешуйчатые наручи
3213,Наручи ветерана
3214,Воинские наручи
3216,Теплое зимнее одеяние
3217,Пояс старшины
3218,Кандалы из деревни Погребальных Костров
3220,Кровяная колбаса
3222,Гибельный кинжал
3223,Скипетр Снежной Гривы
3224,Отделанные серебром наручи
3225,Запятнанный кровью нож
3228,Взломанные кандалы
3229,Шелковый кушак тарантула
3230,Наручи черного волка
3231,Наплечье бандита
3233,Мешок из шкуры гнолла
3234,Кольцо Делии
3235,Кольцо презрения
3236,Лимфа Гнилошкуров
3237,Образец лимфы
3238,Находки Юхана
3239,Грубое грузило
3240,Зернистое грузило
3241,Тяжелое грузило
3245,"OLDMonster - Hands, Plate Silver"
3248,Переведенное письмо Бальзамировщика
3250,Свиток Бетора
3251,Зелье Бетора
3252,Донесение стражей смерти
3253,Сердце медведя
3254,Летящая кровь
3255,Записи Берарда
3256,Мох озерного тихоступа
3257,Мох озерного ползуна
3258,Твердая опухоль
3260,Одеяния посвященного из Алого ордена
3261,Покрытый паутиной плащ
3262,Гнилой деревянный молот
3263,Затканные паутиной штаны
3264,Крыло сумеречницы
3265,Лапа падальщика
3266,Алые поручи
3267,Короткий меч Отрекшихся
3268,Кинжал Отрекшихся
3269,Кувалда Отрекшихся
3270,Волоконный жилет
3272,Поножи из кожи зомби
3273,Рваная кольчужная рубаха
3274,Волоконные сапоги
3275,Волоконные перчатки
3276,Кулачный щит стража смерти
3277,Посох исполнителя
3279,Боевые плетеные сапоги
3280,Боевые плетеные наручи
3281,Боевые плетеные перчатки
3282,Боевые плетеные штаны
3283,Боевой плетеный мундир
3284,Племенные сапоги
3285,Племенные наручи
3286,Племенные перчатки
3287,Племенные штаны
3288,Племенной жилет
3289,Сапоги предков
3290,Перчатки предков
3291,Короткие штаны предков
3292,Мундир предков
3293,Мертвецкий колун
3294,Мертвецкая дубина
3295,Мертвецкий клинок
3296,Мертвецкий кинжал
3297,Мох Скверны
3299,Треснувший клык
3300,Кроличья лапка
3301,Острый клык
3302,Сапоги недвижной воды
3303,Наручи недвижной воды
3304,Рукавицы недвижной воды
3305,Поножи недвижной воды
3306,Жилет недвижной воды
3307,Варварские матерчатые сапоги
3308,Варварские матерчатые перчатки
3309,Варварская набедренная повязка
3310,Варварский матерчатый жилет
3311,Церемониальные кожаные обмотки
3312,Парадные кожаные наручи
3313,Парадная кожаная портупея
3314,Парадные кожаные перчатки
3315,Парадная кожаная набедренная повязка
3316,Голова Аларика
3317,Говорящая голова
3318,Останки Аларика
3319,Короткая сабля
3320,Кушак скелета-заклинателя
3321,Серые меховые ботиночки
3322,Тончайший плащ
3323,Призрачные наручи
3324,Призрачное оплечье
3325,Боевой топор Злобного Плавника
3327,Посох оракула племени Злобного Плавника
3328,Паутинное одеяние
3329,Доска с гвоздем
3330,Хауберк Даргола
3331,Накидка Мелраша
3332,Сапоги Перрина
3334,Лопата фермера
3335,Метла фермера
3336,Пронзатель плоти
3337,Боевое знамя клана Драконьей Пасти
3339,Дворфийский трут
3340,Огневитовая руда
3341,Рукавицы силы огра
3342,Рубашка капитана Сандерса
3343,Мешок для добычи капитана Сандерса
3344,Кушак капитана Сандерса
3345,Шелковая шляпа волшебника
3347,Стопка кроколисковых шкур
3348,Шкура гигантского кроколиска
3349,Сумка Сиды
3352,Покрытая грязью сумка
3353,Исписанная рунами подвеска
3354,Подвеска Даларана
3355,Дикий сталецвет
3356,Королевская кровь
3357,Корень жизни
3358,Кадгаров ус
3360,Бедро Стежка
3363,Изношенный пояс
3365,Изношенные наручи
3368,"Monster - Item, Harpoon"
3369,Могильный мох
3370,Лоскутный пояс
3371,Пустая колба
3372,Освинцованная колба
3373,Лоскутные наручи
3374,Ситцевый пояс
3375,Ситцевые наручи
3376,Холщовый пояс
3377,Холщовые наручи
3378,Парчовый пояс
3379,Парчовые наручи
3380,Вышитый крестом пояс
3381,Вышитые крестом наручи
3382,Слабое зелье тролльей крови
3383,Эликсир мудрости
3384,Слабое зелье защиты от магии
3385,Маленький флакон с зельем маны
3386,Эликсир излечения
3387,Слабое зелье неуязвимости
3388,Крепкое зелье тролльей крови
3389,Эликсир защиты
3390,Малый эликсир ловкости
3391,Эликсир силы огра
3392,Окольцованный шлем
3393,Рецепт: слабое зелье защиты от магии
3394,Рецепт: эликсир излечения
3395,Рецепт: слабое зелье неуязвимости
3396,Рецепт: малый эликсир ловкости
3397,Шкура молодого кроколиска
3399,Коготь стервятника
3400,Длинный меч Люцина
3401,Грубая чешуя кроколиска
3402,Мягкий кусочек меха
3403,Белый клык вепря
3404,Крыло канюка
3405,Талисман Когтя Ворона
3406,Черное перо
3407,Небесный сапфир
3408,Руна размещения
3409,Клык ночного саблезуба
3411,Перо островной совы
3412,Паутина чащобного тенетника
3413,Роковая пика
3414,Крестовидный скипетр
3415,Братский посох
3416,Кольчуга мученика
3417,Ониксовый клеймор
3418,Шишка Скверны
3419,Красная роза
3420,Черная роза
3421,Скромные полевые цветы
3422,Прелестные полевые цветы
3423,Букет белых роз
3424,Букет темных роз
3425,Сплетенный жезл
3426,Крепкая желтая рубашка
3427,Стильная черная рубашка
3428,Обычная серая рубашка
3429,Пояс гвардейца
3430,Снайперская винтовка
3431,Укрепленный костью кожаный доспех
3434,Сонный порошок
3435,Наручи из кожи зомби
3437,Пояс с застежками
3439,Сапоги из кожи зомби
3440,Костолом
3442,Кушак ученика
3443,Парадный томагавк
3444,Жилет Румпеля
3445,Парадный нож
3446,Посох из темной древесины
3447,Сапоги могильного вора
3448,Корень сенджины
3449,Мистическая шаль
3450,Щит Фаэрлеи
3451,Зелье света в ночи
3452,Кенарийский жезл
3453,Стеганые наручи
3454,Сапоги разведки
3455,Короткий меч стража смерти
3456,Собачий свисток
3457,Истоптанные брюки
3458,Рваные кольчужные перчатки
3460,Особый напиток Юхана
3461,Парадное одеяние судьи
3462,Удар когтя
3463,Сломанная серебряная звезда
3464,Оперенная стрела
3465,Разрывной патрон
3466,Сильный плавень
3468,Находки Ренферрела
3469,Медные плетеные сапоги
3470,Грубый шлифовальный камень
3471,Медный плетеный нагрудник
3472,Рунические медные рукавицы
3473,Рунические медные штаны
3474,Украшенные медные рукавицы
3475,Плащ-пламя
3476,Язык серого медведя
3477,Лимфа паука-охотника
3478,Зернистый шлифовальный камень
3480,Грубые бронзовые наплечники
3481,Посеребренные бронзовые наплечники
3482,Посеребренные бронзовые сапоги
3483,Посеребренные бронзовые рукавицы
3484,Зеленые железные сапоги
3485,Зеленые железные рукавицы
3486,Тяжелый шлифовальный камень
3487,Тяжелый медный палаш
3488,Медный боевой топор
3489,Утолщенная секира
3490,Смертоносный бронзовый короткий кинжал
3491,Тяжелая бронзовая палица
3492,Тяжелый железный молот
3493,Погибель ящеров
3495,Эликсир страдания
3496,Кровь горного льва
3497,Эликсир боли
3498,Ожерелье Тареты
3502,Гриб Грязного Рыла
3505,Альтеракский перстень-печатка
3506,Смесь из грибов Грязного Рыла
3508,Микстура из грибов Грязного Рыла
3509,Чешуя наги Пронзающего Гребня
3510,Глаз мурлока из клана Рваный Плавник
3511,Плащ народного ополчения
3513,Испорченный контракт мирового судьи
3514,Череп Мор\'Ладима
3515,Посох Атэрика
3516,Голова Лесковара
3517,"Бочонок \""Землекопского портера\"""
3518,Расшифрованное письмо
3520,Испорченный бочонок
3521,Хитро зашифрованное письмо
3530,Шерстяные бинты
3531,Плотные шерстяные бинты
3536,Повязка охотника на демонов
3550,Голова Тарга
3551,Голова Навозера
3552,Голова Гломмуса
3553,Голова Муг\'тола
3554,Корона воли
3555,Одеяние Соломона
3556,Волшебная шляпа ужаса
3558,Одеяние хранителя топи
3559,Рукавицы Ночного Дозора
3560,Оплечье чести
3561,Эластичное пончо
3562,Пояс оправдания
3563,Кюлоты Моряка
3564,Партия железа
3565,Измызганные пивом перчатки
3566,Броня погибели ящеров
3567,Дворфийская удочка
3569,Одеяние Викария
3570,Пест-костолом
3571,Киянка Трогга
3572,Короткий меч Дерила
3573,Охотничий колчан
3574,Охотничья сумка для боеприпасов
3575,Железный слиток
3576,Оловянный слиток
3577,Золотой слиток
3578,Штаны жнеца
3581,Зубчатый нож
3582,Плащ защиты от кислоты
3583,Видавший виды пояс
3584,Испорченная голова Перенольда
3585,Маскировочный мундир
3586,Бревнокол
3587,Вышитый пояс
3588,Вышитые наручи
3589,Тяжелотканый пояс
3590,Тяжелотканые наручи
3591,Стеганый пояс
3592,Стеганые наручи
3593,Коричневатый пояс
3594,Коричневатые наручи
3595,Потрепанный матерчатый пояс
3596,Потрепанные матерчатые наручи
3597,Утолщенный матерчатый пояс
3598,Утолщенные матерчатые наручи
3599,Тонкий матерчатый пояс
3600,Тонкие матерчатые наручи
3601,Послание Синдиката
3602,Вязаный пояс
3603,Вязаные наручи
3604,Нагрудный патронташ Ночного Дозора
3605,Колчан Ночного Дозора
3606,Тканый пояс
3607,Тканые наручи
3608,Чертеж: тяжелый железный молот
3609,Чертеж: медный плетеный нагрудник
3610,Чертеж: украшенные медные рукавицы
3611,Чертеж: зеленые железные сапоги
3612,Чертеж: зеленые железные рукавицы
3613,Руки Валдреда
3614,Лапа Изувоя
3615,Голова Курцена
3616,Око разума
3617,Подвеска Тени
3618,Голова Жруна
3619,Табакерка Снеллига
3621,Голова Ивара
3622,Сущность Плети ночи
3623,Голова Тула
3625,Голова Некроша
3626,Голова барона Вардуса
3627,Клык Вагаша
3628,Рука Декстрена Варда
3629,Фамильное кольцо Мистмантла
3630,Голова Таргорра
3631,Клык кабана Грубобрюха
3632,Лапа Фангора
3633,Голова Гат\'Илзогга
3634,Голова Мрачнона
3635,Лапа Червеглаза
3636,Чешуя Старого Мрачноглаза
3637,Голова ван Клифа
3638,Коготь Зарлозуба
3639,Ухо Балгараса
3640,Голова Гневливого
3641,Наручи подмастерья
3642,Наручи предков
3643,Наручи чароплета
3644,Варварские матерчатые наручи
3645,Манжеты Провидца
3647,Яркие наручи
3648,Воинский кулачный щит
3649,Племенной кулачный щит
3650,Боевой щит
3651,Щит ветерана
3652,Охотничий кулачный щит
3653,Парадный кулачный щит
3654,Щит недвижной воды
3655,Вороненый щит
3656,Отблескивающий чешуйчатый щит
3657,Регистрационная книга Хилсбрада
3658,Найденный фолиант
3659,Потертая кожаная книга
3660,Фолианты Альтерака
3661,Посох ручной работы
3662,Стейк из кроколиска
3663,Суп из плавников мурлока
3664,Суп из кроколиска
3665,Невероятно вкусный омлет
3666,Пирожок из паучатины
3667,Нежное мясо кроколиска
3668,Контракт убийцы
3669,Студенистая масса
3670,Большая склизкая кость
3671,Безжизненный череп
3672,Голова Нагаза
3673,Сломанная стрела
3674,Развалившийся сапог
3676,Склизкая лимфа
3678,Рецепт: стейк из кроколиска
3679,Рецепт: кровяная колбаса
3680,Рецепт: суп из плавников мурлока
3681,Рецепт: суп из кроколиска
3682,Рецепт: невероятно вкусный омлет
3683,Рецепт: пирожок из паучатины
3684,Тиара Перенольда
3685,Яйцо ящера
3686,Испорченный джкаплан ТЕСТ
3688,Овальный кровавый камень
3689,Шаровидный кровавый камень
3690,Осколок кровавого камня
3691,Клинообразный кровавый камень
3692,Человеческий череп из Хилсбрада
3693,Меч Гумберта
3701,Запечатанное рекомендательное письмо Дарталии
3702,Медвежий желчный пузырь
3703,Южнобережский портер
3706,Заколдованный пергамент
3707,Пергамент Нагаза
3708,Жезл Гелькулара
3710,Гелькуларов жезл
3711,Научные записи Беламур
3712,Черепашье мясо
3713,Ароматные специи
3714,Истертый каменный талисман
3715,Браслеты Земли
3716,Голова мурлока
3717,Мешок с головами мурлоков
3718,Зловещие планы
3719,Плащ жителя холмов
3720,Мех йети
3721,Донесение Фаррена
3722,Шкура фамилияра
3723,Клык фамилиара
3724,Коготь фамилияра
3725,Рог фамилияра
3726,Большой медвежий стейк
3727,Острая отбивная из мяса льва
3728,Сочный стейк из мяса льва
3729,Нежный черепаховый суп
3730,Мясо большого медведя
3731,Мясо льва
3732,Простой клобук
3733,Орочья боевая кольчуга
3734,Рецепт: большой медвежий стейк
3735,Рецепт: острая отбивная из мяса льва
3736,Рецепт: сочный стейк из мяса льва
3737,Рецепт: нежный черепаховый суп
3738,Жезл пивовара
3739,Кольцо черепа
3740,Обезглавливающий меч
3741,Походные сапоги
3742,Разбойничья тетива
3743,Кулачный щит караульного
3744,Подвеска с кровавым камнем
3745,Руна открытия
3747,Кушак медитации
3748,Кошачье оплечье
3749,Плащ старшего аптекаря
3750,Рифленая кираса
3751,Поножи наемника
3752,Жилет рубаки
3753,Ремень пастыря
3754,Перчатки пастыря
3755,Рыбный резак
3758,Пояс рыцаря
3759,Перчатки мудреца-отшельника
3760,Кольцо Подгорода
3761,Щит Мертвого черепа
3763,Лунный кулачный щит
3764,Сапоги богомола
3765,Наплечье грабителя
3766,Перо грифона
3767,Тонкий пергамент
3769,Сломанный жезл
3770,Баранья котлета
3771,Рулька дикой свиньи
3772,Сотворенная ключевая вода
3774,"Monster - Dynamite, Unlit"
3775,Калечащий яд
3776,Калечащий яд II
3777,Корень долгого сна
3778,Тугой композитный лук
3779,Здоровенная секира
3780,Длинноствольный мушкет
3781,Широкий клеймор
3782,Большая боевая дубина
3783,Легкий ятаган
3784,Металлический посох
3785,Остро отточенный топор
3786,Блестящий кортик
3787,Каменная дубина
3792,Пояс со шнуровкой
3793,Сапоги со шнуровкой
3794,Наручи со шнуровкой
3795,Плащ со шнуровкой
3796,Перчатки со шнуровкой
3797,Штаны со шнуровкой
3798,Наплечные пластины со шнуровкой
3799,Жилет со шнуровкой
3800,Загрубевший кожаный пояс
3801,Загрубевшие кожаные сапоги
3802,Загрубевшие кожаные наручи
3803,Закаленный плащ
3804,Загрубевшие кожаные перчатки
3805,Загрубевшие кожаные штаны
3806,Загрубевшие кожаные наплечные пластины
3807,Загрубевший кожаный мундир
3808,Двойной кольчужный пояс
3809,Двойные кольчужные сапоги
3810,Двойные кольчужные наручи
3811,Дважды прошитый плащ
3812,Двойные кольчужные перчатки
3813,Двойные кольчужные штаны
3814,Двойные кольчужные наплечные пластины
3815,Двойная кольчужная рубаха
3816,Отражающая пластина
3817,Усиленный кулачный щит
3818,Бледнолист
3819,Морозник
3820,Удавник
3821,Златошип
3822,Рунический Черный клинок
3823,Зелье простой невидимости
3824,Масло Тьмы
3825,Эликсир стойкости
3826,Большой эликсир тролльей крови
3827,Зелье маны
3828,Эликсир обнаружения простой невидимости
3829,Масло льда
3830,Рецепт: эликсир стойкости
3831,Рецепт: большой эликсир тролльей крови
3832,Рецепт: эликсир обнаружения простой невидимости
3833,Плащ адепта
3834,Прочные матерчатые брюки
3835,Зеленые железные наручи
3836,Зеленый железный шлем
3837,Золотой чешуйчатый капюшон
3838,Коготь тенебрюхой пантеры
3839,Безупречный тигриный клык
3840,Зеленые железные наплечники
3841,Золотые чешуйчатые наплечники
3842,Зеленые железные поножи
3843,Золотые чешуйчатые поножи
3844,Зеленый железный хауберк
3845,Золотой чешуйчатый панцирь
3846,Полированные стальные сапоги
3847,Золотые чешуйчатые сапоги
3848,Большой бронзовый нож
3849,Закаленный железный короткий меч
3850,Нефритовый змеиный клинок
3851,Прочная железная кувалда
3852,Позолоченный железный разрушитель
3853,Палаш лунной стали
3854,Клинок ледяного тигра
3855,Массивный железный топор
3856,Серповидная секира тени
3857,Уголь
3858,Мифриловая руда
3859,Стальной слиток
3860,Мифриловый слиток
3862,Сухожилие старой гориллы
3863,Перо тропического ловца
3864,Цитрин
3866,Чертеж: нефритовый змеиный клинок
3867,Чертеж: позолоченный железный разрушитель
3868,Чертеж: клинок ледяного тигра
3869,Чертеж: серповидная секира тени
3870,Чертеж: зеленые железные наплечники
3871,Чертеж: золотые чешуйчатые наплечники
3872,Чертеж: золотые чешуйчатые поножи
3873,Чертеж: золотой чешуйчатый панцирь
3874,Чертеж: полированные стальные сапоги
3875,Чертеж: золотые чешуйчатые сапоги
3876,Клык Баг\'тиры
3877,Коготь Тетис
3879,Лапа Син\'Далл
3880,Голова Бангалаша
3882,Перо канюка
3884,Испорченная шапка из обработанной кожи
3889,Коричневатая шляпа
3890,Украшенная шляпа
3891,Упрочненный плетеный шлем
3892,Вышитая шляпа
3893,Усиленный кожаный шлем
3894,Панцирный шлем
3895,ТЕСТ Легендарный
3897,Глаз Диззи
3898,Библиотечный свиток
3899,"\""Легенды Гурубаши\"", том 3"
3900,"Портвейн \""Пупелливербос\"""
3901,Клык тролля из племени Кровавого Скальпа
3902,Посох Благородных
3904,Голова Ган\'зулаха
3905,Голова Неззилока
3906,Трофей из Балиа\'ма
3907,Трофей из Зиата\'джаи
3908,Трофей из Зул\'Мамве
3909,Поврежденный доспех Анатека
3910,Понюшка табака
3911,Пульсирующий синий осколок
3912,Самоцвет Души
3913,Наполненный самоцвет Души
3914,Заплечный мешок подмастерья
3915,Ожерелье Кровавых костей
3916,Ожерелье расколотых костей
3917,Синий поющий кристалл
3918,Осколок поющего кристалла
3919,Потроха гориллы Мглистой долины
3920,Карты пиратов Кровавого Паруса
3921,Приказы пиратов Кровавого Паруса
3922,Плата Трусишки
3923,Браслеты элементаля воды
3924,Деревянная нога Моури
3925,Золотая подзорная труба Джон-Джона
3926,Огромное кольцо Чаки
3927,Кусок старого чеддера
3928,Большой флакон с лечебным зельем
3931,Отравленный паучий клык
3932,Сундук Смоттса
3934,Испорченный клинок тюремщика
3935,Абордажная сабля Смоттса
3936,Вязаный крючком пояс
3937,Вязаные крючком сапоги
3938,Вязаные крючком наручи
3939,Вязаный крючком плащ
3940,Вязаные крючком перчатки
3941,Вязаные крючком штаны
3942,Вязаные крючком наплечные пластины
3943,Вязаный крючком жилет
3944,Саржевый пояс
3945,Саржевые сапоги
3946,Саржевые наручи
3947,Саржевый плащ
3948,Саржевые перчатки
3949,Саржевые штаны
3950,Саржевые наплечные пластины
3951,Саржевый жилет
3952,Сетчатый пояс
3953,Сетчатые сапоги
3954,Сетчатые наручи
3955,Сетчатый плащ
3956,Сетчатые перчатки
3957,Сетчатые штаны
3958,Сетчатое оплечье
3959,Сетчатая броня
3960,Сумка с браслетами элементалей воды
3961,Утолщенный кожаный пояс
3962,Утолщенные кожаные сапоги
3963,Утолщенные кожаные наручи
3964,Утолщенный плащ
3965,Утолщенные кожаные перчатки
3966,Утолщенные кожаные штаны
3967,Утолщенные кожаные наплечные пластины
3968,Утолщенный кожаный мундир
3969,Гладкий кожаный пояс
3970,Гладкие кожаные сапоги
3971,Гладкие кожаные наручи
3972,Гладкий плащ
3973,Гладкие кожаные перчатки
3974,Гладкие кожаные штаны
3975,Гладкие кожаные наплечные пластины
3976,Гладкий кожаный доспех
3977,Ременный пояс
3978,Ременные сапоги
3979,Ременные наручи
3980,Ременный плащ
3981,Ременные перчатки
3982,Ременные штаны
3983,Ременные наплечные пластины
3984,Ременная броня
3985,Кушак с монограммой
3986,Защитный павез
3987,Отражающий башенный щит
3988,Латный башенный щит
3989,Преграждающий тарг
3990,Гербовый кулачный щит
3991,Латный кулачный щит
3992,Пояс из многослойной чешуи
3993,Сапоги из многослойной чешуи
3994,Наручи из многослойной чешуи
3995,Плащ из многослойной чешуи
3996,Перчатки из многослойной чешуи
3997,Штаны из многослойной чешуи
3998,Наплечные пластины из многослойной чешуи
3999,Многослойная чешуя
4000,Переплетенный кольчужный пояс
4001,Переплетенные кольчужные сапоги
4002,Переплетенные кольчужные наручи
4003,Переплетенный кольчужный плащ
4004,Переплетенные кольчужные перчатки
4005,Переплетенные кольчужные штаны
4006,Переплетенные кольчужные наплечные пластины
4007,Переплетенный кольчужный доспех
4008,Безупречный плетеный пояс
4009,Безупречные плетеные сапоги
4010,Безупречные плетеные наручи
4011,Безупречный плетеный плащ
4012,Безупречные плетеные перчатки
4013,Безупречные плетеные штаны
4014,Безупречные плетеные наплечные пластины
4015,Безупречный плетеный доспех
4016,Смесь Занзила
4017,Острый короткий меч
4018,Заточенный клеймор
4019,Тяжелый кремниевый топор
4020,Раскалывающий боевой топор
4021,Оглушающая палица
4022,Сокрушающая кувалда
4023,Тонкий заточенный кинжал
4024,Тяжелый воинский посох
4025,Сбалансированный длинный лук
4026,Мушкет часового
4027,Кинжал Кателины
4028,Вязанка акириса
4029,Стебли акириса
4034,Камень приливов
4035,Сребротканое одеяние
4036,Сребротканые манжеты
4037,Сребротканые штаны
4038,Одеяние ночного неба
4039,Клобук ночного неба
4040,Перчатки ночного неба
4041,Клобук утренней зари
4042,Перчатки утренней зари
4043,Наручи утренней зари
4044,Штаны утренней зари
4045,Туманные наручи
4046,Туманные штаны
4047,Туманные сапоги
4048,Украшенная гербом шляпа
4049,Украшенные гербом наручи
4050,Украшенные гербом поножи
4051,Украшенные гербом сапоги
4052,Орденская шапка
4053,Большая шкура речного кроколиска
4054,Орденские поножи
4055,Орденские сапоги
4056,Загадка Кортелло
4057,Нагрудный доспех с эмблемой
4058,Украшенная символами кираса
4059,Украшенные символами наручи
4060,Украшенные символами поножи
4061,Императорские наручи
4062,Императорские кожаные штаны
4063,Императорские кожаные перчатки
4064,Украшенный гербом кулачный щит
4065,Щит Битвы
4066,Орденский кулачный щит
4067,Украшенный символами кулачный щит
4068,Щит старшего бригадира
4069,Кулачный щит Черной Кузни
4070,Рыцарский щит бретера
4071,Мерцающая кольчужная кираса
4072,Мерцающие кольчужные рукавицы
4073,Мерцающие кольчужные наголенники
4074,Боевая кольчуга
4075,Кольчужные боевые рукавицы
4076,Кольчужные боевые сапоги
4077,Кольчужный боевой обруч
4078,Капюшон старшего бригадира
4079,Поножи старшего бригадира
4080,Клобук Черной Кузни
4082,Кираса Черной Кузни
4083,Рукавицы Черной Кузни
4084,Поножи Черной Кузни
4085,Разбитый горшок Кразека
4086,Световая винтовка
4087,Лук верного прицела
4088,Клинок ужаса
4089,Рикошетный мушкетон
4090,Кубок боли
4091,Вдоводел
4092,Радужная чешуя василиска
4093,Большой хвост василиска
4094,Обломок таблички
4096,Жесткая шерсть гориллы
4097,Надколотый зуб гориллы
4098,Аккуратно свернутая записка
4099,Пучок шерсти гориллы
4100,Мятая записка
4101,Рваная записка
4102,Порванная записка
4103,Ключ от кандалов
4104,Шкура кроколиска-хрустогрыза
4105,Шкура старого кроколиска
4106,Упавший кристалл
4107,Перчатки охотника на тигров
4108,Поножи охотника на пантер
4109,"Сапоги класса \""люкс\"""
4110,Лук предводителя охотников
4111,Винтовка опытного охотника
4112,Колье верховного шамана
4113,Покрывало лекаря
4114,Накидка темного прилива
4115,Кулачный щит Гром\'гола
4116,Севар Ольманна
4117,Обжигающий кушак
4118,Носовое кольцо Пубы
4119,Мундир охотника на ящеров
4120,Одеяние Прозрачных вод
4121,Украшенные перчатки
4122,Букмекерский скипетр
4123,Наплечье Ледяного металла
4124,Шапка гармонии
4125,Застывшая сфера
4126,Партизанский колун
4127,Шрапнельный самострел
4128,Серебряный заступ
4129,Коллекционный щит
4130,Компас Смоттса
4131,Пояс порчи
4132,Защитные наручи Черного Копья
4133,Манжеты Черного Копья
4134,Таинственный посох Нимбойи
4135,Кольцо из окровавленной кости
4136,Сапоги Черного Копья
4137,Ботинки Черного Копья
4138,Черноводский мундир
4139,Сандалии джунглепроходца
4140,Оплечье пальмового листа
4191,Неиспользованные оперенные поножи
4196,Оперенная мантия
4197,Берилловое оплечье
4200,Гримуар Жертвенного огня III
4213,Гримуар Погибели
4231,Обработанная легкая шкура
4232,Средняя шкура
4233,Обработанная средняя шкура
4234,Толстая кожа
4235,Тяжелая шкура
4236,Обработанная тяжелая шкура
4237,Рукодельный кожаный пояс
4238,Льняная сумка
4239,Тисненые кожаные перчатки
4240,Шерстяная сумка
4241,Зеленая шерстяная сумка
4242,Тисненые кожаные штаны
4243,Тонкий кожаный мундир
4244,Кожаный жилет жителя холмов
4245,Маленькая шелковая сума
4246,Тонкий кожаный пояс
4247,Кожаные перчатки жителя холмов
4248,Темные кожаные перчатки
4249,Темный кожаный пояс
4250,Пояс жителя холмов
4251,Наплечники жителя холмов
4252,Темные кожаные наплечники
4253,Укрепленные кожаные перчатки
4254,Варварские перчатки
4255,Зеленый кожаный доспех
4256,Защитная броня стража
4257,Зеленый кожаный пояс
4258,Пояс стража
4259,Зеленые кожаные наручи
4260,Кожаные наручи стража
4261,Соллиденские брюки
4262,Украшенный самоцветами кожаный пояс
4263,Стандартный щит
4264,Варварский пояс
4265,Накладки из толстой кожи
4278,Бедная кровавая руда
4289,Соль
4290,Пыльный котел
4291,Шелковая нить
4292,Выкройка: зеленая шерстяная сумка
4293,Выкройка: кожаный жилет жителя холмов
4294,Выкройка: пояс жителя холмов
4296,Выкройка: темные кожаные наплечники
4297,Выкройка: варварские перчатки
4298,Выкройка: пояс стража
4299,Выкройка: защитная броня стража
4300,Выкройка: кожаные наручи стража
4301,Выкройка: варварский пояс
4302,Небольшой зеленый кинжал
4303,Черепной толкатель
4304,Плотная кожа
4305,Рулон шелка
4306,Шелковый материал
4307,Тяжелые льняные перчатки
4308,Зеленые льняные наручи
4309,Рукодельные льняные брюки
4310,Тяжелые шерстяные перчатки
4311,Тяжелый шерстяной плащ
4312,Льняные сапоги с мягкой подошвой
4313,Красные шерстяные сапоги
4314,Шерстяные наплечники с двойным швом
4315,Усиленные шерстяные наплечники
4316,Тяжелые шерстяные штаны
4317,Штаны Феникса
4318,Перчатки медитации
4319,Лазурные шелковые перчатки
4320,Сапоги из паучьего шелка
4321,Туфли из паутины
4322,Клобук волшебника
4323,Теневой капюшон
4324,Лазурный шелковый жилет
4325,Сапоги заклинателя
4326,Длинный шелковый плащ
4327,Ледяной плащ
4328,Паучий пояс
4329,Звездный пояс
4330,Стильная красная рубашка
4331,Перчатки Феникса
4332,Ярко-желтая рубашка
4333,Темная шелковая рубашка
4334,Церемониальная белая рубашка
4335,Роскошная лиловая шелковая рубашка
4336,Черная рубашка сорвиголовы
4337,Плотная паутина
4338,Магическая ткань
4339,Рулон магической ткани
4340,Серая краска
4341,Желтая краска
4342,Лиловая краска
4343,Коричневые льняные штаны
4344,Коричневая льняная рубашка
4345,Выкройка: красные шерстяные сапоги
4346,Выкройка: тяжелый шерстяной плащ
4347,Выкройка: усиленные шерстяные наплечники
4348,Выкройка: перчатки Феникса
4349,Выкройка: штаны Феникса
4350,Выкройка: туфли из паутины
4351,Выкройка: теневой капюшон
4352,Выкройка: сапоги заклинателя
4353,Выкройка: паучий пояс
4354,Выкройка: роскошная лиловая шелковая рубашка
4355,Выкройка: ледяной плащ
4356,Выкройка: звездный пояс
4357,Грубое взрывчатое вещество
4358,Грубый динамит
4359,Горсть медных винтов
4360,Грубая медная бомба
4361,Медная труба
4362,Грубый огнестрел
4363,Медный регулятор
4364,Низкосортное взрывчатое вещество
4365,Низкосортный динамит
4366,Манекен-мишень
4367,Малый сефориевый заряд
4368,Очки летающего тигра
4369,Смертоносный мушкетон
4370,Большая медная бомба
4371,Бронзовая трубка
4372,Любовно выделанный огнестрел
4373,Теневые очки
4374,Небольшая бронзовая бомба
4375,Трещащий бронзовый механизм
4376,Отражатель пламени
4377,Тяжелое взрывчатое вещество
4378,Тяжелый динамит
4379,Посеребренный дробовик
4380,Большая бронзовая бомба
4381,Малый атомарный перенаправлятор
4382,Бронзовый каркас
4383,Лунная винтовка
4384,Взрывоопасная овца
4385,Зеленые тонированные очки
4386,Ледяной отражатель
4387,Железная балка
4388,Антиперенаправляющий луч
4389,Гирохронатом
4390,Железная граната
4391,Сборный компактный уборочный голем
4392,Усовершенствованный манекен-мишень
4393,Монокль ремесленника
4394,Большая железная бомба
4395,Гоблинская наземная мина
4396,Механический дракончик
4397,Маскировочный механизм гномов
4398,Большой сефориевый заряд
4399,Деревянный приклад
4400,Прочный приклад
4401,Коробка с механической белкой
4402,Малая пламенная железа
4403,Переносной бронзовый миномет
4404,Серебряный контакт
4405,Кустарный прицел
4406,Обычный прицел
4407,Точный прицел
4408,Схема: коробка с механической белкой
4409,Схема: малый сефориевый заряд
4410,Схема: теневые очки
4411,Схема: отражатель пламени
4412,Схема: лунная винтовка
4413,Схема: антиперенаправляющий луч
4414,Схема: переносной бронзовый миномет
4415,Схема: монокль ремесленника
4416,Схема: гоблинская наземная мина
4417,Схема: большой сефориевый заряд
4419,Свиток интеллекта III
4421,Свиток защиты III
4422,Свиток выносливости III
4424,Свиток духа III
4425,Свиток ловкости III
4426,Свиток силы III
4428,Паучья лапка
4429,Приказы Кама Гневливого
4430,Астральный талисман
4432,Письмо Салли Баллу
4433,Промокший конверт
4434,Брюки пугала
4435,Частица Мизраэль
4436,Инкрустированный самоцветами кушак
4437,Посох чаротворца
4438,Наручи борца
4439,Дубина хулигана
4440,Печать Строма
4441,Самогон Маккрила
4443,Лютое наплечье
4444,Черный кирасный щит
4445,Резатель плоти
4446,Клинок Черного яда
4447,Плащ Ночи
4448,Кираса Нараксиса
4449,Клык Нараксиса
4450,Фрагмент печати
4453,Печать Торадина
4454,Ноготь Сарыча
4455,Портупея из шкуры ящера
4456,Пояс из шкуры ящера
4457,Жареное крыло канюка
4458,Печать Аратора
4459,Хрупкая драконья кость
4460,Рваная перепонка крыла
4461,Шкура ящера
4462,Плащ гнили
4463,Бисерный ошейник ящера
4464,Усиленные сапоги
4465,Рукавицы Сквернстрома
4466,Печать Троллебоя
4467,Печать Игнеуса
4468,Убранный в ножны Трол\'калар
4469,Жезл Порядка
4470,Простая древесина
4471,Кремень и трут
4472,Свиток Мизраэль
4473,Оковы таинственности
4474,Лук Вороньего леса
4476,Одеяние зверохода
4477,Кулачный щит Нечестивца
4478,Радужные чешуйчатые поножи
4479,Пылающий оберег
4480,Громовой оберег
4481,Оберег Гребня
4482,Запечатанная папка
4483,Огненный ключ
4484,Резной ключ
4485,Громовой ключ
4487,"Карты \""Девичьей Блажи\"""
4488,"Карты \""Духа Серебряного бора\"""
4489,"Судовой журнал \""Девичьей Блажи\"""
4490,"Судовой журнал \""Духа Серебряного бора\"""
4491,Очки Ловца сокровищ
4492,Эльфийский самоцвет
4493,Эльфийские самоцветы
4494,Запечатанное письмо Морского Рога
4495,Амулет из кровавого камня
4496,Маленький коричневый мешочек
4497,Тяжелая коричневая сумка
4498,Коричневая кожаная сумка
4499,Большой коричневый мешок
4500,Рюкзак путника
4502,Образец эльфийского самоцвета
4503,Клык тролля из племени Сухокожих
4504,Плащ дворфийского стражника
4505,Трясинные брюки
4506,Знак Стромгарда
4507,Щит воина арены
4508,Обагренная кровью броня
4509,Перчатки морского волка
4510,Оскверненная сфера из кровавого камня
4511,Боевой молот Черной Воды
4512,Глаз ящера нагорья
4513,Сердце ящера
4514,Прошение Сары Балу
4515,Голова Марез
4516,Голова Отто
4517,Голова лорда Соколиного Шлема
4518,Рваный фрагмент свитка
4519,Мятый фрагмент свитка
4520,Обожженный фрагмент свитка
4521,Альтеракский гранит
4522,Лекарская сумка племени Сухокожих
4524,Памятник Баллу
4525,Заклинательный жезл Трелана
4526,Амулет из когтя ящера
4527,Лазурный агат
4528,Сфера Тор\'гана
4529,Зачарованный агат
4530,Талисман Трелана
4531,Сфера Трелана
4532,Угольный агат Трелана
4533,Запечатанное письмо верховному магу Малину
4534,Наручи со стальными застежками
4535,Кольцо королевского обелиска
4536,Спелое красное яблоко
4537,Тел\'абимские бананы
4538,Дикий арбуз
4539,Золотистое яблоко
4540,Черствая краюха хлеба
4541,Свежевыпеченный хлеб
4542,Подмокший кукурузный хлеб
4543,Шапка из кожи белого дракона
4544,Мулгорский хлеб с пряностями
4545,Светозарные серебряные наручи
4546,Призыв Ящера
4547,Гномский шокер
4548,Сервомеханический кузнечный молот
4549,Кольцо Морского Огня
4550,Кольцо ледяной воды
4551,Голова Ор\'Калара
4552,Гладкий осколок камня
4553,Зазубренный обломок камня
4554,Блестящий отполированный камень
4555,Толстый чешуйчатый хвост
4556,Фрагмент крапчатой раковины
4557,Огненная железа
4558,Пустая бочка
4560,Тонкий ятаган
4561,Скальпирующий томагавк
4562,Сверхострый топор
4563,Дубина вышибалы
4564,Шипастая дубина
4565,Простой кинжал
4566,Прочный окованный посох
4567,Меч наемного воина
4568,Топор рубаки
4569,Верный молот
4570,Кувалда Березовой рощи
4571,Нож воина
4575,Лечебный посох
4576,Легкий лук
4577,Компактный дробовик
4580,Клык саблезуба
4581,Клочок мягкого меха
4582,Мягкий пушистый хвост
4583,Густая пушистая грива
4584,Большая лапа-трофей
4585,Мокрое паучье жвало
4586,Гладкая шкура ящера
4587,Племенные перья ящера
4588,Нетронутый череп ящера
4589,Длинное элегантное перо
4590,Кривой желтый клюв
4591,Орлиный глаз
4592,Острозубый илистый луциан
4593,Ощетиненная зубатка
4594,Каменношкурая треска
4595,Экзотическое вино
4596,Флакон с бесцветным лечебным зельем
4597,Рецепт: флакон с бесцветным лечебным зельем
4598,Гоблинская удочка
4599,Кусок ветчины
4600,Вишневый грог
4601,Свежий банановый хлеб
4602,Полуночная тыква
4603,Сырой пятнистый желтохвост
4604,Шляпка лесного гриба
4605,Гриб с красной шляпкой
4606,Губчатые сморчки
4607,Вкуснейший пещерный гриб
4608,Свежий черный трюфель
4609,Рецепт: жареное крыло канюка
4610,Резная каменная урна
4611,Синяя жемчужина
4612,Сердце черного дракона
4613,Заржавевший черный ящик
4614,Подвеска Мизраэль
4615,Наручники Чернохлыста
4616,Счастливая кирка Ржанца
4621,Наруч посла Инферния
4622,Запечатанная записка советнику Белграму
4623,Простое зелье каменного щита
4624,Рецепт: простое зелье каменного щита
4625,Огнецвет
4626,Маленький осколок камня
4627,Большой кусок камня
4628,Браслеты Камня
4629,Ящик с припасами
4630,Металлолом
4631,Табличка Рьюн\'эха
4632,Изысканный бронзовый сейф
4633,Тяжелый бронзовый сейф
4634,Железный сейф
4635,Амулет Тяжелоступа
4636,Прочный железный сейф
4637,Стальной сейф
4638,Укрепленный стальной сейф
4639,Зачарованные морские водоросли
4640,Знак земли
4641,Рука Дагуна
4643,Накидка неумолимой стали
4644,Сердце Наследия
4645,Цепи Гематуса
4646,Звезда Ксиль\'и
4647,Книга Йагина
4648,Печать Молота
4649,Записка Костохвата
4650,Записка Белдугура
4652,Щит Салбака
4653,Подкованные сапоги
4654,Таинственная окаменелость
4655,Мясо гигантского моллюска
4656,Маленькая тыква
4658,Воинский плащ
4659,Воинский ремень
4660,Прогулочные сапоги
4661,Яркое оплечье
4662,Плащ подмастерья
4663,Пояс подмастерья
4665,Обгоревший плащ
4666,Обгоревший кожаный пояс
4668,Боевой плетеный плащ
4669,Боевой плетеный ремень
4671,Плащ предков
4672,Пояс предков
4674,Племенной плащ
4675,Племенной пояс
4676,Скелетные рукавицы
4677,Плащ ветерана
4678,Ремень ветерана
4680,Плащ недвижной воды
4681,Ремень недвижной воды
4683,Плащ чароплета
4684,Пояс чароплета
4686,Варварский матерчатый плащ
4687,Варварский матерчатый пояс
4688,Испорченный охотничий наплеч
4689,Охотничий плащ
4690,Охотничий пояс
4692,Парадный плащ
4693,Парадный кожаный пояс
4694,Вороненое наплечье
4695,Вороненый плащ
4696,Лапидийская пинта Пьющего Прибой
4697,Вороненый ремень
4698,Оплечье Провидца
4699,Пояс Провидца
4700,Покрытый письменами кожаный наплеч
4701,Покрытый письменами плащ
4702,Кирка геолога
4703,Сломанные инструменты
4704,СТАРАЯ церемониальная дубина
4705,Отблескивающее чешуйчатое наплечье
4706,Отблескивающий чешуйчатый плащ
4707,Отблескивающий чешуйчатый ремень
4708,Яркий пояс
4709,Лесное кожаное оплечье
4710,Лесной плащ
4711,Мерцающий плащ
4712,Мерцающий кольчужный ремень
4713,Сребротканый плащ
4714,Сребротканый кушак
4715,Украшенный гербом плащ
4716,Плащ Битвы
4717,Кольчужный боевой пояс
4718,Оплечье ночного неба
4719,Плащ ночного неба
4720,Кушак ночного неба
4721,Орденское оплечье
4722,Орденский плащ
4723,Штаны Гумберта
4724,Шлем Гумберта
4725,Наплечье старшего бригадира
4726,Плащ старшего бригадира
4727,Ремень старшего бригадира
4729,Оплечье утренней зари
4731,Украшенные символами эполеты
4732,Украшенный символами плащ
4733,Наплечье Черной Кузни
4734,Туманное оплечье
4735,Туманный плащ
4736,Туманный кушак
4737,Императорский кожаный наплеч
4738,Императорский кожаный пояс
4739,Мясо долгонога
4740,Перо долгонога
4741,Кавалерийские поножи Стромгарда
4742,Шкура горной пумы
4743,Пульсирующий кристаллический осколок
4744,Чародейские рунические наручи
4745,Наручи всадника войны
4746,Одеяние вестника рока
4749,Вода из колодца Буйногривых
4751,Коготь гарпии из клана Неистовства Ветра
4752,Лазурное перо
4753,Бронзовое перо
4755,Кувшин воды
4757,Треснутая яичная скорлупа
4758,Лапа волка прерий
4759,Коготь долгонога
4761,Испорченные жемчужные плетеные штаны
4763,Изогнутый лук Чернолесья
4765,Украшенный эмалью палаш
4766,Дикий клинок
4767,Перчатки из медной сетки
4768,Перчатки адепта
4769,Трофейное перо перепелятника
4770,Пояс племени Дыбогривов
4771,Плащ урожая
4772,Теплый плащ
4773,Испорченные благословенные наручи
4774,Испорченые тяжелые наручи
4775,Треснувший клюв
4776,Растрепанное перо
4777,Кувалда железного дерева
4778,Тяжелая шипастая палица
4779,Тупой зуб кодо
4780,Фрагмент рога кодо
4781,Шуршащий жилет
4782,Одеяние Солнцестояния
4783,Тотем Ястребиного Ветра
4784,Безжизненный камень
4785,Серный пояс
4786,Пояс мудреца
4787,Пылающая смола
4788,Сапоги подвижности
4789,Конюшенные сапоги
4790,Инфернальный плащ
4791,Заколдованная вода
4792,Духовный плащ
4793,Сильванский плащ
4794,Волчьи наручи
4795,Медвежьи наручи
4796,Совиные наручи
4797,Огненный плащ
4798,Тяжелый исписанный рунами плащ
4799,Старомодный плащ
4800,Добротные плетеные штаны
4801,Когти охотника прерий
4802,Когти пумы
4803,Зуб могучего волка прерий
4804,Сердце волка прерий
4805,Бедренная кость пумы плоскогорья
4806,Чешуя долгонога
4807,Потроха перепелятника
4808,Камень у источника
4809,Янтарное семя
4810,Валунное оплечье
4813,Маленький кожаный ошейник
4814,Обесцветившийся клык
4816,Поножи легионера
4817,Благословенный клеймор
4818,Меч палача
4819,Планшет Шумовика
4820,Кулачный щит стража
4821,Медвежий кулачный щит
4822,Диск Совы
4823,Вода Провидцев
4824,Мутный топор
4825,Огрубевший топор
4826,Топор мародера
4827,Пояс волшебника
4828,Пояс Ночного Ветра
4829,Пояс Дремлющего
4830,Сабельные поножи
4831,Крадущиеся штаны
4832,Мистический саронг
4833,Славные наплечники
4834,Бумаги Торговой Компании
4835,Элитные наплечники
4836,Огнеупорная сфера
4837,Сила воли
4838,Сфера могущества
4840,Длинный штык
4841,Рог Арра\'чеи
4843,Аметистовый рунический камень
4844,Опаловый рунический камень
4845,Алмазный рунический камень
4846,Зубец #5
4847,Оковы стихий Лотвила
4848,Рыло боевого вепря
4849,Бок боевого вепря
4850,План нападения племени Дыбогривов
4851,Карта с пятнами грязи
4852,Световая бомба
4854,Поцарапанный демоном плащ
4858,Неиспользованный матерчатый наплечник А02 черный
4859,Медальон Пылающего Клинка
4860,Блестящая чешуя бешенки
4861,Гладкий оперенный мундир
4862,Хвост рабочего скорпида
4863,Инструменты гномов
4864,Череп Миншины
4865,Испорченный мех
4866,Голова Залазана
4867,Сломанная нога скорпида
4868,Испорченное опаленное сердце
4869,Коготь Пшикса
4870,Лоскуты холста
4871,Обжигающий ошейник
4872,Сушеный глаз скорпида
4873,Твердый ракушечник
4874,Очищенные рыбьи косточки
4875,Склизкая кость
4876,Окровавленный кожаный сапог
4877,Каменный наконечник стрелы
4878,Сломанный окровавленный лук
4879,Расплющенная тушка кролика
4880,Сломанное копье
4881,Старый конверт
4883,Приказы адмирала Праудмура
4886,Ядовитая железа ядохвоста
4887,Невредимый глаз макрура
4888,Слизь краба
4890,Яйцо кнутохвоста
4891,Амулет Крона
4892,Мех дуротарского тигра
4893,Клык равнинного льва
4894,Почка долгонога
4895,Рог рокочущей ящерицы
4896,Печень кодо
4897,Слюнная железа Грозового змея
4898,Грозовая железа
4903,Око Пылающей Тени
4904,Сыворотка от яда ядохвоста
4905,Уродливый коготь Саркота
4906,Сапоги бродящего под дождем
4907,Мундир лесничего
4908,Наручи кочевника
4909,Поножи охотника на кодо
4910,Окрашенные плетеные перчатки
4911,Утолщенный лубяной кулачный щит
4912,Тестовый жезл ДжЧау
4913,Окрашенный плетеный пояс
4914,Потрепавшиеся в бою кожаные перчатки
4915,Мягкие шерстяные сапоги
4916,Мягкий шерстяной жилет
4917,Потрепавшиеся в бою плетеные поножи
4918,Мешок припасов
4919,Мягкий шерстяной пояс
4920,Потрепавшаяся в бою накидка
4921,Запыленные поножи
4922,Плетеный нагрудник с заусенцами
4923,Простая секира
4924,Простая дубина
4925,Простой клинок
4926,Пустой бочонок Чена
4928,Накулачники Песчаного бегуна
4929,Легкий доспех Скорпида
4931,Короткий лук из гикори
4932,Крылорез гарпии
4933,Плащ опытного бойца
4935,Широкий металлический ремень
4936,Загрязненные сапоги
4937,Штурмовой кулачный щит
4938,Запятнанный деревянный посох
4939,Неизменный полуторный меч
4940,Маскировочные захваты
4941,Суперклей
4942,Сапоги из тигриной шкуры
4944,Сшитый вручную плащ
4945,Тускло блестящий череп
4946,Легкие сапоги
4947,Зазубренный кинжал
4948,Жалящая палица
4949,Орочий колун
4951,Пояс Визгуна
4952,Буйный портер
4953,Троггский эль
4954,Пояс кочевника
4957,Старый кошелек
4958,Выцветший плащ
4960,Мелкая пулька
4961,Посох сновидца
4962,Двухслойные перчатки
4963,Плащ Громового рога
4964,Гоблинский сокрушитель
4965,Одноручный топор Кровавого Копыта
4967,Племенной щит воина
4968,Неотчуждаемая портупея
4969,Укрепленные наручники
4970,Грубо сшитые поножи из шкуры кодо
4971,Молот Скорна
4972,Скалолазные сапоги
4973,Накулачники охотника прерий
4974,Компактный боевой нож
4975,Кулачный щит Бдительности
4976,Килт туманной дымки
4977,Меч Павшего Молота
4978,Молот Ржанца
4979,Зачарованные наручи из каменной ткани
4980,Перчатки геолога
4982,Драный пояс геолога
4983,Распылитель камня
4984,Череп надвигающегося рока
4986,Треснувший камень силы
4987,Меч дворфийского капитана
4989,Одеяние мага-дракона
4990,Опаленные поручи
4992,Письмо о найме
4995,Подписанное письмо о найме
4998,Кровавое кольцо
4999,Воля Азоры
5000,Коралловое кольцо
5001,Кольцо сердца
5002,Светящийся зеленый талисман
5003,Хрустальный медальон Звездного огня
5006,Записи Хазгорма
5007,Кольцо шипов
5009,Кольцо подчинения разума
5010,Покрытое письменами золотое кольцо
5011,Кольцо небосвода
5012,Споры грибов
5016,Брюки мастерового
5017,Нитроглицерин
5018,Древесная сердцевина
5019,Натриевая селитра
5020,Колкарский трофейный ключ
5021,Взрывающаяся шашка Ганна
5022,Голова Барака
5023,Голова Верога
5024,Морозный фиал
5025,Голова Хэзрула
5026,Огненная смола
5027,Топленые споры
5028,Скипетр Лорда Сакрасиса
5029,Талисман Наги-Повелителя
5030,Наручи кентавра
5038,Слеза Лун
5040,Нож темного охотника
5042,Оберточная бумага с красной лентой
5043,Подарок в красной упаковке
5044,Подарок в голубой упаковке
5048,Оберточная бумага с голубыми лентами
5050,Ключ зажигания
5051,Пещерная крыса
5052,Бесчувственная пещерная крыса
5054,Самофланж
5055,Невредимый рог ящера
5056,Образец корня
5057,Спелый арбуз
5058,Яйцо силитида
5059,Вспарывающий коготь
5060,Отмычки
5061,Украденное серебро
5062,Голова ящера
5063,Клык Кринига Грознорыла
5064,Коготь гарпии из стаи Зачарованного Крыла
5065,Кольцо лейтенанта гарпий
5066,Ущельник
5067,Голова Серены
5068,Мертвые семена
5069,Огненный жезл
5071,Жезл тени
5072,Череп Лока
5073,Череп Нака
5074,Череп Каза
5075,Кровавые осколки
5076,Партия сапог
5077,Линза от телескопа
5078,Медаль Терамора
5079,Глаз ледяного василиска
5080,Гроссбух Газлоу
5081,Сумка из шкуры кодо
5082,Тонкая кожа кодо
5083,Выкройка: сумка из шкуры кодо
5084,Голова Барона Дольноберега
5085,Клык свинобраза из племени Дыбогривов
5086,Копыта жевры
5087,Клюв долгонога
5088,Руководство пользователя панели управления
5089,Ключ от терминала
5092,Обгоревший жезл Иглогривых
5093,Стилет Иглогривых
5094,Боевой щит Иглогривых
5095,Радужный тунец
5096,Когти хищника саванны
5097,"Изумруд \""Кошачий Глаз\"""
5098,Измененный панцирь хрустогрыза
5099,Копыто Лакота\'мани
5100,Шкура Ичияки
5101,Клык Ишамухала
5102,Хвостовой зубец Оватанки
5103,Перо Ваште Пауни
5104,Сердце Иши Авака
5107,Рубашка матроса
5108,Кожаная броня Черного Железа
5109,Лохмотья Камнедробов
5110,Одеяние даларанского волшебника
5111,Накидка Раториана
5112,Ритуальный клинок
5113,Знак Синдиката
5114,Отрубленный коготь
5115,Сломанная косточка
5116,Длинное хвостовое перо
5117,Радужное перо
5118,Большой плоский зуб
5119,Тонкие выпавшие волосы
5120,Длинный хвостовой волос
5121,Грязная чешуя кодо
5122,Густая шерсть кодо
5123,Стальной наконечник стрелы
5124,Маленький зуб ящера
5125,Заряженная чешуя
5128,Сброшенная кожа ящерицы
5133,Мокрые потроха
5134,Маленькая мохнатая лапка
5135,Тонкий черный коготь
5136,Рваное лохматое ухо
5137,Блестящий глаз
5138,Голова жнеца
5140,Воспламеняющийся порошок
5143,Кровь рокочущей ящерицы
5164,Крылья Грозового змея
5165,Солнечное перо
5166,Ядовитая железа чащобного тенетника
5167,Яйцо чащобного тенетника
5168,Саженец древесника
5169,Побег древесника
5170,Мшистая опухоль
5173,Смерть-трава
5175,Тотем земли
5176,Тотем огня
5177,Тотем воды
5178,Тотем воздуха
5179,Поросшее мхом сердце
5180,Ожерелье гармонии
5181,Шелковая накидка
5182,Трепещущий клинок
5183,Пульсирующее сердце гидры
5184,Наполненный хрустальный фиал
5185,Хрустальный фиал
5186,Частично наполненный сосуд
5187,Жнец недругов
5188,Наполненный сосуд
5189,Светящийся фрукт
5190,Мерцающий росток
5191,Жестокая колючка
5192,Клинок вора
5193,Накидка братства
5194,Топор десятника
5195,Перчатки в золотую крапинку
5196,Разрушитель мистера Каюка
5197,Скалка Пирожка
5198,Мешалка повара
5199,Штаны плавильщика
5200,Пронзающий гарпун
5201,Углекаменный посох
5202,Верхняя рубашка корсара
5203,Коготь хищника плоскогорья
5204,Пояс Кровавых перьев
5205,Росток папоротника
5206,Корень болотыша
5207,Матовый жезл
5208,Тлеющий жезл
5209,Мрачный жезл
5210,Горящий жезл
5211,Жезл сумерек
5212,Пылающий жезл
5213,Обжигающий жезл
5214,Жезл закатной поры
5215,Жезл тлеющих углей
5216,Мрачный жезл
5217,Запятнанное сердце
5218,Сердце очищенного древесника
5219,Исписанная кора
5220,Клык Кривой Сосны
5221,Голова Меленаса
5232,Камень души
5233,Камень Релу
5234,Окаменелость Бутылопуза
5235,Жезл алхимика
5236,Возгораемый жезл
5237,Дурманящий яд
5238,Жезл из смоленого дерева
5239,Чернокостяной жезл
5240,Жезл факельного света
5241,Дворфийская спичка
5242,Пепельный жезл
5243,Огнеплюй
5244,Освященный жезл
5245,Жезл призывателя
5246,Карьерный жезл
5247,Жезл скорби
5248,Световой жезл
5249,Горящая щепка
5250,Обгоревший жезл
5251,Фиал виденья
5252,Жезл разложения
5253,Гоблинский поджигатель
5254,Рваный наплеч
5255,Томагавк свинобраза
5256,Погремушка Коворка
5257,Накидка с темным капюшоном
5259,Горящие стрелы
5263,Ниточки из кармана
5266,Око Адегуса
5267,Алый крис
5268,Треснутая скорлупа силитида
5269,Лимфа силитида
5270,Мертвянка
5271,Ножка струпника
5272,Безумные каракули
5273,Реликвия Матистры
5274,Оплечье Розы
5275,Опоясывающий ремень
5279,Живодер гарпии
5283,"Monster - Dagger, Ornate Spikey Base"
5299,Перчатки луны
5302,Кобальтовый кулачный щит
5306,Посох укротителя ветрокрылов
5309,Мушкет капера
5310,Брюки морского волка
5311,Сапоги с пряжками
5312,Клепаные рукавицы
5313,Тотемное кольцо
5314,Накидка охотника на вепрей
5315,Лесные боевые наручи
5316,Лубяной мундир
5317,Мундир сухого мха
5318,Топор Зовура
5319,Сокрушительное наплечье
5320,Стеганые ламеллярные сапоги
5321,Элегантный короткий меч
5322,Молот уничтожения
5323,Светильник вечного света
5324,Молот инженера
5325,Сварной щит
5326,Вспыхивающая дубинка
5327,Замасленные штаны ремонтника
5328,Пояс с застежкой
5329,Статуэтка кошки
5332,Светящаяся статуэтка кошки
5334,Портвейн 99-летней выдержки
5335,Мешочек с монетами
5336,Серьга грелля
5337,Дорожные перчатки
5338,Древняя печать из лунного камня
5339,Змеецвет
5340,Мешалка для котла
5341,Спороносный мундир
5342,Пунш Ящера
5343,Плащ кабатчика
5344,Заточенный топор
5345,Молот Каменного леса
5346,Орочий боевой лук
5347,Губительный жезл
5348,Истрепанный пергамент
5349,Сотворенный кекс
5350,Сотворенная вода
5351,Кольцо охотника за головами
5352,"Книга \""Подземные Силы\"""
5353,Сообщение для Элиссы Звездный Ветер
5354,Письмо Делгрену
5355,Ремень повелителя зверей
5356,Клеймящий жезл
5357,Страж долины
5359,Манускрипт Лоргалиса
5360,Реликвия высокорожденных
5361,Зубочистка из рыбьей косточки
5362,Игрушка для питомца
5363,Сложенный носовой платок
5364,Кусочек соли
5366,Светящийся самоцвет души
5367,Примитивное каменное орудие
5368,Пустой бумажник
5369,Изгрызенная кость
5370,Гнутая ложка
5371,Кусочек коралла
5373,Талисман на удачу
5374,Карманные часики
5375,Веточка с шипами
5376,Разбитое зеркало
5377,Раковина гребешка
5379,Сломанный засапожный нож
5382,Подвеска Анайи
5383,Голова Атрикуса Нарассина
5385,Ножка краба
5386,Прекрасные шкуры лунопарда
5387,Зачарованный плащ лунопарда
5388,Череп Рэна Кровавого Клыка
5389,Оскверненный тотем фурболгов
5390,Послание Фэндрала
5391,Горсть редкой земли
5392,Кинжал Чертополоха
5393,Посох Чертополоха
5394,Тренировочные перчатки лучника
5395,Щит лесничего
5398,Широкие поножи
5399,Сапоги путника
5400,Кровь Кобрана
5404,Наплечники змея
5405,Мятый плащ
5410,СТАРАЯ церемониальная дубина
5411,Тотем очищения колодца Заиндевевшего Копыта
5412,Глаз крепкозуба
5413,Клык лунопарда
5414,Седой скальп
5415,Тотем очищения колодца Громового Рога
5416,Тотем очищения колодца Буйногривых
5417,Оружие массированного уничтожения тестовое
5418,Оружие массового уничтожения тестовое
5419,Дикие наручи
5420,Броня банши
5421,Чары яркого пламени
5422,Поножи ежевичных зарослей
5423,Клык Боана
5424,Древняя статуэтка
5425,Ремень из рунической чешуи
5426,Змеиный поцелуй
5427,Примитивные карманные часы
5428,Поваренная книга экзотической кухни
5429,Интересный булыжник
5430,Замысловатая безделушка
5431,Пустая поясная фляжка
5432,Трубка из гикори
5433,Тряпичная кукла
5435,Блестящий лощинчик
5437,Батранов волос
5439,Небольшой колчан
5440,Бутыль заразы
5441,Небольшой патронташ
5442,Голова Аругала
5443,Позолоченный кулачный щит
5444,Шахтерская накидка
5445,Кольцо Зорама
5446,Сломанный браслет элементаля
5447,Поврежденный браслет элементаля
5448,Треснувший браслет элементаля
5451,Раздавленный браслет элементаля
5455,Божественный свиток исполнения
5456,Божественный свиток обещания
5457,Отломанный коготь вуду
5458,Пояс грязного древа
5459,Топор защитника
5460,Лекарство Орендила
5461,Ветвь Кенария
5462,Жезл преображения Дартола
5463,Светящийся самоцвет
5464,Железное древко
5465,Небольшая паучья лапка
5466,Жало скорпида
5467,Мясо кодо
5468,Мягкое мясо бешенки
5469,Мясо долгонога
5470,Хвост рокочущей ящерицы
5471,Оленина
5472,Калдорайский шашлык из паука
5473,Десерт из скорпида
5474,Жареное мясо кодо
5475,Деревянный ключ
5476,Филе бешенки
5477,Похлебка из долгонога
5478,Похлебка из пещерной крысы
5479,Хрустящий хвост ящерицы
5480,Постная оленина
5481,Рога сатира
5482,Рецепт: калдорайский шашлык из паука
5483,Рецепт: десерт из скорпида
5484,Рецепт: жареное мясо кодо
5485,Рецепт: филе бешенки
5486,Рецепт: похлебка из долгонога
5487,Рецепт: похлебка из пещерной крысы
5488,Рецепт: хрустящий хвост ящерицы
5489,Рецепт: постная оленина
5490,Голова наги из клана Зловещего Хвоста
5493,Слеза Элуны
5494,Горсть звездной пыли
5498,Маленькая блестящая жемчужина
5500,Радужная жемчужина
5503,Мясо моллюска
5504,Пикантное мясо моллюска
5505,Записи Терониса
5506,Блестящий глазной стебелек
5507,Украшенная подзорная труба
5508,Лунный камень Упавшего Неба
5509,Камень здоровья
5510,Большой камень здоровья
5511,Малый камень здоровья
5512,Крошечный камень здоровья
5513,Нефрит маны
5514,Агат маны
5515,Испорченное железное яблоко
5516,Клык жесткозуба
5519,Железное навершие
5520,Записи Велинды
5521,Ключ Велинды
5523,Небольшой сушеный моллюск
5524,Тонкостенный моллюск
5525,Отварные мидии
5526,Похлебка из моллюсков
5527,Мидии по-гоблински
5528,Рецепт: похлебка из моллюсков
5529,Могильная пыль
5530,Бесполезный ослепляющий порошок
5531,Испорченная голова Бракгуля Смертоносного
5533,Фолиант Илкруда Магтрулла
5534,Обед Паркера
5535,"\""Компендиум павших\"""
5536,"\""Мифология Титанов\"""
5537,Голова Сарилуса Грязнорожденного
5538,Обручальное кольцо Воррела
5539,Рекомендательное письмо
5540,Кинжал с жемчужной рукояткой
5541,Радужный молот
5542,Плащ с перламутровыми застежками
5543,Чертеж: радужный молот
5544,Череп Дала Жилотяга
5547,Воссозданный жезл
5549,Быстрый тест кинжал
5550,Быстрый тест ружье
5555,Быстрый тест одноручный меч
5560,Быстрый тест жезл
5565,Камень инфернала
5566,Сломанный олений рог
5567,Серебряный крюк
5568,Шлифованный метательный камень
5569,Водоросли
5570,Кокон мохового паука
5571,Маленький черный мешочек
5572,Маленький зеленый мешочек
5573,Зеленая кожаная сумка
5574,Белая кожаная сумка
5575,Большая зеленая сумка
5576,Большой коричневый мешок
5578,Чертеж: посеребренная бронзовая кираса
5579,Боевой молот ополчения
5580,Молот ополчения
5581,Гладкий дорожный посох
5582,Слизь Каменного Когтя
5583,Чешуя волшебного дракончика
5584,Сумеречный Ус
5585,Глаз бегового оленя
5586,Клинок Чертополоха
5587,Шипокорневая дубина
5588,Отрава Лидона
5589,Замшелые рукавицы
5590,Шнуровые наручи
5591,Испятнанная дождем накидка
5592,Кандальный ремень
5593,Утесный кулачный щит
5594,Письмо Джин\'Зилу
5595,Молот Чащобы
5596,Ясеневый лук
5600,Monster - Claw - Bear
5601,Проклюнувшееся яйцо
5602,Липкая паутина
5604,Эльфийский жезл
5605,Обрезной нож
5606,Садовые перчатки
5608,Клобук жизни
5609,Кушак непреклонности
5610,Плащ пустошей
5611,Слеза Горя
5612,Манжеты плюща
5613,Посох Очистителя
5614,Удар серафима
5615,Меч лесника
5616,Вспарыватель
5617,Поножи босяка
5618,Плащ разведчика
5619,Нефритовый фиал
5620,Фиал крови невинных
5621,Турмалиновый фиал
5622,Кольцо священников
5623,Аметистовый фиал
5624,Венец порядка
5625,Испорченное кольцо порядка
5626,Долото для черепов
5627,Древний клинок
5628,Записка Замы
5629,Молотобойные перчатки
5630,Ветрофетровые перчатки
5631,Зелье ярости
5632,Зелье заячьей душонки
5633,Сильнодействующее зелье ярости
5634,Зелье свободы действий
5635,Острый коготь
5636,Изысканное перо
5637,Большой клык
5638,Распылитель ядовитого тумана
5639,Наполненный нефритовый фиал
5640,Рецепт: зелье ярости
5642,Рецепт: зелье свободы действий
5643,Рецепт: сильнодействующее зелье ярости
5645,Наполненный турмалиновый фиал
5646,Фиал благословенной воды
5654,Быстродействующая отрава
5655,Узда гнедой кобылы
5656,Узда гнедого коня
5659,Тлеющие угли
5664,Ржавая шрапнель
5665,Рог лютого волка
5668,Рог бурого волка
5669,Прах пыледемона
5675,Кристаллические чешуи
5681,Едкая слизь
5686,Голова Ордана
5687,Ключ Хранителя Врат
5689,Ключ Спящих
5690,Ключ-коготь
5691,Могильный ключ
5692,Дистанционный детонатор красный
5693,Дистанционный детонатор синий
5694,Взрывчатка NG-5 красная
5695,NG-5 взрывчатка синяя
5717,Письма Торговой Компании
5718,Чертежи механизмов Торговой Компании
5731,Свиток с посланием
5732,NG-5
5733,Неопознанная руда
5734,"Чертежи \""Супердровосек 6000\"""
5735,Запечатанный конверт
5736,Механическая рука Геренцо
5737,Планы операции: Альфа и Бета
5738,Сума для тайных операций
5739,Варварская портупея
5740,Красная петарда
5741,Обломок булыжника
5742,Драгоценный кинжал
5743,Кольцо призмы
5744,Бледный живодер
5748,Длинный лук кентавра
5749,Секира-коса
5750,Ремень вождя
5751,Паутинокрылый плащ
5752,Хвостовой шип виверны
5753,Помятый пернатый убор
5754,Медальон Волчьей стаи
5755,Ониксовая пластина крошшера
5756,Серебряный клинок
5757,Палка из твердой древесины
5758,Мифриловый сейф
5759,Ториевый сейф
5760,Этерниевый сейф
5761,Деревянный молот Старой Наковальни
5762,Красная льняная сумка
5763,Красная шерстяная сумка
5764,Зеленая шелковая сума
5765,Черная шелковая сума
5766,Простое одеяние волшебника
5767,Фиолетовые одеяния
5768,Билет на бега для гномов
5769,Билет на бега для гоблинов
5770,Одеяния Тайны
5771,Выкройка: красная льняная сумка
5772,Выкройка: красная шерстяная сумка
5773,Выкройка: одеяния Тайны
5774,Выкройка: зеленая шелковая сума
5775,Выкройка: черная шелковая сума
5776,Палка старейшины
5777,Топор Отважного
5778,Простая трость
5779,Полуторный меч Отрекшихся
5780,Пояс из чешуи мурлока
5781,Кираса из чешуи мурлока
5782,Броня из толстой чешуи мурлока
5783,Наручи из чешуи мурлока
5784,Склизкая чешуя мурлока
5785,Толстая чешуя мурлока
5786,Выкройка: пояс из чешуи мурлока
5787,Выкройка: кираса из чешуи мурлока
5788,Выкройка: броня из толстой чешуи мурлока
5789,Выкройка: наручи из чешуи мурлока
5790,Дневник Хмурня
5791,Дневник Хенрига Хмурня
5792,Медальон Чарлги Остробок
5793,Сердце Чарлги Остробок
5794,Соленый яд скорпида
5795,Крепкий панцирь черепахи
5796,Соленый хвостовой плавник
5797,Индарилиевая пластина
5798,Детали болида
5799,Заказ на детали Крейвела
5800,Детали Крейвела
5801,Гуано летучей мыши Лабиринтов
5802,Хрупкие детали машины
5803,Щепотка сонной пыли
5804,Гоблинские сплетни
5805,Сердце доблести
5806,"\""Дурацкое Крепкое\"""
5807,"Отчет о \""Дурацком Крепком\"""
5808,Ядовитая железа величавой виверны
5809,Ядовитая железа виверны Скального гнездовья
5810,Свежая туша
5811,Грива Ледочрева
5812,Одеяния Старины
5813,Клеймо Эмиля
5814,Броня Трескучего Ключа
5815,Ледовый жернов
5816,Свет Элуны
5817,Лук Лунариса
5818,Жезл Лунного луча
5819,Капюшон жара солнца
5820,Волшебное оплечье
5821,Сапоги темного убийцы
5822,Рукавицы живой изгороди
5824,Табличка воли
5825,Подвеска Трешалы
5826,План Крейвела
5827,Письмо Пшикса Медноштифа
5828,Кольцо Абсолютного сопротивления TEST
5829,Бритвенно-острый клюв
5830,Голова Кенаты
5831,Голова Фардела
5832,Голова Марселя
5833,Индарилиевая руда
5834,Понюшка Мок\'Морокка
5835,Грог Мок\'Морокка
5836,Сейф Мок\'Морокка
5837,Ребро Сталезуба
5838,Свиток из шкуры кодо
5839,Страница из дневника
5840,Огненный язык
5841,Пылающее сердце
5842,Неочищенный образец руды
5843,Коготь Гренки
5844,Фрагменты Рок\'Алима
5845,Ломоть мяса
5846,Запечатанная записка Коррана
5847,Голова мурлока из клана Болотного Плавника
5848,Полая кость стервятника
5849,Ящик с защитными шлемами
5850,Запечатанная записка Белгрома
5851,Ключ Коззла
5852,Чертежи топливного регулятора
5853,Целый силитидский панцирь
5854,Шпора силитида
5855,Сердце силитида
5859,Петарда для вечеринки
5860,Наследие Аспектов
5861,"\""Истоки угрозы нежити\"""
5862,Сефориевый ускоритель
5863,Хартия гильдии
5864,Серый баран
5865,Модифицированный сефориевый ускоритель
5866,Образец индарилиевой руды
5867,Гравированный фиал
5868,Наполненный гравированный фиал
5869,Раздвоенное копыто
5871,Большое копыто
5872,Бурый баран
5873,Белый баран
5876,Корень синелиста
5877,Раздробленный силитидский панцирь
5878,Нюхательный табак
5879,Подвеска сумерек
5880,Ящик с отверстиями
5881,Голова Келриса
5882,Бумаги капитана
5883,Раздвоенный язык глинистой черепахи
5884,Целый глаз паука Мглистой пещеры
5897,Справочник владельца шмыгуноса
5917,Донесение шпиона
5918,Голова строптивого орка
5919,Вороненый железный щит
5936,Пояс из звериной шкуры
5938,Безупречная крабья клешня
5939,Швейные перчатки
5940,Костяной кулачный щит
5941,Латунные чешуйчатые штаны
5942,Изукрашенная подвеска
5943,Наручи Расселины
5944,Наголенники народного ополчения
5945,Зуб Волокуна
5946,Запечатанная записка Иллингу
5947,Декларация Братства Справедливости
5948,Письмо Йоргену
5950,Бляха Рита
5951,Влажная салфетка
5952,Оскверненный ствол мозга
5956,Кузнечный молот
5957,Рукодельный кожаный жилет
5958,Тонкие кожаные штаны
5959,Железа с едким ядом
5960,Запечатанная записка дозорному Бакусу
5961,Темные кожаные штаны
5962,Штаны стража
5963,Варварские поножи
5964,Варварские наплечники
5965,Плащ хранителя
5966,Перчатки стража
5967,Ремень аристократизма
5968,Рваные сапоги
5969,Плащ регента
5970,Перчатки змея
5971,Оперенная накидка
5972,Выкройка: тонкие кожаные штаны
5973,Выкройка: варварские поножи
5974,Выкройка: плащ хранителя
5975,Пояс негодяя
5976,Гильдейская гербовая накидка
5996,Эликсир подводного дыхания
5997,Слабый эликсир защиты
5998,Грозовая Вершина: требование
6016,Образец сердца волка
6037,Слиток истинного серебра
6038,Гигантский жареный моллюск
6039,Рецепт: гигантский жареный моллюск
6040,Золотые чешуйчатые наручи
6041,Стальная цепь для оружия
6042,Железный шип для щита
6043,Железный противовес
6044,Чертеж: железный шип для щита
6045,Чертеж: железный противовес
6046,Чертеж: стальная цепь для оружия
6047,Чертеж: золотой чешуйчатый капюшон
6048,Зелье защиты от темной магии
6049,Зелье защиты от огня
6050,Зелье защиты от магии льда
6051,Зелье защиты от светлой магии
6052,Зелье защиты от сил природы
6053,Рецепт: зелье защиты от светлой магии
6054,Рецепт: зелье защиты от темной магии
6055,Рецепт: зелье защиты от огня
6056,Рецепт: зелье защиты от магии льда
6057,Рецепт: зелье защиты от сил природы
6058,Черненый кожаный пояс
6059,Жилет кочевника
6060,Волоконные наручи
6061,Серокаменные наручи
6062,Тяжелые шнуровые наручи
6063,Рукавицы Холодной стали
6064,Миниатюрные платиновые диски
6065,Рассуждения Кадгара о пространственной сходимости
6066,Голова вождя Дез\'хепа
6067,Ухо кентавра
6068,Рецепт: масло Тьмы
6069,Недосушенное мясо
6070,Наручи из волчьей шкуры
6071,Кристалл дренетиста
6072,Голова вождя Джена
6073,Голова вождя Шака
6074,Загубник боевого горна
6075,Донесение Ваймса
6076,Зауженные штаны
6077,Фрагмент ключа Мародина
6078,Щит копейщика
6079,Грубый оберег
6080,Сердце пантеры Тени
6081,Мох хозяина болота
6082,Кровь зеленого дракончика
6083,Осколки слез
6084,Поножи штормградского стражника
6085,Мундир пехотинца
6086,Сыворотка правды Фаустина
6087,Шоссы Западного Края
6089,Бражка Зредуса
6091,Ящик с силовыми камнями
6092,Сапоги из черного дракончика
6093,Крушитель орков
6094,Пронзающий топор
6095,Сапоги путешественника
6096,Рубашка ученика
6097,Рубашка послушника
6098,Одеяние неофита
6116,Одеяние ученика
6117,Рубашка оруженосца
6118,Штаны оруженосца
6119,Одеяние неофита
6120,Рубашка рекрута
6121,Штаны рекрута
6122,Сапоги рекрута
6123,Одеяние новобранца
6124,Штаны новобранца
6125,Куртка буяна
6126,Штаны зверолова
6127,Сапоги зверолова
6129,Одеяние послушника
6131,Штаны зверолова
6134,Простая мантия
6135,Примитивный килт
6136,Рубашка зверолова
6137,Штаны головореза
6138,Сапоги зверолова
6139,Одеяние новобранца
6140,Одеяние ученика
6144,Одеяние неофита
6145,Подвеска Кларисы
6146,Сухой плавник
6147,Обветшавший старый пояс
6148,Затянутые паутиной сапоги
6149,Средний флакон с зельем маны
6150,Истрепанный узелок
6166,Челюсть койота
6167,Донесение Ники
6168,Коготь острозубого крепкохвата
6169,Сырой бок острозубого кроколиска
6170,Реагенты волшебника
6171,Перчатки охотника на волков
6172,Потерянные припасы
6173,Снеговые сапоги
6174,Двойной случайный меч
6175,Артефакт Атал\'ай
6176,Дворфийский каплевидный щит
6177,Железнокованные наручи
6178,Партия товара Стражей Пустоты
6179,Накидка капера
6180,Кожа сларка
6181,Фетиш Хаккара
6184,Ножка чудовищного краба
6185,Медвежья шаль
6186,Троггорез
6187,Дворфийская защита
6188,Грязеступы
6189,Надежные плетеные наплечники
6190,Осколок дренетиста
6191,Сапоги Кимбры
6193,Сверток с артефактами Атал\'ай
6194,Обдирающий жнец
6195,Полированная воском броня
6196,Деревянная рапира Нобору
6197,Жилет из крокодиловой шкуры
6198,Юрские накулачники
6199,Кольцо Черной Вдовы
6200,Боевой пояс Гарнега
6201,Гибкие сапоги
6202,Перчатки без пальцев
6203,Щит головореза
6204,Племенной шлем ворга
6205,Землеройная лопата
6206,Кайло
6211,Рецепт: эликсир силы огра
6212,Голова Джаммал\'ана
6214,Тяжелая медная кувалда
6215,Сбалансированный боевой посох
6217,Медный жезл
6218,Рунический медный жезл
6219,Тангенциальный вращатель
6220,Осколок метеорита
6223,Рыцарский щит Темнолесья
6225,"Monster - Item, Fish - Blue"
6226,Кровавый фартук
6227,"Monster - Item, Fish - Green"
6232,"Monster - Item, Flowers  - Bouquet Roses"
6238,Коричневое льняное одеяние
6239,Красный льняной жилет
6240,Синий льняной жилет
6241,Белое льняное одеяние
6242,Синее льняное одеяние
6243,Зеленое шерстяное одеяние
6245,Сумка для книг Карнитола
6246,Коготь Ярой Ненависти
6247,Рог Ярой Ненависти
6248,Яд скорпиона
6249,Шкура старого кодо
6250,Мозг гончей Скверны
6251,Крыло Пустоты
6252,Кровь тюремщика судеб
6253,Коробка Кудесника
6256,Удочка
6257,Потроха руха
6258,Печень сталемеха
6259,Печень гроддока
6260,Синяя краска
6261,Оранжевая краска
6263,Синий комбинезон
6264,Большее одеяние адепта
6265,Осколок души
6266,Жилет посвященного
6267,Штаны посвященного
6268,Мундир первопроходца
6269,Брюки первооткрывателя
6270,Выкройка: синий льняной жилет
6271,Выкройка: красный льняной жилет
6272,Выкройка: синее льняное одеяние
6274,Выкройка: синий комбинезон
6275,Выкройка: большее одеяние адепта
6281,Череп гремучего скелета
6282,Священные погребальные брюки
6283,Книга Ура
6284,Руны Призыва
6285,Гримуар Эгалина
6286,Чистые сердца
6287,Фрагмент таблички Атал\'ай
6288,Табличка Атал\'ай
6289,Сырой острозубый илистый луциан
6290,Блестящая рыбка
6291,Сырая блестящая рыбка
6292,10-фунтовый илистый луциан
6293,Сушеная кровь летучей мыши
6294,12-фунтовый илистый луциан
6296,Клочок шерсти летучей мыши
6297,Старый череп
6298,Окровавленный клык летучей мыши
6299,Хилая рыбка
6300,Фрагмент чешуи
6301,Череп старого игрока
6302,Хрупкое крылышко насекомого
6303,Сырая скользкокожая скумбрия
6304,Отсыревшая страница дневника день 4
6305,Отсыревшая страница дневника день 87
6306,Отсыревшая страница дневника день 512
6307,Послание в бутылке
6308,Сырая ощетиненная зубатка
6309,17-фунтовая зубатка
6310,19-фунтовая зубатка
6311,22-фунтовая зубатка
6312,Сердце Далина
6313,Сердце Комера
6314,Накидка командира воргенов
6315,Арбалет со стальными стрелами
6316,Деликатес из бешенки
6317,Сырая озерная бешенка
6318,Посох залога Одо
6319,Ремень Слепого Стража
6320,Рыцарский щит командора
6321,Фамильная печать Сильверлейнов
6323,Баронский скипетр
6324,Одеяния Аругала
6325,Рецепт: блестящая рыбка
6326,Рецепт: скользкокожая скумбрия
6327,Утешитель
6328,Рецепт: острозубый илистый луциан
6329,Рецепт: деликатес из бешенки
6330,Рецепт: ощетиненная зубатка
6331,Воющий клинок
6332,Кольцо черной жемчужины
6333,Кинжал Шипохлеста
6335,Серые сапоги
6336,Пехотный мундир
6337,Поножи пехотинца
6338,Серебряный жезл
6339,Рунический серебряный жезл
6340,Шкура Фенруса
6341,Зловещий светильник
6342,Формула чар для нагрудника - мана I
6343,Формула чар для нарудника - дух
6344,Формула чар для наручей - дух I
6346,Формула чар для нагрудника - мана II
6347,Формула чар для наручей - сила I
6348,Формула чар для оружия - зверобой I
6349,Формула чар для двуручного оружия - интеллект I
6350,Грубые бронзовые сапоги
6351,Продавленный ящик
6352,Промокший ящик
6353,Маленький сундук
6354,Маленький запертый сундук
6355,Прочный запертый ларь
6356,Побитый сундук
6357,Запечатанный ящик
6358,Масляный черноротик
6359,Огнеперый луциан
6360,Сталечешуйчатая разгром-рыба
6361,Сырой радужный тунец
6362,Сырая каменношкурая треска
6363,26-фунтовая зубатка
6364,32-фунтовая зубатка
6365,Крепкая удочка
6366,Удочка из темной древесины
6367,Большая железная удочка
6368,Рецепт: радужный тунец
6369,Рецепт: каменношкурая треска
6370,Масло черноротика
6371,Зажигательное масло
6372,Зелье быстрого плавания
6373,Эликсир огневой мощи
6375,Формула чар для наручей - дух II
6377,Формула чар для обуви - ловкость I
6378,Накидка Провидца
6379,Покрытый письменами кожаный пояс
6380,Покрытый письменами кулачный щит
6381,Яркий плащ
6382,Лесной кожаный пояс
6383,Лесной кулачный щит
6384,Стильная синяя рубашка
6385,Стильная зеленая рубашка
6386,Мерцающие кольчужные набедренники
6387,Мерцающие кольчужные наручи
6388,Мерцающее кольчужное наплечье
6389,Мерцающий кольчужный капюшон
6390,Выкройка: стильная синяя рубашка
6391,Выкройка: стильная зеленая рубашка
6392,Пояс Аругала
6393,Сребротканые перчатки
6394,Сребротканые сапоги
6395,Сребротканый амикт
6396,Украшенный гербом нагрудник
6397,Украшенные гербом перчатки
6398,Украшенный гербом пояс
6399,Украшенные гербом наплечники
6400,Мерцающий щит
6401,Выкройка: темная шелковая рубашка
6402,Кольчужные боевые поножи
6403,Кольчужные боевые наручи
6404,Кольчужный боевой наплеч
6405,Брюки ночного неба
6406,Сапоги ночного неба
6407,Нарукавье ночного неба
6408,Орденские перчатки
6409,Орденский пояс
6410,Орденские наручи
6411,Броня старшего бригадира
6412,Сапоги старшего бригадира
6413,Наручи старшего бригадира
6414,Печать Сильваны
6415,Одеяние утренней зари
6416,Сапоги утренней зари
6417,Плащ утренней зари
6418,Кушак утренней зари
6419,Украшенные символами полуперчатки
6420,Украшенные символами сапоги
6421,Украшенный символами пояс
6422,Украшенный символами шлем
6423,Наголенники Черной Кузни
6424,Накидка Черной Кузни
6425,Ремень Черной Кузни
6426,Наручи Черной Кузни
6427,Туманное одеяние
6428,Туманные перчатки
6429,Туманная шляпа волшебника
6430,Имперская кожаная кираса
6431,Императорские кожаные сапоги
6432,Императорский плащ
6433,Императорский кожаный шлем
6435,Одушевленный самоцвет
6436,Пылающий самоцвет
6438,Тусклый браслет элементаля
6439,Сломанный сковывающий браслет
6440,Бич Разума
6441,Скальп тенелова
6442,Кристалл оракула
6443,Искаженная шкура
6444,Раздвоенный язык
6445,Хрупкая сброшенная кожа
6446,Сумка из змеиной кожи
6447,Щит из старого черепашьего панциря
6448,Хвостовой зубец
6449,Плащ из светящейся чешуи ящеров
6450,Шелковые бинты
6451,Плотные шелковые бинты
6452,Противоядие
6453,Сильное противоядие
6454,Учебник: сильное противоядие
6455,Старое тележное колесо
6456,Кислотная слизь
6457,Ржавые детали
6458,Рыба в масле
6459,Тяжелые ботинки Дикаря
6460,Перевязь Кобрана
6461,Тонкоукрашенное оплечье
6462,Надежный ящик
6463,Кольцо глубины
6464,Воющая субстанция
6465,Одеяние болотной гадюки
6466,Плащ из искаженной чешуи
6467,Перчатки из искаженной чешуи
6468,Пояс из искаженной чешуи
6469,Ядовитый удар
6470,Искаженная чешуя
6471,Идеальная искаженная чешуя
6472,Жалящая гадюка
6473,Змеиная броня
6474,Выкройка: плащ из искаженной чешуи
6475,Выкройка: перчатки из искаженной чешуи
6476,Выкройка: пояс из искаженной чешуи
6477,Луговой кушак
6478,Крысодавы
6479,Подвеска Малем
6480,Поножи из искаженной чешуи
6481,Рукавицы Грязнотопи
6482,Сапоги Огнехода
6486,Оплавленная чешуя
6487,Голова злобного фамилиара
6488,Простая табличка
6498,Исписанная кожа кодо
6500,Исписанная кожа кодо
6501,Исписанная кожа кодо
6502,Фиолетовая чешуя
6503,Одеяния арлекина
6504,Крыло-клинок
6505,Посох Полумесяца
6506,Сапоги пехотинца
6507,Наручи пехотинца
6508,Плащ пехотинца
6509,Пояс пехотинца
6510,Рукавицы пехотинца
6511,Одеяние подмастерья
6512,Одеяние посвященного
6513,Кушак посвященного
6514,Плащ посвященного
6515,Перчатки посвященного
6516,Свиток призыва Беса
6517,Пояс первопроходца
6518,Сапоги первопроходца
6519,Наручи первопроходца
6520,Плащ первопроходца
6521,Перчатки первопроходца
6522,Загадочная рыба
6523,Портупея с пряжками
6524,Украшенная кожаная портупея
6525,Портупея рубаки
6526,Боевая портупея
6527,Одеяние предков
6528,Одеяние чароплета
6529,Блесна
6530,Выползки
6531,Варварское матерчатое одеяние
6532,Яркая блесна
6533,Аквадинамический магнит для рыбы
6534,Стальные слитки
6535,Табличка Верги
6536,Ивовый жилет
6537,Ивовые сапоги
6538,Ивовое одеяние
6539,Ивовый пояс
6540,Ивовые штаны
6541,Ивовые перчатки
6542,Ивовая накидка
6543,Ивовые наручи
6545,Солдатская броня
6546,Солдатские поножи
6547,Солдатские рукавицы
6548,Солдатский ремень
6549,Солдатский плащ
6550,Солдатские накулачники
6551,Солдатские сапоги
6552,Мундир барда
6553,Брюки барда
6554,Перчатки барда
6555,Плащ барда
6556,Наручи барда
6557,Сапоги барда
6558,Пояс барда
6559,Кулачный щит барда
6560,Солдатский щит
6561,Стеганые доспехи провидца
6562,Мерцающие сапоги
6563,Мерцающие наручи
6564,Сверкающий плащ
6565,Мерцающие перчатки
6566,Мерцающий нарамник
6567,Мерцающая броня
6568,Мерцающие брюки
6569,Мерцающее одеяние
6570,Мерцающий кушак
6571,Кулачный щит лазутчика
6572,Щит поборника
6573,Сапоги поборника
6574,Наручи поборника
6575,Плащ поборника
6576,Ремень поборника
6577,Рукавицы поборника
6578,Поножи поборника
6579,Наплеч поборника
6580,Мундир поборника
6581,Пояс лазутчика
6582,Сапоги лазутчика
6583,Наручи лазутчика
6584,Мундир лазутчика
6585,Плащ лазутчика
6586,Перчатки лазутчика
6587,Брюки лазутчика
6588,Наплеч лазутчика
6590,Сапоги боевого горна
6591,Накулачники боевого горна
6592,Броня боевого горна
6593,Плащ боевого горна
6594,Ремень боевого горна
6595,Рукавицы боевого горна
6596,Набедренники боевого горна
6597,Наплечные щитки боевого горна
6598,Кулачный щит дервиша
6599,Щит боевого горна
6600,Пояс дервиша
6601,Сапоги дервиша
6602,Наручи дервиша
6603,Мундир дервиша
6604,Накидка дервиша
6605,Перчатки дервиша
6607,Поножи дервиша
6608,Яркая броня
6609,Облачение книжника
6610,Одеяние книжника
6611,Кушак книжника
6612,Сапоги книжника
6613,Наручи книжника
6614,Плащ книжника
6615,Перчатки книжника
6616,Штаны книжника
6617,Оплечье книжника
6622,Меч рвения
6624,Зелье Кен\'зиглы
6625,Испачканная грязью подвеска
6626,Подвеска Дограна
6627,Кираса из чешуи мутанта
6628,Когти ворона
6629,Накидка Спорид
6630,Кулачный щит небесных посевов
6631,Животворный корень
6632,Волшебный чешуйчатый плащ
6633,Тесак мясника
6634,Ритуальное зелье
6635,Сапта земли
6636,Сапта огня
6637,Сапта воды
6640,Копыто ловца Скверны
6641,Клинок проклятия
6642,Призрачная броня
6643,Раздувшаяся рыбка
6645,Раздувшийся илистый луциан
6647,Раздувшаяся зубатка
6650,Свиток тотема исцеляющего потока
6651,Разбитая бутылка вина
6652,Мешочек с реагентами
6653,Факел Дремлющего Пламени
6654,Факел Вечного Пламени
6655,Тлеющий уголь
6656,Грубый кварц
6657,Загадочное острое лакомство
6658,Обжигающий ошейник
6659,Брюки Скарабея
6660,Кинжал Джулии
6661,Рецепт: загадочное острое лакомство
6662,Эликсир увеличения
6663,Рецепт: эликсир увеличения
6664,Оплечье вуду
6665,Сглаженные наручи
6666,Отвальные сапоги
6667,Инженерский плащ
6668,Сапоги чертежника
6669,Священное кольцо
6670,Пантеровая броня
6671,Поножи слепого поклонения
6672,Схема: световая бомба
6675,Закаленные наручи
6676,Кулачный щит констебля
6677,Жезл изготовителя заклятий
6678,Кольцо эльфийской благодати
6679,Бронекол
6681,Терновый шип
6682,Одеяния вестника смерти
6684,Палочка-погонялочка для шмыгуносов
6685,Оплечье вестника смерти
6686,Шлем бивня
6687,Труподел
6688,Головной убор Шелеста Ветра
6689,Посох Духа Ветра
6690,Поножи дикости
6691,Заточка Кабаньего клыка
6692,Зубчатый разрушитель
6693,Коготь Агамаггана
6694,Сердце Агамаггана
6695,Стигийский костяной амулет
6696,Лук ночного ловца
6697,Оплечье Крыла летучей мыши
6709,Жилет лунного сияния
6710,Выкройка: жилет лунного сияния
6712,Учебный замок
6713,Драные штаны
6714,"Динамит \""Pro-100-брос\"""
6715,Испорченные кроссировочные кабели
6716,"Схема: динамит \""Pro-100-брос\"""
6717,Суперразъем
6718,Электропеллер
6719,Ветровой пояс
6720,Головной убор охотника на духов
6721,Бригантина Кора
6722,Звериные оковы
6723,Медаль за отвагу
6725,Украшенный мрамором кулачный щит
6726,Подогнанный пояс безопасности Раззерика
6727,Гоночные перчатки Раззерика
6729,Шустрая зажигалка Пшикса
6730,Стальгорнская кольчуга
6731,Стальгорнская кираса
6732,Перчатки гнома-механика
6733,Стальгорнские рукавицы
6735,Чертеж: стальгорнская кираса
6737,Штаны сухого листа
6738,Кровавый полумесяц
6739,Лук меткости Скального Бегуна
6740,Лазурный кушак
6741,Орочий боевой меч
6742,Ремень Каменного Кулака
6743,Кольцо воодушевления
6744,Перчатки капеллана
6745,Накидка скорохода
6746,Базальтовый кулачный щит
6747,Наплечье головореза
6748,Кольцо обезьяны
6749,Кольцо тигра
6750,Кольцо змеи
6751,Траурная шаль
6752,Уланские сапоги
6753,Оберег из перьев
6755,Маленькая шкатулка с самоцветами
6756,Шкатулка для драгоценностей
6757,Перстень-печатка Джайны
6766,Рваная демонская кожа old2
6767,Подвеска Тираниса
6773,Кольчуга мародера из племени Гелкис
6774,Палец Утера
6775,Фолиант Божественности
6776,Фолиант Отваги
6780,Сиреневый кушак
6781,Кружка Бартлби
6782,Знак маршала Хаггарда
6783,Ключ Мертвозуба
6784,Скрепленные боевые рукавицы
6785,Силы Бездны
6786,Простое платье
6787,Белое шерстяное платье
6788,Охотничий пояс Маграм
6789,Церемониальная попона кентавров
6790,Кольцо покоя
6791,Сапоги Геллиона
6792,Наплечье цвета крови
6793,Золотистые наручи
6794,Рукавицы огня бури
6795,Белая рубашка сорвиголовы
6796,Красная рубашка сорвиголовы
6797,Глазокол
6798,Разрывной аркебуз
6799,Голова Веджрека
6800,Мрачная руда
6801,Барочный фартук
6802,Меч Омена
6803,Пророческая палка
6804,Молот Буреветра
6805,Рог Ворлуса
6806,Танцующее пламя
6807,Похлебка из лягушачьих окорочков
6808,Элунитовая руда
6809,Медальон Элуры
6810,Колье Сурены
6811,Аквадинамическая блесна
6812,Сундук Элунита
6826,Сверкающая чешуя
6827,Коробка с припасами
6828,Провидческий кулачный щит
6829,Меч безмятежности
6830,Костекус
6831,Черная угроза
6832,Плащ порчи
6833,Белая рубашка под смокинг
6834,Черный смокинг
6835,Черные брюки под смокинг
6836,Парадные ботинки
6838,Опаленный паучий клык
6839,Обугленный рог
6840,Гальванизированный рог
6841,Сосуд флогистона
6842,Руководство Фьюрена
6843,Бочонок жгучего пива
6844,Пылающая кровь
6845,Горящий камень
6846,Документ Братства Справедливости
6847,Послание дворфов Черного Железа
6848,Тлеющий коралл
6849,Высохшая на солнце скорлупа
6851,Субстанция Изгнанников
6866,Знак жизни
6887,Пятнистый желтохвост
6888,Яйцо с травами
6889,Небольшое яйцо
6890,Копченая медвежатина
6892,Рецепт: копченая медвежатина
6893,Ключ от мастерской
6894,Сердце Вихря
6895,Дробящий молот Джордана
6898,Сфера Соран\'рука
6900,Зачарованное золотое кровавое одеяние
6901,Светящаяся накидка молотильщика
6902,Поручи Серракиса
6903,Туманные штаны Дремлющего
6904,Укус Серракиса
6905,Рифовый топор
6906,Водорослевые кулачные перчатки
6907,Черепаховая броня
6908,Пояс Гхаму-ра
6909,Удар гидры
6910,Пиявчатые штаны
6911,Моховой кушак
6912,Сердцедрево
6913,Сердцевина сердцедрева
6914,Фрагмент Соран\'рука
6915,Большой фрагмент Соран\'рука
6916,Фолиант Божественности
6926,Записки Фьюрена
6927,Ухо Большого Вилла
6928,Колье кровавого камня
6929,Пергамент Бат\'ры
6930,Жезл направления
6931,Заплесневелый фолиант
6947,Быстродействующий яд
6948,Камень возвращения
6949,Быстродействующий яд II
6950,Быстродействующий яд III
6951,Дурманящий яд II
6952,Толстая медвежья шкура
6953,Боевая перчатка Веригана
6966,Элунитовый топор
6967,Элунитовый меч
6968,Элунитовый молот
6969,Элунитовый кинжал
6970,Любезность Фьюрена
6971,Закаленный огнем капюшон
6972,Закаленный огнем хауберк
6973,Закаленные огнем поножи
6974,Закаленные огнем рукавицы
6975,Топор вихря
6976,Боевой молот Сердца Вихря
6977,Меч вихря
6978,Мрачный топор
6979,Топор Хаггарда
6980,Кинжал Хаггарда
6981,Мрачный кинжал
6982,Мрачная палица
6983,Молот Хаггарда
6984,Мрачный меч
6985,Меч Хаггарда
6986,Алый лотос
6987,Рыбья чешуя
6989,Фиал крови сатира племени Ярой Ненависти
6990,Камень младшего инфернала
6991,Тлеющий уголь
6992,Партия руды Джордана
6993,Партия очищенной руды Джордана
6994,Древесина белокаменного дуба
6995,Оскверненный самоцвет Кора
6996,Заметки Джордана об оружии
6997,Потрепанный манускрипт
6998,Ореольные сапоги
6999,Фолиант заговора
7000,Ремень Сердца Древа
7001,Надгробный скипетр
7002,Арктический кулачный щит
7003,Жучиные застежки
7004,Накидка прелата
7005,Нож для снятия шкур
7006,Восстановленный фолиант
7026,Льняной пояс
7027,Сапоги Тьмы
7046,Лазурные шелковые штаны
7047,Краги Тьмы
7048,Лазурный шелковый капюшон
7049,Перчатки истинной веры
7050,Шелковая головная повязка
7051,Жилет земли
7052,Лазурный шелковый пояс
7053,Лазурный шелковый плащ
7054,Одеяние могущества
7055,Багровый шелковый пояс
7056,Багровый шелковый плащ
7057,Зеленые шелковые наплечники
7058,Багровый шелковый жилет
7059,Багровые шелковые наплечники
7060,Лазурные наплечники
7061,Шелковый пояс земли
7062,Багровые шелковые кюлоты
7063,Багровое шелковое одеяние
7064,Багровые шелковые перчатки
7065,Зеленая шелковая броня
7067,Первородная земля
7068,Первородный огонь
7069,Первородный воздух
7070,Первородная вода
7071,Железная скоба
7072,Чешуя наги
7073,Сломанный клык
7074,Надколотый коготь
7075,Ядро земли
7076,Субстанция Земли
7077,Сердце огня
7078,Субстанция Огня
7079,Магическая сфера воды
7080,Субстанция Воды
7081,Дыхание ветра
7082,Субстанция Воздуха
7083,Очищенный самоцвет Кора
7084,Выкройка: багровые шелковые наплечники
7085,Выкройка: лазурные наплечники
7086,Выкройка: шелковый пояс земли
7087,Выкройка: багровый шелковый плащ
7088,Выкройка: багровое шелковое одеяние
7089,Выкройка: лазурный шелковый плащ
7090,Выкройка: зеленая шелковая броня
7091,Выкройка: перчатки истинной веры
7092,Выкройка: краги Тьмы
7094,Плавучая ветвь
7095,Болотные сапоги
7096,Выдернутое перо
7097,Окорочок
7098,Расщепленный бивень
7099,Отрубленная клешня
7100,Липкая лимфа
7101,Крохотный глаз
7106,Зодиакальные перчатки
7107,Пояс Звезд
7108,Щит пехотинца
7109,Кулачный щит первопроходца
7110,Сребротканая броня
7111,Броня ночного неба
7112,Броня утренней зари
7113,Туманная броня
7114,Выкройка: лазурные шелковые перчатки
7115,Наследуемый топор
7116,Наследуемый кинжал
7117,Наследуемый молот
7118,Наследуемый меч
7119,Дергающийся усик
7120,Оплот Руги
7126,Закопченый железный слиток
7127,Толченый азурит
7128,Нераздвоенное копыто сатира
7129,Рукавицы Жестокости
7130,Шлем Жестокости
7131,Берцовая кость орка из клана Драконьей Пасти
7132,Набедренники Жестокости
7133,Хауберк жестокости
7134,Прочная берцовая кость Драконьей Пасти
7135,Сломанная берцовая кость орка из клана Драконьей Пасти
7146,Алый ключ
7148,Гоблинский кабельный дефибриллятор
7166,Медный кинжал
7170,Двойной случайный меч FOO
7187,Сапоги ван Клифа
7188,Щит штормградского стражника
7189,Гоблинские реактивные сапоги
7190,Опаленные реактивные сапоги
7191,Кабельная система с плавкими предохранителями
7206,Проба воды Зеркального озера
7207,Фляга Джиннии
7208,Ключ Тазана
7209,Сумка Тазана
7226,Маг-тастический Гизмонитор
7227,Львиный зев Бальнира
7228,Клубничное мороженое Тигуля и Форора
7229,Жилет исследователя
7230,Грозный молот мистера Каюка
7231,Рекомендательное письмо Астора
7247,Ящик со шкатулками-духоловками
7249,Заряженный самоцвет Расселины
7266,Трактат Ура по темной магии
7267,Безупречная паутина
7268,Проба воды из Ксавиана
7269,Фляга Дейно
7270,Волосы смеющейся сестры
7271,Безупречный бивень
7272,Заряженный молнией жезл
7273,Тотемная палочка Сухокожих
7274,Обряды власти
7276,Рукодельный кожаный плащ
7277,Рукодельные кожаные наручи
7278,Колчан из тонкой кожи
7279,Небольшой кожаный подсумок
7280,Штаны из грубой кожи
7281,Наручи из тонкой кожи
7282,Штаны из тонкой кожи
7283,Плащ из чешуи черного дракончика
7284,Перчатки из чешуи красного дракончика
7285,Перчатки из гибкой кожи
7286,Чешуя черного дракончика
7287,Чешуя красного дракончика
7288,Выкройка: штаны из грубой кожи
7289,Выкройка: плащ из чешуи черного дракончика
7290,Выкройка: перчатки из чешуи красного дракончика
7291,Сфера подземного огня
7292,Заполненная шкатулка-духоловка
7293,Самоцвет маны Даралана
7294,Гроссбух Андрона
7295,Дневник Тазана
7296,Потушенный факел
7297,Погибель Морбента
7298,Клинок хитрости
7306,Голова Фенвика
7307,Кусеница
7308,Свиток заклятия проявления
7309,Отчет о состоянии Даларана
7326,Топор Тунгрима
7327,Кинжал Тунгрима
7328,Палица Тун-Грима
7329,Меч Тун\'грима
7330,Кулачный щит шпиона
7331,Строевой щит
7332,Монаршая броня
7333,Свисток надзирателя
7334,Цветущее одеяние
7335,Серый мундир
7336,Диколесская кольчуга
7337,Камень
7338,Изменчивое кольцо
7339,Кольцо с крохотным бриллиантом
7340,Перстень с безупречным бриллиантом
7341,Кольцо с цирконием
7342,Серебряное кольцо Пиффени
7343,Гаечный ключ Бинглза
7344,Факел Божественного пламени
7345,Отвертка Бинглза
7346,Молот Бинглза
7348,Перчатки Флетчера
7349,Перчатки травника
7350,Наручи посвященного
7351,Сапоги посвященного
7352,Кожаные наплечники земли
7353,Стеганый доспех старейшины
7354,Сапоги старейшины
7355,Наручи старейшины
7356,Плащ старейшины
7357,Шляпа старейшины
7358,Перчатки жулика
7359,Тяжелые перчатки земли
7360,Выкройка: темные кожаные перчатки
7361,Выкройка: перчатки травника
7362,Выкройка: кожаные наплечники земли
7363,Выкройка: перчатки жулика
7364,Выкройка: тяжелые перчатки земли
7365,Зубчатый спрек-механизм гномов
7366,Перчатки старейшины
7367,Оплечье старейшины
7368,Штаны старейшины
7369,Одеяние старейшины
7370,Кушак старейшины
7371,Тяжелый колчан
7372,Подсумок из толстой кожи
7373,Мглистые кожаные поножи
7374,Мглистый кожаный доспех
7375,Броня из зеленого дракончика
7376,Сорвиголовка Бинглза
7377,Ледяной кожаный плащ
7378,Мглистые наручи
7386,Наручи из чешуи зеленого дракончика
7387,Мглистый пояс
7389,Учетная книга Торговой Компании
7390,Мглистые сапоги
7391,Сапоги быстроты
7392,Чешуя зеленого дракончика
7406,Шпионский шнурованный ремень
7407,Шпионская броня
7408,Шпионские наплечники
7409,Шпионские сапоги
7410,Шпионские наручи
7411,Шпионский плащ
7412,Шпионские перчатки
7413,Шпионская шапка
7414,Шпионские штаны
7415,Наплеч дервиша
7416,Строевые наручи
7417,Строевые сапоги
7418,Строевая кираса
7419,Строевой плащ
7420,Строевой обруч
7421,Строевые рукавицы
7422,Строевой ремень
7423,Строевые поножи
7424,Строевой наплеч
7428,Шкура тенекота
7429,Сумеречная броня
7430,Сумеречное одеяние
7431,Сумеречные штаны
7432,Сумеречный клобук
7433,Сумеречные перчатки
7434,Сумеречные сапоги
7435,Сумеречное оплечье
7436,Сумеречная накидка
7437,Сумеречные манжеты
7438,Сумеречный пояс
7439,Кираса часового
7440,Брюки часового
7441,Шапка часового
7442,Ключ Штурмана
7443,Перчатки часового
7444,Сапоги часового
7445,Наплечники часового
7446,Плащ часового
7447,Наручи часового
7448,Ремень часового
7449,Выкройка: мглистые кожаные поножи
7450,Выкройка: броня из зеленого дракончика
7451,Выкройка: наручи из чешуи зеленого дракончика
7452,Выкройка: мглистые сапоги
7453,Выкройка: сапоги быстроты
7454,Рыцарская кираса
7455,Рыцарские набедренники
7456,Рыцарский обруч
7457,Рыцарские рукавицы
7458,Рыцарские сапоги
7459,Рыцарское наплечье
7460,Рыцарский плащ
7461,Рыцарские наручи
7462,Рыцарский ремень
7463,Кулачный щит часового
7464,Знаки Призыва
7465,Рыцарский щит
7468,Монаршее одеяние
7469,Монаршие поножи
7470,Шляпа королевского волшебника
7471,Монаршие перчатки
7472,Монаршие сапоги
7473,Монаршее оплечье
7474,Монарший плащ
7475,Монаршие манжеты
7476,Монарший кушак
7477,Мундир следопыта
7478,Поножи следопыта
7479,Шлем следопыта
7480,Перчатки следопыта
7481,Сапоги следопыта
7482,Наплечники следопыта
7483,Плащ следопыта
7484,Накулачники следопыта
7485,Шнурованный ремень следопыта
7486,Капитанская кираса
7487,Капитанские поножи
7488,Капитанский венец
7489,Капитанские рукавицы
7490,Капитанские сапоги
7491,Капитанские наплечные щитки
7492,Капитанский плащ
7493,Капитанские наручи
7494,Капитанский воинский пояс
7495,Капитанский кулачный щит
7496,Полевой латный щит
7498,Верхняя часть ключа Гелхака
7499,Средняя часть ключа Гелхака
7500,Нижняя часть ключа Гелхака
7506,Универсальный гномский дистанционный пульт
7507,Чародейский шар
7508,Сфера залога
7509,Одеяние из ткани маны
7510,Простые одеяния из огненной чароткани
7511,Одеяние волшебного плетения
7512,Одеяние из кружева Пустоты
7513,Жезл Бущующего пламени
7514,Жезл ледяной ярости
7515,Небесная сфера
7516,Инструкции Табеты
7517,Паутинный мундир
7518,Одеяние из паутины
7519,Паутинные штаны
7520,Паутинный головной убор
7521,Паутинные перчатки
7522,Паутинные сапоги
7523,Паутинные наплечные пластины
7524,Паутинная накидка
7525,Паутинные наручи
7526,Паутинный пояс
7527,Нагрудник заговорщика
7528,Поножи заговорщика
7529,Шлем заговорщика
7530,Перчатки заговорщика
7531,Сапоги заговорщика
7532,Наплеч заговорщика
7533,Плащ заговорщика
7534,Наручи заговорщика
7535,Пояс заговорщика
7536,Башенный щит защитника
7537,Готический щит
7538,Броня защитника
7539,Поножи защитника
7540,Полный шлем защитника
7541,Рукавицы Защитника
7542,Наголенники защитника
7543,Наплечье защитника
7544,Накидка защитника
7545,Наручи защитника
7546,Ремень Защитника
7549,Волшебное облачение
7551,Перевитый опаловый талисман
7552,Драгоценность Сокола
7553,Кольцо единорога
7554,Ивовая ветвь
7555,Монаршая звезда
7556,Сумеречная сфера
7557,Паутинный жезл
7558,Мерцающий посох
7559,Руническая палка
7560,Схема: универсальный гномский дистанционный пульт
7561,Схема: гоблинский кабельный дефибриллятор
7566,Фамильный меч Агамондов
7567,Фамильный топор Агамондов
7568,Фамильный кинжал Агамондов
7569,Фамильная палица Агамондов
7586,Надежда Тарнариуна
7587,Наставления Тун\'грима
7606,Снежные рукавицы
7607,Соболий жезл
7608,Изящная кружка Провидца
7609,Янтарный посох Старейшины
7610,Сфера зари
7611,Туманный посох
7613,Выкройка: зеленый кожаный доспех
7626,Сверток мехов
7627,Посылка в Доланаар
7628,Ненадписанное письмо
7629,Сумка Укора
7646,Ящик с припасами для постоялого двора
7666,Рассыпавшееся ожерелье
7667,Фиал виденья Талваша
7668,Окровавленный дневник
7669,Рубин рассыпавшегося ожерелья
7670,Сапфир рассыпавшегося ожерелья
7671,Топаз рассыпавшегося ожерелья
7672,Источник Силы рассыпавшегося ожерелья
7673,Ожерелье Усиления Талваш
7674,Посылка для Матиаса
7675,Расписание поставок Братства Справедливости
7676,Скорополоховый чай
7678,Рецепт: скорополоховый чай
7679,Клык крылана-охотника
7680,Чешуя нефритового василиска
7682,Пыточный инструмент
7683,Окровавленный латунный кастет
7684,Оплечье волшебника крови
7685,Сфера забытого провидца
7686,Око Железноспина
7687,Кулак Железноспина
7688,Бригантина Железноспина
7689,Гиблый Рассвет
7690,Эбеновые перчатки
7691,Благоухающий капюшон
7708,Некротический жезл
7709,Подгнившие поножи
7710,Тренировочная палка Локси
7711,Одеяние Доана
7712,Оплечье Доана
7713,Иллюзорный жезл
7714,Гипнотический клинок
7715,Донесение Онина
7717,Опустошитель
7718,Наплечник Ирода
7719,Шлем яростного берсерка
7720,Шляпка Вайтмейн
7721,Рука праведности
7722,Амулет Тройного союза
7723,Мощь Могрейна
7724,Рукавицы божественности
7726,Эгида командира из Алого ордена
7727,Наплечье стражника
7728,Одеяния обманщика
7729,Мушкет Честерфолла
7730,Кобальтовый крушитель
7731,Талисман призрачного осколка
7733,Посох древнейшей истории
7734,Сумка Шести Демонов
7735,Роза Джаннока
7736,Боевая дубина
7737,Записи Сетира
7738,Вечнозеленые перчатки
7739,Накидка лесов
7740,Медальон Вогникив
7741,Стержень Хыннещихоп
7742,Схема: маскировочный механизм гномов
7746,Амулет Лиги исследователей
7747,Погибельная защита
7748,Кулачный щит крепости камня
7749,Сфера Омеги
7750,Оплечье горя
7751,Сапоги Воррела
7752,Сноубийца
7753,Кровопроливец
7754,Сапоги вестника
7755,Кременистые наплечники
7756,Перчатки дрессировщика собак
7757,Посох Сплетения ветров
7758,Безжалостный нож
7759,Нагрудник Архона
7760,Килт вождя
7761,Стальной Коготь
7766,Пустой коричневый бурдюк для воды
7767,Пустой синий бурдюк для воды
7768,Пустой красный бурдюк для воды
7769,Полный коричневый бурдюк для воды
7770,Полный синий бурдюк для воды
7771,Полный красный бурдюк для воды
7786,Головокол
7787,Ослепительная охрана
7806,Леденец
7807,Сладкий батончик
7808,Плитка шоколада
7809,Пасхальное платье
7810,Фиал с чистейшей водой
7811,Оставшиеся капли чистейшей воды
7812,Браслеты оскверненного воплощения
7813,Осколок Воды
7846,Клык скального койота
7847,Второй желудок канюка
7848,Осколок каменного элементаля
7866,Пустой волшебный сосуд
7867,Сосуд драконьей крови
7870,Сейф с волшебными сосудами
7871,Воровская руна
7886,Непереведенные записи
7887,Ожерелье и драгоценности
7888,Ожерелье Усиления Джаркала
7906,Рога Незры
7907,Воровской сертификат
7908,Дневник Клейвена Мортвейка
7909,Аквамарин
7910,Звездный рубин
7911,Руда истинного серебра
7912,Твердый камень
7913,Варварские железные наплечники
7914,Варварская железная кираса
7915,Варварский железный шлем
7916,Варварские железные сапоги
7917,Варварские железные перчатки
7918,Тяжелый мифриловый наплечник
7919,Тяжелые мифриловые латные рукавицы
7920,Мифриловые чешуйчатые штаны
7921,Тяжелые мифриловые штаны
7922,Стальной латный шлем
7924,Мифриловые чешуйчатые наручи
7925,Мифриловые чешуйчатые перчатки
7926,Изысканные мифриловые штаны
7927,Изысканные мифриловые перчатки
7928,Изысканный мифриловый наплечник
7929,Орочьи боевые поножи
7930,Тяжелая мифриловая кираса
7931,Мифриловый капюшон
7932,Мифриловые чешуйчатые наплечники
7933,Тяжелые мифриловые сапоги
7934,Тяжелый мифриловый шлем
7935,Изысканная мифриловая кираса
7936,Изысканные мифриловые сапоги
7937,Изысканный мифриловый шлем
7938,Рукавицы из истинного серебра
7939,Кираса из истинного серебра
7941,Тяжелый мифриловый топор
7942,Синий блистающий топор
7943,Гибельный мифриловый клинок
7944,Ослепительная мифриловая рапира
7945,Большая черная палица
7946,Рунический мифриловый молот
7947,Эбеновый нож
7948,Ремень Теро-шан
7949,Поножи Теро-шан
7950,Броня Теро-шан
7951,Краги Теро-шан
7952,Сапоги Теро-шан
7953,Маска Теро-шан
7954,Ломатель
7955,Медный клеймор
7956,Бронзовый боевой молот
7957,Бронзовый длинный меч
7958,Бронзовый боевой топор
7959,Гниль
7960,Защитник из истинного серебра
7961,Фантомный клинок
7963,Стальная кираса
7964,Твердое точило
7965,Твердое грузило
7966,Твердый шлифовальный камень
7967,Мифриловый шип для щита
7968,Сокровище Южных морей
7969,Мифриловые шпоры
7970,Х.О.Ч.У
7971,Черная жемчужина
7972,Лимфа нежити
7973,Моллюск-болтун
7974,Острое мясо моллюска
7975,Чертеж: тяжелые мифриловые штаны
7976,Чертеж: мифриловый шип для щита
7978,Чертеж: варварские железные наплечники
7979,Чертеж: варварская железная кираса
7980,Чертеж: варварский железный шлем
7981,Чертеж: варварские железные сапоги
7982,Чертеж: варварские железные перчатки
7983,Чертеж: изысканные мифриловые штаны
7984,Чертеж: изысканные мифриловые перчатки
7985,Чертеж: изысканный мифриловый наплечник
7989,Чертеж: мифриловые шпоры
7990,Чертеж: тяжелый мифриловый шлем
7991,Чертеж: мифриловые чешуйчатые наплечники
7992,Чертеж: синий блистающий топор
7993,Чертеж: ослепительная мифриловая рапира
7995,Чертеж: мифриловые чешуйчатые наручи
7996,Поношенная шляпа рыболова
7997,Красная маска Братства Справедливости
8006,Пронзатель
8007,Цитрин маны
8008,Рубин маны
8009,Дентриевый камень силы
8026,Фамильное сокровище Гарретта
8027,Сокровище Крома Крепкорука
8028,Чертеж: рунический мифриловый молот
8029,Чертеж: гибельный мифриловый клинок
8030,Чертеж: эбеновый нож
8046,Дневник Кеарнен
8047,Гриб-малиновик
8048,Изумрудный ловец снов
8049,Ожерелье Кривой Сосны
8050,Самоцвет Таллонкая
8051,Сигнальное ружье
8052,Камень могущества Ан\'Аллеума
8053,Обсидиановый источник силы
8066,Свисток Физзла
8067,Легкий искусно изготовленный патрон
8068,Тяжелый искусно изготовленный патрон
8069,Твердый искусно изготовленный патрон
8070,Наградной сертификат
8071,Шипящее древко
8073,Запас измененной смеси Занзила
8074,Голова Галливикса
8075,Сотворенный батон
8076,Сотворенная сладкая булочка
8077,Сотворенная минеральная вода
8078,Сотворенная шипучка
8079,Сотворенная талая вода
8080,Легкий латный нагрудник
8081,Легкий латный пояс
8082,Легкие латные сапоги
8083,Легкие латные наручи
8084,Легкие латные перчатки
8085,Легкие латные набедренники
8086,Легкие латные наплечные пластины
8087,Образец видоизмененной смеси Занзила
8088,Латный пояс
8089,Латные сапоги
8090,Латные наручи
8091,Латные перчатки
8092,Латный шлем
8093,Латные поножи
8094,Латы
8095,Масло Хинотта
8106,Броня зимней спячки
8107,Сапоги зимней спячки
8108,Наручи зимней спячки
8109,Плащ зимней спячки
8110,Перчатки зимней спячки
8111,Оплечье зимней спячки
8112,Штаны зимней спячки
8113,Одеяние зимней спячки
8114,Кушак зимней спячки
8115,Клобук зимней спячки
8116,Геральдический пояс
8117,Геральдические сапоги
8118,Геральдические наручи
8119,Геральдическая кираса
8120,Геральдический плащ
8121,Геральдические перчатки
8122,Геральдический головной убор
8123,Геральдические поножи
8124,Геральдический наплеч
8125,Наручи мирмидона
8126,Кираса мирмидона
8127,Накидка мирмидона
8128,Рукавицы мирмидона
8129,Ремень мирмидона
8130,Наголенники мирмидона
8131,Шлем мирмидона
8132,Поножи мирмидона
8133,Наплечье мирмидона
8134,Защита мирмидона
8135,Хромированный щит
8136,Гигантская опухоль
8137,Хромированные наручи
8138,Хромированная бригантина
8139,Хромированные рукавицы
8140,Хромированный ремень
8141,Хромированные наголенники
8142,Хромированный барбют
8143,Хромированные ножные латы
8144,Хромированное наплечье
8146,Гибельный коготь
8149,Оберег вуду
8150,Глубокоскальная соль
8151,Настой колдунства
8152,Настой большого колдунства
8153,Дикая лоза
8154,Чешуя скорпида
8155,Жертвоприношение Сатры
8156,Накулачники бретера
8157,Бригантина бретера
8158,Рукавицы бретера
8159,Ремень бретера
8160,Наголенники бретера
8161,Баскинет бретера
8162,Ножные латы бретера
8163,Наплечье бретера
8165,Потертая драконья чешуя
8167,Черепаший панцирь
8168,Гагатовое черное перо
8169,Плотная шкура
8170,Грубая кожа
8171,Грубая шкура
8172,Обработанная плотная шкура
8173,Накладки из плотной кожи
8174,Удобная кожаная шляпа
8175,Ночной мундир
8176,Ночная головная повязка
8177,Учебный меч
8178,Тренировочный меч
8179,Лук оруженосца
8180,Охотничий лук
8181,Охотничья винтовка
8182,Шариковая винтовка
8183,Точный лук
8184,Поджигатель
8185,Поножи из черепашьего панциря
8186,Грозный жезл
8187,Перчатки из черепашьего панциря
8188,Дробовик взрывного действия
8189,Кираса из черепашьего панциря
8190,Меч Ханзо
8191,Шлем из черепашьего панциря
8192,Ночные наплечники
8193,Ночные штаны
8194,Гоблинский щелкунчик
8195,Ночной плащ
8196,Эбеновый ятаган
8197,Ночные сапоги
8198,Наручи из черепашьего панциря
8199,Боевой разрушитель
8200,Большое вудуистское одеяние
8201,Большая вудуистская маска
8202,Большие вудуистские штаны
8203,Жесткая кираса из чешуи скорпида
8204,Жесткие перчатки из чешуи скорпида
8205,Жесткие наручи из чешуи скорпида
8206,Жесткие поножи из чешуи скорпида
8207,Жесткие наплечники из чешуи скорпида
8208,Жесткий шлем из чешуи скорпида
8209,Жесткие сапоги из чешуи скорпида
8210,Дикарские кожаные наплечники
8211,Дикарский кожаный жилет
8212,Дикарские кожаные поножи
8213,Дикарские кожаные сапоги
8214,Дикарский кожаный шлем
8215,Дикарский кожаный плащ
8216,Большой вудуистский плащ
8217,Колчан быстрой тетивы
8218,Подсумок из плотной кожи
8223,Клинок Василиска
8224,Потрошитель силитидов
8225,Гниющий пронзатель
8226,Мясник
8244,Безупречная сфера из дренетиста
8245,Императорский красный мундир
8246,Императорские красные сапоги
8247,Императорские красные наручи
8248,Императорский красный плащ
8249,Императорские красные перчатки
8250,Императорское красное оплечье
8251,Императорские красные штаны
8252,Императорское красное одеяние
8253,Императорский красный кушак
8254,Императорский красный венец
8255,Ремень из змеиной кожи
8256,Сапоги из змеиной кожи
8257,Наручи из змеиной кожи
8258,Броня из змеиной кожи
8259,Плащ из змеиной кожи
8260,Перчатки из змеиной кожи
8261,Шлем из змеиной кожи
8262,Поножи из змеиной кожи
8263,Наплеч из змеиной кожи
8264,Эбеновые браслеты
8265,Эбеновая броня
8266,Эбеновый плащ
8267,Эбеновые рукавицы
8268,Эбеновый ремень
8269,Эбеновые сапоги
8270,Эбеновый полный шлем
8271,Эбеновые поножи
8272,Эбеновые наплечные пластины
8273,Доблестные накулачники
8274,Доблестный нагрудный доспех
8275,Эбеновый кулачный щит
8276,Доблестные рукавицы
8277,Доблестный ремень
8278,Доблестные наголенники
8279,Доблестный шлем
8280,Доблестные набедренники
8281,Доблестное доблестное наплечье
8282,Доблестный щит
8283,Чародейская броня
8284,Чародейские сапоги
8285,Чародейские поручи
8286,Чародейский плащ
8287,Чародейские перчатки
8288,Чародейское оплечье
8289,Чародейские поножи
8290,Чародейское одеяние
8291,Чародейский кушак
8292,Чародейский убор
8293,Пояс путника
8294,Сапоги путника
8295,Наручи путника
8296,Жакет путника
8297,Плащ путника
8298,Перчатки путника
8299,Шлем путника
8300,Поножи путника
8301,Наплеч путника
8302,Наручи героя
8303,Кираса героя
8304,Накидка героя
8305,Рукавицы героя
8306,Пояс героя
8307,Сапоги героя
8308,Повязка героя
8309,Поножи героя
8310,Наплечье героя
8311,Алебастровые латные тяжелые наручи
8312,Алебастровая кираса
8313,Кулачный щит героя
8314,Алебастровые латные рукавицы
8315,Алебастровый латный ремень
8316,Алебастровые латные наголенники
8317,Алабастровый латный шлем
8318,Алебастровые латные поножи
8319,Алебастровое латное наплечье
8320,Алебастровый щит
8343,Толстая шелковая нить
8344,Серебристые паутинные железы
8345,Волкоголовый шлем
8346,Рукавицы Моря
8347,Рукавицы из чешуи дракона
8348,Шлем огня
8349,Оперенная перьями кираса
8350,Одно кольцо
8363,Шаманский оберег вуду
8364,Мифрилоголовая форель
8365,Сырая мифрилоголовая форель
8366,Раздувшаяся форель
8367,Кираса из чешуи дракона
8368,Плотная волчья шкура
8383,Обычное письмо
8384,Выкройка: удобная кожаная шляпа
8385,Выкройка: перчатки из черепашьего панциря
8386,Выкройка: большое вудуистское одеяние
8387,Выкройка: большая вудуистская маска
8389,Выкройка: большие вудуистские штаны
8390,Выкройка: большой вудуистский плащ
8391,Челюсть голодного хохотуна
8392,Обожженные легкие вепря
8393,Клешня скорпока
8394,Мозг василиска
8395,Выкройка: жесткая кираса из чешуи скорпида
8396,Потроха стервятника
8397,Выкройка: жесткие наручи из чешуи скорпида
8398,Выкройка: жесткие перчатки из чешуи скорпида
8399,Выкройка: жесткие сапоги из чешуи скорпида
8400,Выкройка: жесткие наплечники из чешуи скорпида
8401,Выкройка: жесткие поножи из чешуи скорпида
8402,Выкройка: жесткий шлем из чешуи скорпида
8403,Выкройка: дикарские кожаные наплечники
8404,Выкройка: дикарский кожаный жилет
8405,Выкройка: дикарский кожаный шлем
8406,Выкройка: дикарские кожаные сапоги
8407,Выкройка: дикарские кожаные поножи
8408,Выкройка: дикарский кожаный плащ
8409,Выкройка: ночные наплечники
8410,С.И.Л.А.
8411,"Коктейль \""Легкое дыхание\"""
8412,Настойка Скорпока
8423,Эликсир мозгового штурма
8424,Зелье из потрошков
8425,Помет попугая
8426,Большое растрепанное перо
8427,Изуродованный трупик крысы
8428,Насыщенная влагой железа
8429,Проколотая слезная железа
8430,Пустая слезная железа
8431,Катушка светло-оливковых шелковых ниток
8432,О-де-Миксиль-пиксиль
8443,Газ\'рилльское украшение
8444,Ключ палача
8463,Приказы военного вождя
8483,Бурдюк с водой Скитальцев Пустыни
8484,Полевой набор Водной компании Прибамбасска
8485,Кошачья клетка бомбейская кошка
8486,Кошачья клетка корниш-рекс
8487,Кошачья клетка рыжая полосатая кошка
8488,Кошачья клетка серебристая полосатая кошка
8489,Кошачья клетка белый котенок
8490,Кошачья клетка сиамская кошка
8491,Кошачья клетка серая полосатая кошка
8492,Клетка с попугаем зеленокрылый ара
8494,Клетка с попугаем гиацинтовый ара
8495,Клетка с попугаем сенегальский
8496,Клетка с попугаем корелла
8497,Клетка с зайцем
8498,Маленький изумрудный дракончик
8499,Маленький багровый дракончик
8500,Большая рогатая сова
8501,Ястребиная сова
8508,Большой плавник
8523,Набор для полевых исследований
8524,"Источник питания, модель 4711-ФТЗ"
8525,Заказ на товары Зинг
8526,Фиалковый траган
8527,Запечатанный набор для полевых испытаний
8528,Фиалковый порошок
8529,Эликсир Гогельмогеля
8544,Бинты из магической ткани
8545,Плотные бинты из магической ткани
8548,Изыскательский жезл
8563,Красный механодолгоног
8564,Яйцо гиппогрифа
8584,Нетронутое устройство для поиска воды
8585,Включенное устройство для поиска воды
8586,Свисток красного крапчатого ящера
8587,Части тел насекомых Сентипаар
8588,Свисток изумрудного ящера
8591,Свисток бирюзового ящера
8592,Свисток фиолетового ящера
8593,Обозревательное устройство Холстомера
8594,Отчет о наблюдении за насекомыми
8595,Синий механодолгоног
8603,Терновая роса
8623,Аварийный маяк КПХ-17/TN
8624,Красная драгоценность
8625,Белая драгоценность
8626,Синяя драгоценность
8627,Поводья ночного саблезуба
8629,Поводья полосатого ночного саблезуба
8631,Поводья полосатого ледопарда
8632,Поводья пятнистого ледопарда
8643,Необыкновенное яйцо
8644,Нормальное яйцо
8645,Обычное яйцо
8646,Испорченное яйцо
8647,Ящик для яиц
8663,Мифриловый знак отличия
8683,Свежее яблоко Клары
8684,"\""Медовая зыбь из Внутренних земель\"""
8685,Груз медовухи для Драна
8686,Мифриловая подвеска
8687,Запечатанное описание посетителя Тредда
8703,Перстень Умения
8704,Аварийный маяк КПХ-9/HL
8705,Аварийный маяк КПХ-22/FE
8707,Искрящая чешуя Газ\'риллы
8708,Молот мастерства
8723,Голова Калифа Жало Скорпида
8724,Секрет Рин\'джи
8746,Клобук со шнуровкой
8747,Загрубевший кожаный шлем
8748,Двойной кольчужный капюшон
8749,Вязаная крючком шляпа
8750,Утолщенная кожаная шляпа
8751,Переплетенный капюшон
8752,Венец из многослойной чешуи
8753,Гладкий кожаный шлем
8754,Саржевый убор
8755,Легкий латный шлем
8766,Роса с цветков вьюнка
8827,Эликсир хождения по воде
8831,Лиловый лотос
8836,Слезы Артаса
8838,Солнечник
8839,Пастушья сумка
8845,Призрачная поганка
8846,Кровь Грома
8923,Субстанция агонии
8924,Пыль обветшания
8925,Хрустальная колба
8926,Быстродействующий яд IV
8927,Быстродействующий яд V
8928,Быстродействующий яд VI
8932,Альтеракский сыр
8948,Сушеные белые грибы
8949,Эликсир ловкости
8950,Домашний пирог с вишней
8951,Сильный эликсир защиты
8952,Жареная куропатка
8953,Жареные бананы
8956,Воспламеняющая смесь
8957,Гребнеплавничный палтус
8959,Сырой гребнеплавничный палтус
8973,Толстая шкура йети
8984,Смертельный яд III
8985,Смертельный яд IV
8993,Кодекс защиты от темной магии II
9030,Приводящее в сознание зелье
9036,Зелье защиты от магии
9060,Инкрустированный мифриловый цилиндр
9061,Гоблинское ракетное топливо
9088,"\""Дар Артаса\"""
9144,Зелье из дикой лозы
9149,Философский камень
9153,Чертежи буровой установки
9154,Эликсир обнаружения нежити
9155,Чародейский эликсир
9172,Зелье невидимости
9173,Гоблинский импульсный повторитель
9179,Сильный эликсир интеллекта
9186,Дурманящий яд III
9187,Сильный эликсир ловкости
9189,Колокольчик Шаи
9197,Эликсир снозрения
9206,Эликсир великанов
9210,Призрачная краска
9214,Гримуар инфернала
9224,Эликсир истребления демонов
9233,Эликсир обнаружения демонов
9234,Тиара Глубин
9235,Письмо Пратта
9236,Письмо Джангора
9237,Грива гнолла-древолапа
9238,Нерасколотый панцирь скарабея
9240,Молот Зул\'Фаррака
9241,Священный молот
9242,Древняя табличка
9243,Иссохшее сердце тролля
9244,Партия товара Столи
9245,Бутылка Столи
9246,Голова Огнебородого
9247,Чешуя наги из клана Гребня Ненависти
9248,Таинственная реликвия
9249,Ключ капитана
9250,Корабельное расписание
9251,Верхняя часть карты
9252,Нижняя часть карты
9253,Средняя часть карты
9254,Карта сокровищ Куэрго
9255,Суть Лахассы
9256,Суть Имбела
9257,Суть Самхи
9258,Суть Бильтана
9259,Племенное троллье ожерелье
9260,Крепленый ром
9261,Свинцовая руда
9262,Черный купорос
9263,Посох Трояса
9264,Эликсир энергии Тьмы
9265,Спрятанное сокровище Куэрго
9266,План битвы Древолапов
9275,Ключ Куэрго
9276,Пиратский сундучок
9277,Ядро памяти техбота
9278,Базовый элемент
9279,Белая перфокарта
9280,Желтая перфокарта
9281,Красная перфокарта
9282,Синяя перфокарта
9283,Пустая освинцованная склянка для проб
9284,Наполненная освинцованная склянка для проб
9285,Полевые латные тяжелые наручи
9286,Полевой латный доспех
9287,Боевые латные рукавицы
9288,Полевой латный ремень
9289,Полевые латные сапоги
9290,Полевой латный шлем
9291,Полевые латные поножи
9292,Полевое латное наплечье
9293,Рецепт: зелье защиты от магии
9294,Рецепт: зелье из дикой лозы
9295,Рецепт: зелье невидимости
9296,"Рецепт: \""Дар Артаса\"""
9297,Рецепт: эликсир снозрения
9298,Рецепт: эликсир великанов
9300,Рецепт: эликсир истребления демонов
9301,Рецепт: эликсир энергии Тьмы
9302,Рецепт: призрачная краска
9303,Рецепт: философский камень
9304,Рецепт: трансмутация железа в золото
9305,Рецепт: трансмутация мифрила в истинное серебро
9306,Посох Равноденствия
9307,Искрящийся камень
9308,Покрытый грязью предмет
9309,Механические внутренности робота
9312,Голубая ракета
9313,Зеленая ракета
9314,"Фейерверк \""Наливное яблочко\"""
9315,"Фейерверк \""Желтая роза\"""
9316,Радужная перфокарта
9317,"Фейерверк \""Триколор\"""
9318,Красная ракета
9319,Пика с тролльими черепами
9320,Череп тролля из племени Сухокожих
9321,Флакон с ядом
9322,Неповрежденная ядовитая железа
9323,Пергамент Гадрина
9324,Яд Шадры
9325,Маленький посох
9326,Покрытое грязью кольцо
9327,Карта безопасного доступа ДЕЛЬТА
9328,Суперщелк FX
9329,Короткая записка
9330,Снимок Гаммериты
9331,"\""Фералас: История\"""
9332,Повязки в запекшейся крови
9333,Потускневшее серебряное ожерелье
9334,Треснувший горшок
9335,Сломанная обсидиановая дубина
9336,Тролльский клык с золотым наконечником
9355,Серьга-кольцо
9356,Деревянная нога
9357,Скелет попугая
9358,Головная повязка
9359,Третья нога Вирта
9360,"\""Золото Куэрго\"""
9361,"\""Золото Куэрго\"" с червячком"
9362,Сверкающее золотое кольцо
9363,"Коробка, упакованная \""Чистером\"""
9364,Тяжелая освинцованная склянка для проб
9365,Высокомощные радиоактивные осадки
9366,Золотые чешуйчатые рукавицы
9367,Чертеж: золотые чешуйчатые рукавицы
9368,Перстень-печатка Джер\'Кая
9369,Радужное крыло летучего хамелеона
9370,Свиток Гордунни
9371,Сфера Гордунни
9372,Суль\'траз Каратель
9375,Каска золотодобытчика-умельца
9378,Шахтерское кайло Лопаторукого
9379,Санг\'траз Отражатель
9380,Джанг\'траз Охранитель
9381,Жезл земли
9382,Ударные шахтерские сапоги
9383,Обсидиановый колун
9384,Нож Каменного Свода
9385,Древний защитник
9386,Клеймо землечерпа
9387,Сапоги Ревелоша
9388,Боевые наручи Ревелоша
9389,Наплеч Ревелоша
9390,Перчатки Ревелоша
9391,Копатель
9392,Прокаленный клинок
9393,Маяк надежды
9394,Рогатый викингский шлем
9395,Перчатки Старины
9396,Набедренники Подземелий
9397,Плащ энергии
9398,Поношенные легкие ботинки
9399,Точная стрела
9400,Короткий лук Бейлога
9401,Скандинавская длинная заточка
9402,Сотворенный землей килт
9403,Изношенный викингский щит
9404,Щит Олафа на все случаи жизни
9405,Ремень силы голема
9406,Первязь Ветрового пика
9407,Поножи Камнеткача
9408,Окованный железом ослоп
9409,Наручи Иронайи
9410,Кулачные перчатки
9411,Наплечье каменного осколка
9412,Самострел Галганна
9413,Камнекрошитель
9414,Поножи из промасленной кожи
9415,Племенные одежды Гримлока
9416,Посох Гримлока
9418,Камнегубитель
9419,Молот Галганна
9420,Полный шлем авантюриста
9421,Крупный камень здоровья
9422,Тенегорнский бушмейстер
9423,Молотковый перфоратор
9424,Меч Джинн-су
9425,Маятник Рока
9426,Монолитный лук
9427,Костедробильщик Каменного Свода
9428,Выкопанные поручи
9429,Шахтерская шляпа Глубин
9430,Наплеч Утраченных веков
9431,Папская феска
9432,Наручи из черепных пластин
9433,Забытые напульсники
9434,Облачение стихий
9435,Решетчатые костяные рукавицы
9436,Сверток Фаранелла
9437,Непроверенный препарат тканей василиска
9438,Приемлемый препарат тканей скорпида
9439,Непроверенный препарат тканей гиены
9440,Приемлемый препарат тканей василиска
9441,Приемлемый препарат тканей гиены
9442,Непроверенный препарат тканей скорпида
9444,Щиток ЦП технобота
9445,Лапы грязнюка
9446,Нога Электроразителя
9447,Гайка Электроразителя
9448,Масляная тряпка Паучатника
9449,Ручной пробойник толпы
9450,Рабочие сапоги водителя гномобота
9451,Вода с пузырьками
9452,Гидротрость
9453,Отравляющий мститель
9454,Кислотоступы
9455,Посольские манжеты
9456,Стеклянный пистолет
9457,Королевский дипломатический скипетр
9458,Центральное ядро Термоштепселя
9459,Левая рука Термоштепселя
9460,Рог Зловещего Тотема
9461,Заряженная шестеренка
9462,Ящик с рогами племени Зловещего Тотема
9463,Кобальт Гордунни
9465,Кайло 5000
9466,Лопата Орвина
9467,Клык Газ\'риллы
9468,Перо Остроклюва
9469,Чешуя Газ\'риллы
9470,Маска скверного колдунства
9471,Медальон Некрума
9472,Ключ Хексс
9473,Проклятая шкура Худу
9474,Проклятый килт Худу
9475,Дьявольский нож для зачистки кожи
9476,Большое крутое наплечье
9477,Головорез вождя
9478,Продольная пила
9479,Личина Ликана
9480,Вырвиглаз
9481,Минотавр
9482,Палочка знахаря
9483,Пламенеющий сжигатель
9484,Поножи Чароскока
9485,Виброклинок
9486,Боевой топор Сверхатакующего
9487,Высокотехничное сверхружье
9488,Отбойный молоток
9490,Механический мегасекач
9491,Перчатки лихого пилота
9492,Электромагнитный реактиватор Гигафлюса
9507,Бережно упакованный ящик
9508,Комбинезон строителя-механика
9509,Поножи Пролитого бензина
9510,Пещерные походные сапоги
9511,Скальпель-кровопускатель
9512,Накидка металлурга
9513,Посох залога
9514,Чародейский посох
9515,Мундир из кружева Пустоты
9516,Рубашка волшебного плетения
9517,Небесный посох
9518,Крушители Мада
9519,Высокие ботинки Грязнонога
9520,Бесшумный охотник
9521,Рассекатель черепов
9522,Заряженный круглый камень
9523,Троллье месиво
9527,Жезл смены заклятий
9528,Темное сердце Эданы
9530,Рог Когтя Ненависти
9531,Наплечье Драгоценной скорлупы
9533,Кольцо масонского братства
9534,Головной убор Гильдий
9535,Спаянные огнем наручи
9536,Волшебнокрылое оплечье
9538,Золотое кольцо Талваша
9539,Коробка с пайками
9540,Коробка с заклинаниями
9541,Коробка со сластями
9542,Обычное письмо
9543,Простая руна
9544,Записка
9545,Простой знак
9546,Простой свиток
9547,Простая записка
9548,Благословенное письмо
9550,Зашифрованная руна
9551,Зашифрованный знак
9552,Руническая записка
9553,Пергамент с письменами
9554,Табличка с письменами
9555,Зашифрованное письмо
9556,Благословенная руна
9557,Благословенный знак
9558,Зашифрованная записка
9559,Зашифрованный свиток
9560,Зашифрованный пергамент
9561,Освященная табличка
9562,Руническая табличка
9563,Священная руна
9564,Каменная табличка
9565,Нацарапанная записка
9566,Гравированная руна
9567,Выгравированный знак
9568,Рунический пергамент
9569,Священный свиток
9570,Благословенное письмо
9571,Письмо мага
9573,Таинственная записка
9574,Покрытый письменами свиток
9575,Табличка с тайными знаками
9576,Запачканное письмо
9577,Гниющая записка
9578,Грязный свиток
9579,Гниющий пергамент
9580,Зеленый знак
9581,Зеленая записка
9587,Сума из мягкой кожи
9588,Золотое кольцо Ногга
9589,Покрытые коркой минералы
9590,Расколотое бревно
9591,Упругое сухожилие
9592,Металлические фрагменты
9593,Уменьшенный древень
9594,Уменьшенное чудовище
9595,Уменьшенный гиппогриф
9596,Уменьшенный чудесный дракончик
9597,Уменьшенный горный великан
9598,Ночная рубашка
9599,Лубяные кольчужные поножи
9600,Кружевные штаны
9601,Смягченные сапоги
9602,Кустарниковый клинок
9603,Посох из обдирай-корня
9604,Трубомолот механика
9605,Накидка ремонтника
9606,Сосуд для уменьшенных древней
9607,Бастион Штормграда
9608,Обезоруживающий инструмент Шони
9609,Полуперчатки Нерешительности
9618,Сосуд для уменьшенных чудовищ
9619,Сосуд для уменьшенных гиппогрифов
9620,Сосуд для уменьшенных чудесных дракончиков
9621,Сосуд для уменьшенных горных великанов
9622,Кольцо спутанного тростника
9623,Одеяния Сивинада
9624,Шаровары бегуна
9625,Двойные усиленные поножи
9626,Дворфийский натиск
9627,Путеводная звезда Лиги исследователей
9628,Мешочек для трав Ксераша
9629,Усохшая голова
9630,Сапоги Пратта ручной работы
9631,Перчатки Пратта ручной работы
9632,Перчатки Джангора ручной работы
9633,Сапоги Джангора ручной работы
9634,Перчатки искусной обработки
9635,Накидка аптекаря
9636,Кушак сорвиголовы
9637,Пинательные сапоги
9638,Хелонийские манжеты
9639,Рука Анту\'сула
9640,Порочные охваты
9641,Амулет жизненной силы
9642,Кольцо Великой Черепахи
9643,Оптоматический отражатель
9644,Термовкусовой яичный таймер
9645,Сапоги гнома-изобретателя
9646,"Гномское устройство, тонущее в воде"
9647,Проваленный эксперимент полета
9648,Кольчужное полотенце
9649,Одежды королевского рода
9650,Нагрудник почетного караула
9651,Молот всадника на грифоне
9652,Поножи всадника на грифоне
9653,Скоростные очки гонщика
9654,Отщеп курганного камня
9655,Кольцо Сева
9656,Гранитные захваты
9657,Кушак виноградной изгороди
9658,Сапоги Махариши
9660,Плащ звездочета
9661,Барьер Землехвата
9662,Сапоги упорного натиска
9663,Нагрудник Рассветного всадника
9664,Шлем часового
9665,Перчатки Крылогребня
9666,Ремень Крепкорога
9678,Сокрушитель мурлоков Ток\'Кара
9679,Секач мурлоков Ток\'Кара
9680,Пронзатель мурлоков Ток\'Кара
9681,Жареные ножки королевского краба
9682,Кожаный пояс повара
9683,Сила древня
9684,Сила Гиппогрифа
9685,Воля горного великана
9686,Дух чудесного дракончика
9687,Пояс борца
9698,Перчатки прозрения
9699,Плащ гарнизона
9703,Опаленная накидка
9704,Перчатки угонщика
9705,Шнуровка Тарга
9706,Диск Тарга
9718,Перекованный клинок Героев
9719,Сломанный клинок героев
9738,Самоцвет Кобрана
9739,Самоцвет Анакондры
9740,Самоцвет Питонаса
9741,Самоцвет Серпентиса
9742,Простой шнурованный ремень
9743,Простые ботинки
9744,Простые поручи
9745,Простая накидка
9746,Простые перчатки
9747,Простые брюки
9748,Простое одеяние
9749,Простая рубашка
9750,Цыганский кушак
9751,Цыганские сандалии
9752,Цыганские поручи
9753,Цыганский кулачный щит
9754,Цыганский плащ
9755,Цыганские перчатки
9756,Цыганские брюки
9757,Цыганский мундир
9758,Пояс оруженосца
9759,Сапоги новобранца
9760,Наручи оруженосца
9761,Плащ оруженосца
9762,Рукавицы оруженосца
9763,Поножи оруженосца
9764,Щит оруженосца
9765,Жилет оруженосца
9766,Зеленотканый кушак
9767,Зеленотканые сандалии
9768,Зеленотканые наручи
9769,Зеленотканая ветвь
9770,Зеленотканый плащ
9771,Зеленотканые перчатки
9772,Зеленотканые поножи
9773,Зеленотканое одеяние
9774,Зеленотканый жилет
9775,Бандитский кушак
9776,Бандитские сапоги
9777,Бандитские наручи
9778,Бандитский кулачный щит
9779,Бандитский плащ
9780,Бандитские перчатки
9781,Бандитские штаны
9782,Бандитский жакет
9783,Разбойничий нагрудник
9784,Разбойничьи сапоги
9785,Разбойничьи наручи
9786,Разбойничий плащ
9787,Разбойничьи рукавицы
9788,Разбойничий пояс
9789,Разбойничьи набедренники
9790,Разбойничий щит
9791,Плющетканый мундир
9792,Плющетканые сапоги
9793,Плющетканые браслеты
9794,Плющетканый плащ
9795,Плющетканые перчатки
9796,Плющетканое оплечье
9797,Плющетканые штаны
9798,Плющетканое одеяние
9799,Плющетканый кушак
9800,Сфера плюща
9801,Наилучший пояс
9802,Наилучшие сапоги
9803,Наилучшие наручи
9804,Качественный кулачный щит
9805,Наилучший плащ
9806,Наилучшие перчатки
9807,Наилучшие наплечники
9808,Качественные поножи
9809,Наилучший мундир
9810,Укрепленные сапоги
9811,Укрепленные наручи
9812,Укрепленный плащ
9813,Укрепленные рукавицы
9814,Укрепленный пояс
9815,Укрепленные поножи
9816,Укрепленный щит
9817,Укрепленный наплеч
9818,Укрепленная кольчуга
9819,Надежный мундир
9820,Надежные сапоги
9821,Надежные наручи
9822,Надежная накидка
9823,Надежные перчатки
9824,Надежные наплечники
9825,Надежные штаны
9826,Надежное одеяние
9827,Чешуйчатый кожаный пояс
9828,Чешуйчатые кожаные сапоги
9829,Чешуйчатые кожаные наручи
9830,Чешуйчатый щит
9831,Чешуйчатый плащ
9832,Чешуйчатые кожаные перчатки
9833,Чешуйчатые кожаные поножи
9834,Чешуйчатые кожаные наплечники
9835,Чешуйчатый кожаный мундир
9836,Пластинчатая броня
9837,Пластинчатые наручи
9838,Пластинчатый плащ
9839,Пластинчатые рукавицы
9840,Пластинчатый ремень
9841,Пластинчатые поножи
9842,Пластинчатое наплечье
9843,Пластинчатый щит
9844,Жилет фокусника
9845,Ботинки фокусника
9846,Наручи фокусника
9847,Плащ фокусника
9848,Перчатки фокусника
9849,Капюшон фокусника
9850,Оплечье фокусника
9851,Брюки фокусника
9852,Одеяние фокусника
9853,Кушак фокусника
9854,Жакет лучника
9855,Пояс лучника
9856,Сапоги лучника
9857,Наручи лучника
9858,Кулачный щит лучника
9859,Шапка лучника
9860,Плащ лучника
9861,Перчатки лучника
9862,Брюки лучника
9863,Наплечные пластины лучника
9864,Сапоги отступника
9865,Наручи отступника
9866,Нагрудный доспех отступника
9867,Плащ отступника
9868,Рукавицы отступника
9869,Пояс отступника
9870,Венец отступника
9871,Поножи отступника
9872,Наплечье отступника
9873,Щит отступника
9874,Облачение волшебника
9875,Кушак волшебника
9876,Туфли волшебника
9877,Плащ волшебника
9878,Шляпа волшебника
9879,Браслеты волшебника
9880,Волшебные перчатки
9881,Оплечье волшебника
9882,Сфера волшебника
9883,Штаны волшебника
9884,Одеяние волшебника
9885,Сапоги охотника
9886,Поручи охотника
9887,Броня охотника
9889,Шапка охотника
9890,Накидка охотника
9891,Пояс охотника
9892,Перчатки охотника
9893,Поножи охотника
9894,Наплечники охотника
9895,Джазерентские сапоги
9896,Джазерентские наручи
9897,Джазерентский нагрудный доспех
9898,Джазерентский плащ
9899,Джазерентский щит
9900,Джазерентские рукавицы
9901,Джазерентский пояс
9902,Джазерентский шлем
9903,Джазерентские поножи
9904,Джазерентское наплечье
9905,Королевская рубашка
9906,Королевский кушак
9907,Сапоги короля
9908,Королевская накидка
9909,Королевские поручи
9910,Королевские перчатки
9911,Королевские брюки
9912,Королевский нарамник
9913,Королевское платье
9914,Королевский скипетр
9915,Королевская головная повязка
9916,Следопытский пояс
9917,Сапоги следопыта
9918,Дружинная защита
9919,Плащ следопыта
9920,Перчатки следопыта
9921,Головная повязка следопыта
9922,Поножи следопыта
9923,Наплечные пластины следопыта
9924,Мундир следопыта
9925,Накулачники следопыта
9926,Дружинные сапоги
9927,Дружинные наручи
9928,Дружинная кираса
9929,Дружинный плащ
9930,Дружинные рукавицы
9931,Дружинный ремень
9932,Дружинный венец
9933,Дружинные поножи
9934,Дружинное наплечье
9935,Чеканный латный щит
9936,Сапоги изменника
9937,Поручи изменника
9938,Плащ изменника
9939,Перчатки изменника
9940,Капюшон изменника
9941,Оплечье изменника
9942,Штаны изменника
9943,Одеяние изменника
9944,Кристалл изменника
9945,Кушак изменника
9946,Мундир изменника
9947,Атаманский пояс
9948,Атаманские ботинки
9949,Атаманские наручи
9950,Атаманская кираса
9951,Атаманский плащ
9952,Атаманские перчатки
9953,Атаманский головной убор
9954,Атаманские поножи
9955,Атаманские наплечники
9956,Наемнические наручи
9957,Наемнический нагрудник
9958,Наемнический кулачный щит
9959,Наемнический плащ
9960,Наемнические рукавицы
9961,Наемнический пояс
9962,Наемнические наголенники
9963,Наемнический венец
9964,Наемнические поножи
9965,Наемническое наплечье
9966,Чеканный латный доспех
9967,Чеканные латные рукавицы
9968,Чеканный латный ремень
9969,Чеканный латный шлем
9970,Чеканные латные поножи
9971,Чеканное латное наплечье
9972,Чеканные латные наручи
9973,Чеканные латные сапоги
9974,Щит властителя
9978,Обнаружитель газ\'риллия
9998,Черный жилет из магической ткани
9999,Черные поножи из магической ткани
10000,Рог Маргульи
10001,Черное одеяние из магической ткани
10002,Тенетканые штаны
10003,Черные перчатки из магической ткани
10004,Тенетканое одеяние
10005,Гигантский рог Маргульи
10007,Красный жилет из магической ткани
10008,Белая бандитская маска
10009,Красные штаны из магической ткани
10010,Штаны из штормовой ткани
10011,Перчатки из штормовой ткани
10018,Красные перчатки из магической ткани
10019,Перчатки из ткани Грез
10020,Жилет из штормовой ткани
10021,Жилет из ткани Грез
10022,Подтверждение подлинности
10023,Тенетканые перчатки
10024,Черная повязка из магической ткани
10025,Тенетканая маска
10026,Черные сапоги из магической ткани
10027,Черные наплечники из магической ткани
10028,Тенетканые наплечники
10029,Красные наплечники из магической ткани
10030,Адмиральская шляпа
10031,Тенетканые сапоги
10032,Головная повязка из штормовой ткани
10033,Красная головная повязка из магической ткани
10034,Рубашка под смокинг
10035,Брюки под смокинг
10036,Куртка-смокинг
10038,Наплечники из штормовой ткани
10039,Сапоги из штормовой ткани
10040,Белое свадебное платье
10041,Венец из ткани Грез
10042,Одеяние из пепельной ткани
10043,Богоугодные бриджи
10044,Сапоги из пепельной ткани
10045,Простые льняные штаны
10046,Простые льняные сапоги
10047,Простой килт
10048,Многоцветный килт
10049,Клинок демонопоклонника
10050,Сумка из магической ткани
10051,Красная сумка из магической ткани
10052,Оранжевая воинская рубашка
10053,Простое черное платье
10054,Лиловая рубашка из магической ткани
10055,Розовая рубашка из магической ткани
10056,Оранжевая рубашка из магической ткани
10057,Мракотканый мундир
10058,Мракотканые сандалии
10059,Мракотканые наручи
10060,Мракотканая накидка
10061,Мракотканый тюрбан
10062,Мракотканые перчатки
10063,Мракотканый нарамник
10064,Мракотканые штаны
10065,Кровотканое одеяние
10066,Мракотканый кушак
10067,Воинский пояс праведности
10068,Сапоги праведности
10069,Наручи праведности
10070,Броня праведности
10071,Плащ праведности
10072,Перчатки Праведности
10073,Полный шлем праведности
10074,Поножи праведности
10075,Наплеч праведности
10076,Боевые наручи лорда
10077,Кираса лорда
10078,Рыцарский щит лорда
10079,Накидка лорда
10080,Рукавицы лорда
10081,Ремень лорда
10082,Сапоги лорда
10083,Корона лорда
10084,Набедренники лорда
10085,Наплечье лорда
10086,Готический латный доспех
10087,Готические латные рукавицы
10088,Готический латный ремень
10089,Готические башмаки
10090,Готический латный шлем
10091,Готические латные поножи
10092,Готический латный наплеч
10093,Потусторонний отражатель
10094,Готические латные тяжелые наручи
10095,Сапоги советника
10096,Манжеты советника
10097,Венец советника
10098,Плащ советника
10099,Перчатки советника
10100,Наплечники советника
10101,Штаны советника
10102,Одеяния советника
10103,Кушак советника
10104,Мундир советника
10105,Броня странника
10106,Сапоги странника
10107,Наручи странника
10108,Плащ странника
10109,Пояс странника
10110,Перчатки странника
10111,Шляпа странника
10112,Поножи странника
10113,Наплечники странника
10118,Изысканная кираса
10119,Изысканные наголенники
10120,Изысканный плащ
10121,Изысканные рукавицы
10122,Изысканный ремень
10123,Изысканный венец
10124,Изысканные набедренники
10125,Изысканное наплечье
10126,Изысканные наручи
10127,Потусторонние наручи
10128,Потусторонняя бригантина
10129,Потусторонние рукавицы
10130,Потусторонний ремень
10131,Потусторонние сапоги
10132,Потусторонний полный шлем
10133,Потусторонние поножи
10134,Потусторонние наплечники
10135,Мундир верховного советника
10136,Наручи верховного советника
10137,Сапоги верховного советника
10138,Плащ верховного советника
10139,Венец верховного советника
10140,Перчатки верховного советника
10141,Штаны верховного советника
10142,Оплечье верховного советника
10143,Одеяние верховного советника
10144,Кушак верховного советника
10145,Добротный ремень
10146,Добротные сапоги
10147,Добротные защитные наручи
10148,Добротный плащ
10149,Добротные рукавицы
10150,Добротный полный шлем
10151,Добротный мундир
10152,Добротные поножи
10153,Добротный наплеч
10154,Переменчивый ремень
10155,Переменчивые наголенники
10156,Переменчивые наручи
10157,Переменчивая кираса
10158,Переменчивый страж
10159,Переменчивый плащ
10160,Переменчивый венец
10161,Переменчивые рукавицы
10162,Переменчивые набедренники
10163,Переменчивое наплечье
10164,Бригантина храмовника
10165,Рукавицы храмовника
10166,Ремень храмовника
10167,Сапоги храмовника
10168,Корона храмовника
10169,Ножные латы храмовника
10170,Наплечье храмовника
10171,Наручи храмовника
10172,Мистическое оплечье
10173,Мистические наручи
10174,Мистическая накидка
10175,Мистический тюрбан
10176,Мистические перчатки
10177,Мистические поножи
10178,Мистическое одеяние
10179,Мистические сапоги
10180,Мистический пояс
10181,Мистическая броня
10182,Кираса сорвиголовы
10183,Сапоги сорвиголовы
10184,Наручи сорвиголовы
10185,Накидка сорвиголовы
10186,Перчатки сорвиголовы
10187,Глазная повязка сорвиголовы
10188,Поножи сорвиголовы
10189,Наплечные пластины сорвиголовы
10190,Пояс сорвиголовы
10191,Боевые наручи рыцаря
10192,Сапоги рыцаря
10193,Броня рыцаря
10194,Плащ рыцаря
10195,Щит рыцаря
10196,Рукавицы рыцаря
10197,Рыцарский пояс
10198,Шлем рыцаря
10199,Рыцарские поножи
10200,Наплечье рыцаря
10201,Наголенники властителя
10202,Тяжелые наручи властителя
10203,Бригантина властителя
10204,Тяжелый ламеллярный щит
10205,Рукавицы властителя
10206,Ремень властителя
10207,Корона властителя
10208,Ножные латы властителя
10209,Наплеч властителя
10210,Элегантное оплечье
10211,Элегантные сапоги
10212,Элегантный плащ
10213,Элегантные наручи
10214,Элегантные перчатки
10215,Элегантные одеяния
10216,Элегантный пояс
10217,Элегантные поножи
10218,Элегантный мундир
10219,Элегантный венец
10220,Мундир ночной тени
10221,Ремень ночной тени
10222,Сапоги ночной тени
10223,Боевые наручи ночной тени
10224,Плащ ночной тени
10225,Перчатки ночной тени
10226,Полный шлем ночной тени
10227,Поножи ночной тени
10228,Наплеч ночной тени
10229,Чеканные наручи
10230,Чеканная кираса
10231,Накидка с гравировкой
10232,Чеканные рукавицы
10233,Чеканный ремень
10234,Чеканные сапоги
10235,Чеканный шлем
10236,Чеканные поножи
10237,Чеканное наплечье
10238,Тяжелые ламеллярные сапоги
10239,Тяжелые ламеллярные наручи
10240,Тяжелый ламеллярный нагрудник
10241,Тяжелый ламеллярный шлем
10242,Тяжелые ламеллярные рукавицы
10243,Тяжелый ламеллярный ремень
10244,Тяжелые ламеллярные поножи
10245,Тяжелое ламеллярное наплечье
10246,Жилет наставника
10247,Сапоги наставника
10248,Наручи наставника
10249,Плащ наставника
10250,Шляпа наставника
10251,Перчатки наставника
10252,Поножи наставника
10253,Оплечье наставника
10254,Одеяние наставника
10255,Пояс наставника
10256,Наручи авантюриста
10257,Сапоги авантюриста
10258,Накидка авантюриста
10259,Пояс авантюриста
10260,Перчатки авантюриста
10261,Бандана авантюриста
10262,Набедренники авантюриста
10263,Наплечники авантюриста
10264,Мундир авантюриста
10265,Наручи искусной работы
10266,Кираса искусной работы
10267,Накидка искусной работы
10268,Рукавицы искусной работы
10269,Ремень искусной работы
10270,Сапоги искусной работы
10271,Щит искусной работы
10272,Венец искусной работы
10273,Ножные латы искусной работы
10274,Наплечье искусной работы
10275,Изумрудная кираса
10276,Изумрудные башмаки
10277,Изумрудные рукавицы
10278,Изумрудный ремень
10279,Изумрудный шлем
10280,Изумрудные ножные латы
10281,Изумрудное наплечье
10282,Изумрудные тяжелые наручи
10283,Образцы сердца волка
10285,Тенешелк
10286,Сердце дикой природы
10287,Зеленотканое оплечье
10288,Венец книжника
10289,Надежная шляпа
10290,Розовая краска
10298,Гномреганское кольцо
10299,Гномреганский амулет
10300,Выкройка: красный жилет из магической ткани
10301,Выкройка: белая бандитская маска
10302,Выкройка: красные штаны из магической ткани
10305,Свиток защиты IV
10306,Свиток духа IV
10307,Свиток выносливости IV
10308,Свиток интеллекта IV
10309,Свиток ловкости IV
10310,Свиток силы IV
10311,Выкройка: оранжевая воинская рубашка
10312,Выкройка: красные перчатки из магической ткани
10314,Выкройка: лиловая рубашка из магической ткани
10315,Выкройка: красные наплечники из магической ткани
10316,Выкройка: многоцветный килт
10317,Выкройка: розовая рубашка из магической ткани
10318,Выкройка: адмиральская шляпа
10320,Выкройка: красная головная повязка из магической ткани
10321,Выкройка: рубашка под смокинг
10323,Выкройка: брюки под смокинг
10325,Выкройка: белое свадебное платье
10326,Выкройка: куртка-смокинг
10327,Рог Ичияки
10328,Алый нагрудник
10329,Алый пояс
10330,Алые поножи
10331,Алые рукавицы
10332,Алые сапоги
10333,Алые накулачники
10338,Свежая туша жевры
10358,Дюрациновые наручи
10359,Долговечные сапоги
10360,Черная королевская змейка
10361,Бурая змейка
10362,Изысканный щит
10363,Чеканный башенный щит
10364,Щит храмовника
10365,Изумрудный щит
10366,Демонический страж
10367,Щит Гипериона
10368,Прочный латный доспех
10369,Прочные латные рукавицы
10370,Прочный латный ремень
10371,Прочные латные наголенники
10372,Прочный латный шлем
10373,Прочные латные поножи
10374,Прочные латное наплечье
10375,Прочные латные наручи
10376,Сапоги командора
10377,Тяжелые наручи командора
10378,Броня командора
10379,Шлем командора
10380,Рукавицы командора
10381,Ремень командора
10382,Поножи командора
10383,Наплечье командора
10384,Броня Гипериона
10385,Наголенники Гипериона
10386,Рукавицы Гипериона
10387,Ремень Гипериона
10388,Шлем Гипериона
10389,Ножные латы Гипериона
10390,Наплечье Гипериона
10391,Тяжелые наручи Гипериона
10392,Багровая змея
10393,Тараканище
10394,Свисток луговой собачки
10398,Механическая курица
10399,Черненая броня Братства Справедливости
10400,Черненые поножи Братства Справедливости
10401,Черненые перчатки Братства Справедливости
10402,Черненые сапоги Братства Справедливости
10403,Черненый пояс Братства Справедливости
10404,Надежный пояс
10405,Бандитские наплечники
10406,Головная повязка из чешуйчатой кожи
10407,Разбойничьи наплечные пластины
10408,Пластинчатый шлем
10409,Пластинчатые сапоги
10410,Змеиные поножи
10411,Змеиные сапоги
10412,Змеиный пояс
10413,Змеиные перчатки
10414,Образец панциря хрустогрыза
10418,Мерцающий мифриловый талисман
10420,Череп Хладовея
10421,Грубый медный жилет
10423,Посеребренные бронзовые поножи
10424,Чертеж: посеребренные бронзовые поножи
10438,Ящик Феликса
10439,Жгучая бражка Дурнана
10440,Кружка Нори
10441,Светящийся осколок
10442,Таинственный артефакт
10443,Опаленное письмо
10444,Обычное сигнальное ружье
10445,Набор для рисования
10446,Сердце Обсидиона
10447,Голова Латорика Черного
10450,Неповрежденное перо гиппогрифа
10454,Сущность Эраникуса
10455,Скованная сущность Эраникуса
10456,Набитый монетами кошелек
10457,Пустая ракушка моллюска
10458,Молитва к Элуне
10459,Голова вождя Остроклыка Терновая Мантия
10461,Смутные наручи
10462,Смутный пояс
10463,Выкройка: тенетканая маска
10464,Посох властности
10465,Яйцо Хаккара
10466,Круглый камень Атал\'ай
10467,Сумка торговца
10479,Сумка с товаром Ковиса
10498,Шлицевой гироинструмент
10499,Яркоглазые очки
10500,Огненные очки
10501,"Ультра-очки \""Кошачий глаз\"""
10502,Очки волшебного могущества-Экстрим
10503,Розовые очки
10504,Зеленая линза
10505,Твердое взрывчатое вещество
10506,Шлем ныряльщика
10507,Твердый динамит
10508,Мифриловый мушкетон
10509,Сердце пламени
10510,Мифриловая крупнокалиберная винтовка
10511,Масло големов
10512,Бронебойные мифриловые пули
10513,Мифриловый гиро-патрон
10514,Мифриловая осколочная бомба
10515,Факел воздаяния
10518,Плащ-парашют
10538,Табличка Бет\'Амары
10539,Табличка Джин\'яэль
10540,Табличка Маркри
10541,Табличка Саэль\'Хай
10542,Шахтерская гоблинская каска
10543,Шлем гоблинской конструкции
10544,Кувалда Чертополоха
10545,Гномские очки
10546,Смертоносный прицел
10547,Лагерный нож
10548,Снайперский прицел
10549,Брюки фермера
10550,Шерстяные полуперчатки
10551,Окованный торием кинжал
10552,Знак Рагнароса
10553,Жилет старшины
10554,Штаны старшины
10556,Круглый камень
10558,Золотое силовое ядро
10559,Мифриловая труба
10560,Нестабильное пусковое устройство
10561,Мифриловая обшивка
10562,Фугасная бомба
10563,Оттиск: руна Бет\'Амары
10564,Оттиск: руна Джин\'яэль
10565,Оттиск: руна Маркри
10566,Оттиск: руна Саэл\'Хаи
10567,Перострел
10569,Сокровищница черных драконов
10570,Человекоубийца
10571,Черная костяная дубина
10572,Замораживающий осколок
10573,Костеруб
10574,Покров трупа
10575,Сброшенная кожа черного дракона
10576,Мифриловый механический дракончик
10577,Гоблинская мортира
10578,Сапоги оброненной мысли
10579,Взрывная стрела
10581,Жилет Мертвой головы
10582,Шипоступы
10583,Стеганая портупея
10584,Кулачные перчатки шторма
10585,Гоблинское радио
10586,Великан
10587,Гоблинский бомбомет
10588,Гоблинский реактивный шлем
10589,Камень клятвы драконьего выводка Изеры
10590,Щербатая черная коробка
10592,"Эликсир \""Кошачий глаз\"""
10593,Несовершенный фрагмент дренетиста
10597,Голова волхва Римтори
10598,Окровавленная голова Хетайры
10599,Разбитая голова Хетайры
10600,Покрытая синяками голова Хетайры
10601,Схема: яркоглазые очки
10602,Схема: смертоносный прицел
10603,"Схема: ультра-очки \""Кошачий глаз\"""
10604,Схема: мифриловая крупнокалиберная винтовка
10605,Схема: очки волшебного могущества-Экстрим
10606,Схема: плащ-парашют
10607,Схема: шлем ныряльщика
10608,Схема: снайперский прицел
10609,Схема: мифриловый механический дракончик
10610,Кровь Хетайры
10620,Ториевая руда
10621,Свиток с рунами
10622,Флаг Кадрака
10623,Укус Зимы
10624,Жалящий лук
10625,Незаметный клинок
10626,Бушующий молот
10627,Ослоп скалящегося пса
10628,Убийственный удар
10629,Сапоги Странника Туманов
10630,Ореол Ловца Душ
10631,Рукавицы Мраковод
10632,Чешуйчатые наручи слизи
10633,Поножи Серебряной раковины
10634,Обруч Ока Разума
10635,Окрашенные плетеные поножи
10636,Перчатки кочевника
10637,Перчатки пивовара
10638,Длинная накидка с драпировкой
10639,Гиацинтовый гриб
10640,Лимфа чащобного тенетника
10641,Лунная лилия
10642,Противоядие для Иверрона
10643,Запечатанное письмо Аг\'тору
10644,Рецепт: гоблинское ракетное топливо
10645,Смертоносный луч гномов
10646,Гоблинская мина
10647,Инженерный краситель
10648,Чистый пергамент
10649,Кошмарный осколок
10652,Воля горного великана
10653,Сапоги первооткрывателя
10654,Джутовые перчатки
10655,Брюки из осоки
10656,Лубяной кольчужный жилет
10657,Оплечье Талбар
10658,Трясинные галоши
10659,Драгоценность Афрасы
10660,Первая табличка Мошару
10661,Вторая табличка Мошару
10662,Заполненное яйцо Хаккара
10663,Субстанция Хаккара
10664,Записка волхву Римтори
10678,Записка Магаты
10679,Записка Андрона
10680,Записка Джес\'римона
10681,Записка Ксилема
10682,Камень клятвы Белнистраза
10684,Гигантский парашют
10686,Эгида битвы
10687,Пустой флакон №1
10688,Пустой флакон №2
10689,Пустой флакон №3
10690,Пустой флакон №4
10691,Наполненный фиал номер 1
10692,Наполненный фиал номер 2
10693,Наполненный фиал номер 3
10694,Наполненный фиал номер 4
10695,Коробка с пустыми флаконами
10696,Зачарованный азшаритовый меч скверны
10697,Зачарованный азшаритовый кинжал скверны
10698,Зачарованный азшаритовый посох скверны
10699,Колючка Йе\'кинья
10700,Энкарминные сапоги
10701,Сапоги Зула\'тека
10702,Огромные огрские сапоги
10703,Дьявольский стачиватель
10704,Холодный рассекатель
10705,Нарукавье огненной ивы
10706,Ремень из ночной чешуи
10707,Наголенники Сталевара
10708,Сфера Заклятого черепа
10709,Огнекаменная сфера
10710,Кольцо драконьего когтя
10711,Ожерелье Драконьей Крови
10712,Эликсир Дуремара
10713,Чертеж: инкрустированный мифриловый цилиндр
10714,Кристаллизированный азшарит
10715,Прицел Ким\'джаеля
10716,Уменьшающий луч гномов
10717,Компас Ким\'джаеля
10718,Центробежный растягиватель Ким\'джаеля
10720,Гномский сетестрел
10721,"Пояс гномов, хранящий от вреда"
10722,Плюшевый цыпленок Ким\'джаеля
10724,Гномские реактивные сапоги
10725,Боевой цыпленок гномов
10726,Гномская шапка контроля над разумом
10727,Гоблинское драконье ружье
10728,Выкройка: черная рубашка сорвиголовы
10738,Партия товара Гальвану
10739,Кольцо стойкости
10740,Ножные латы центуриона
10741,Полный шлем Лордрека
10742,Драконьи поножи
10743,Шлем пламени дракона
10744,Топор эбенового дракона
10745,Наплечники Кайлари
10746,Тяжелые наручи из рунической стали
10747,Кушак наставника
10748,Сапоги жажды странствий
10749,Шлем Авангарда
10750,Кортик жизненной силы
10751,Драгоценный венец
10752,Украшенный изумрудами сундук
10753,Амулет Грола
10754,Амулет Севины
10755,Амулет Аллистария
10758,Экс-Калибур
10759,Отрубленный рог Осквернителя
10760,Свинские кулачные перчатки
10761,Кинжал Холодной Ярости
10762,Одеяния лича
10763,Барбют из ледяной стали
10764,Мертвенно-хладная броня
10765,Костяные защитные перчатки
10766,Чумной побег
10767,Щит свирепого вепря
10768,Вепревый пояс защитника
10769,Светящееся Око Мордреша
10770,Безжизненный череп Мордреша
10771,Кушак смертемага
10772,Колун Обжоры
10773,Урна Хаккари
10774,Наплечники из сырой шкуры
10775,Панцирь Тутен\'каш
10776,Накидка шелкопряда
10777,Перчатки арахнида
10778,Ожерелье Убежища
10779,Кровь демона
10780,Перстень Хаккара
10781,Кираса Хаккари
10782,Капюшон Хаккари
10783,Наплеч Атал\'ай
10784,Кираса Атал\'ай
10785,Поножи Атал\'ай
10786,Сапоги Атал\'ай
10787,Перчатки Атал\'ай
10788,Ремень Атал\'ай
10789,Справочник по инженерным дисциплинам
10790,Членский билет гильдии гномов-инженеров
10791,Членский билет гильдии гоблинов-инженеров
10792,Залог секретности Никса
10793,Залог секретности Большой искры
10794,Залог секретности Карлса
10795,Кольцо когтя дракона
10796,Драконий камень
10797,Огнеметатель
10798,Кольцо с клыка Атал\'алариона
10799,Пронзатель черепов
10800,Наручи Темной воды
10801,Скользкочешуйчатые сапоги
10802,Вуалекрылый плащ
10803,Клинок Презренных
10804,Кулак проклятого
10805,Пожиратель мертвых
10806,Одежды пророка Атал\'ай
10807,Килт пророка Атал\'ай
10808,Перчатки пророка Атал\'ай
10818,Свиток Йе\'кинья
10819,Перо дикого совуха
10820,Пояс из хлебного дерева
10821,Пахарский плащ
10822,Маленький темный дракончик
10823,Меч покорителя
10824,Талисман янтарного света
10826,Посох Знаний
10827,Мундир геодезиста
10828,Жуткий коготь
10829,Око дракона
10830,Осколочная граната M73
10831,Сфера Скверны
10832,Руководство владельца ищейки Скверны
10833,Рогатый шлем Эраникуса
10834,Набор для вызова ищейки Скверны
10835,Рыцарский щит превосходства
10836,Жезл ржавчины
10837,Зуб Эраникуса
10838,Мощь Хаккара
10839,Записка в кристалле
10840,Записка в кристалле
10841,Чай из златошипа
10842,Ветрочешуйчатый саронг
10843,Перистая накидка
10844,Шпиль Хаккара
10845,Облачение воина
10846,Забрызганные кровью наголенники
10847,Драконий зов
10858,Чертеж: прочная железная кувалда
10918,Нейтрализующий яд
10919,Перчатки аптекаря
10920,Нейтрализующий яд II
10921,Нейтрализующий яд III
10922,Нейтрализующий яд IV
10938,Простая магическая субстанция
10939,Великая магическая субстанция
10940,Странная пыль
10958,Ожерелье Хилари
10959,Мешок из шкуры демона
10978,Малый мерцающий осколок
10998,Простая астральная субстанция
10999,Железный Друг
11018,Почва Ун\'Горо
11020,Сума вечного цветения
11022,Пакет семян Тарлендриса
11023,Анконская курица
11024,Контейнер для круглогодичного проращивания семян
11026,Коробка с древесной лягушкой
11027,Коробка с лесной лягушкой
11038,Формула чар для двуручного оружия - дух I
11039,Формула чар для плаща - ловкость I
11040,Рассветница
11058,Ноздревое кольцо Ша\'ни
11078,Ключ от древнего сундука
11080,Отрубленная голова Гор\'теша
11081,Формула чар для щита - броня I
11082,Великая астральная субстанция
11083,Пыль духа
11084,Большой мерцающий осколок
11086,Джанг\'траз Охранитель
11098,Формула чар для плаща - сопротивление темной магии I
11101,Формула чар для наручей - сила II
11102,Непроклюнувшееся яйцо летучего хамелеона
11103,Расписка в получении семян
11104,Большой компас
11105,Свернутая пергаментная карта
11106,Ключ Львиной Головы
11107,Небольшая сумка
11108,Выцветшая фотография
11109,Цыплячий корм
11110,Куриное яйцо
11111,Разбитое яйцо летучего хамелеона
11112,Исследовательское оборудование
11113,Ящик с провизией
11114,Кость динозавра
11116,Изорванный дневник
11118,Камень Аркедаса
11119,Урожай Милли
11120,Боевой молот Белгрома
11121,Талвар Темноводья
11122,Морковка на палочке
11123,Поножи Странника дождя
11124,Шлем изгнания
11125,Извещение о получении партии винограда
11126,Табличка Каринья
11127,Ящик со старой одеждой
11128,Золотой жезл
11129,Суть Стихий
11130,Рунический золотой жезл
11131,Образец материала со стены Улья
11132,Неиспользованный фиал для образцов
11133,Тренировочный меч Линкена
11134,Простая таинственная субстанция
11135,Великая таинственная субстанция
11136,Закаленный меч Линкена
11137,Пыль провидения
11138,Малый светящийся осколок
11139,Большой светящийся осколок
11140,Ключ от тюремной камеры
11141,Наживка
11142,Сломанный самофланж
11143,Металлическая заготовка для детали
11144,Жезл из истинного серебра
11145,Рунический жезл из истинного серебра
11146,Разбитый и сломанный самофланж
11147,Обложка руководства к самофланжу
11148,Страница из инструкции к самофланжу
11149,Руководство по самофланжу
11150,Формула чар для перчаток - горное дело I
11151,Формула чар для перчаток - травничество I
11152,Формула чар для перчаток - рыбная ловля
11162,Превосходный меч Линкена
11163,Формула чар для наручей - отражение II
11164,Формула чар для оружия - зверобой II
11165,Формула чар для оружия - низший истребитель элементалей
11166,Формула чар для перчаток - снятие шкур
11167,Формула чар для обуви - дух I
11168,"Формула: зачаровывание щита - блок, I ступень"
11169,Книга Аквора
11172,Серебристые когти
11173,Сердце Железнолесья
11174,Простая субстанция Пустоты
11175,Великая субстанция Пустоты
11176,Сонная пыль
11177,Малый светозарный осколок
11178,Большой светозарный осколок
11179,Золотое пламя
11184,Синий кристалл силы
11185,Зеленый кристалл силы
11186,Красный кристалл силы
11187,Наручи Стеблелиста
11188,Желтый кристалл силы
11189,Одеяния лесничего
11190,Лозяные перчатки
11191,Сапоги фермера
11192,Перчатки экипировщика
11193,Кираса Порыва ветра
11194,Хауберк из радужных чешуек
11195,Закаленная в битве бригантина
11196,Медальон Пламени Разума
11197,Ключ темного хранителя
11202,Формула чар для щита - выносливость III
11203,Формула чар для перчаток - горное дело II
11204,Формула чар для наручей - дух IV
11205,Формула чар для перчаток - травничество II
11206,Формула чар для плаща - ловкость II
11207,Формула чар для оружия - огненное оружие
11208,Формула чар для оружия - истребитель демонов
11222,Голова Кром\'зара
11223,Формула чар для наручей - отражение III
11224,Формула чар для щита - сопротивление магии льда
11225,Формула чар для наручей - выносливость IV
11226,Формула чар для перчаток - навык верховой езды
11227,Кусок знамени Кром\'зара
11229,Ремень из яркой чешуи
11230,Пойманная сущность огня
11231,Измененная сброшенная шкура черного дракона
11242,Корень вечерника
11243,Эликсир Видере
11262,Сфера Лорики
11263,Жезл силы Пустоты
11265,Кувалда лесного утеса
11266,Треснувший осколок элементаля
11267,Образец осколка элементаля
11268,Голова Аргелмаха
11269,Невредимое ядро элементаля
11270,Подписанный залог Никса
11282,Подписанный залог Карлса
11283,Подписанный залог Большой Искры
11284,Точные пули
11285,Зазубренная стрела
11286,Ториевые оковы
11287,Малый магический жезл
11288,Большой магический жезл
11289,Малый таинственный жезл
11290,Большой таинственный жезл
11291,Звездная древесина
11302,Сила Утера
11303,Тонкий короткий лук
11304,Тонкий длинный лук
11305,Массивный короткий лук
11306,Прочный изогнутый лук
11307,Массивный длинный лук
11308,Сильванский короткий лук
11309,Сердце горы
11310,Оплечье провидящего в огне
11311,Накидка Угольной чешуи
11312,Украденный рецепт громоварского
11313,Голова Риббли
11315,Росток кровоцвета
11316,Кровоцвет
11318,Туман Атал\'ай
11319,Разряженный громобой
11320,Антикровоцветный шокер
11324,Ранец исследователя
11325,Кружка эля Черного Железа
11362,Средний колчан
11363,Средний патронташ
11364,Гербовая накидка Штормграда
11366,Письмо Хелендиса Речного Мыса
11367,Обращение Соломона к Болвару
11368,Указ Болвара
11370,Руда черного железа
11371,Слиток черного железа
11382,Кровь Горы
11384,Сломанный зуб василиска
11385,Чешуя василиска
11386,Размякший глаз василиска
11387,Сердце василиска
11388,Яд василиска
11389,Переливчатая шкура василиска
11390,Сломанный клык летучей мыши
11391,Шипастое крыло летучей мыши
11392,Отрубленный коготь летучей мыши
11393,Череп маленькой летучей мыши
11394,Сердце летучей мыши
11395,Ухо летучей мыши
11402,Лоснящаяся шкурка летучей мыши
11403,Большой клык летучей мыши
11404,Глаз злобной летучей мыши
11405,Огромный серебряный слиток
11406,Гниющая медвежья туша
11407,Разорванная шкура медведя
11408,Медвежья челюсть
11409,Медвежьи внутренности
11410,Коготь дикого медведя
11411,Большая медвежья кость
11412,Сосуд Нагмары
11413,Наполненный сосуд Нагмары
11414,Седая грива
11415,Смесь ягод
11416,Хрупкий хребет с ребрами
11417,Оперенное крыло
11418,Полая кость крыла
11419,Таинственное непроклюнувшееся яйцо
11420,Изящные письменные принадлежности
11422,Обновительный дар гоблина-инженера
11423,Подарок при обновлении членства в гильдии гномо-инженеров
11444,"Мясо вепря из \""Угрюмого обжоры\"""
11445,Флейта Древних
11446,Измятая записка
11462,Выброшенный нож
11463,Недоставленная посылка
11464,Утерянная информация маршала Виндзора
11465,Утерянная информация маршала Виндзора
11466,Донесение Раскала
11467,Медальон Черной горы
11468,Поясная сумка дворфов Черного Железа
11469,Наручи Кровавой повязки
11470,Переписанный с таблички текст
11471,Хрупкое яйцо летучего хамелеона
11472,Окорок среброгривого бродяги
11474,Яйцо летучего хамелеона
11475,Заляпанный вином плащ
11476,Шкура У\'чи
11477,Белый коготь равазавра
11478,Шкура ун\'горской гориллы
11479,Шкура ун\'горского топотуна
11480,Шкура ун\'горского рокотуна
11482,Инструкция по эксплуатации пилонов
11502,Наплечники Кожи мудрости
11503,Кровавый янтарь
11504,Часть трупа жесткозуба
11507,Шкура пятнистой гиены
11508,Тапочки гейм-мастера
11509,Феромонная железа равазавра
11510,Голова Лар\'корви
11511,Маяк Кенария
11512,Клочок порченой шкуры
11513,Затронутый порчей купорос
11514,Зародыш Скверны
11515,Оскверненный осколок души
11516,Кенарийский бальзам исцеления растений
11522,Серебряный тотем Аквамонтоса
11562,Кристалл восстановления
11563,Кристалл силы духа
11564,Кристалл-хранитель
11565,Кристалл-губитель
11566,Обжигающий кристалл
11567,Кристальная спираль
11568,Мешочек Торвы
11569,Высохшее мясо жесткозуба
11570,Консервированная смесь феромонов
11582,Скверно-зелье
11583,Плод кактуса
11584,Кактусовый десерт
11590,Автоматический ремонтный набор
11602,"Ключ \""Угрюмого обжоры\"""
11603,Злодейский кастет
11604,Латы из черного железа
11605,Наплечники из черного железа
11606,Кольчуга из черного железа
11607,Рассекатель из черного железа
11608,Распылитель из черного железа
11609,Измененная сброшенная шкура черного дракона
11610,Чертеж: распылитель из черного железа
11611,Чертеж: рассекатель из черного железа
11612,Чертеж: латы из черного железа
11613,DEBUG Обложка руководства к самофланжу
11614,Чертеж: кольчуга из черного железа
11615,Чертеж: наплечники из черного железа
11616,DEBUG Страница из инструкции к самофланжу
11617,Припасы Эриданы
11622,Простой магический знак размышления
11623,Накидка волшебника
11624,Кентский нарамник
11625,Порабощенная сфера
11626,Накидка черной пелены
11627,Наголенники быстрого бега
11628,Лук псаря
11629,Винтовка псаря
11630,Каменноосколочная беспатронная пуля
11631,Каменный страж
11632,Наплечники жженой земли
11633,Хелицеровый панцирь
11634,Перчатки шелковой паутины
11635,Кривой Клык
11642,Простой магический знак упорства
11643,Простой магический знак прочности
11644,Простой магический знак стойкости
11645,Простой магический знак ненасытности
11646,Простой магический знак ненасытности
11647,Простой магический знак ненасытности
11648,Простой магический знак ненасытности
11649,Простой магический знак ненасытности
11662,Бан\'токский кушак
11665,Кулачные перчатки огров-мудрецов
11668,Флейта Ксаварика
11669,Кольцо Нагла
11671,[PH] Великое магическое слияние AGI/FR
11672,[PH] Великое магическое слияние SPI/FR
11674,Узы скверны Нефритового Пламени
11675,Сапоги тенебеса
11677,Накидка могильной гнили
11678,Панцирь Ануб\'шиа
11679,Румяные боевые наручи
11682,Фиал Эриданы
11684,Железогубитель
11685,Наплечники из кусков шкуры
11686,Ремень звериной ярости
11702,Живодер Гриззла
11703,Ремень каменной стены
11722,Наплеч из остатков металла
11723,Сбалансированная шпага Сталлера
11724,Задержанная посылка
11725,Часть прочной хрустальной ноги
11726,Кольчуга свирепого гладиатора
11727,Учетная книга Сталлера
11728,Поножи свирепого гладиатора
11729,Шлем свирепого гладиатора
11730,Захваты свирепого гладиатора
11731,Наголенники свирепого гладиатора
11732,Манускрипт размышления
11733,Манускрипт здоровья
11734,Манускрипт упорства
11735,Глазная повязка Ярилы
11736,Манускрипт устойчивости
11737,Манускрипт ненасытности
11742,Ранец путника
11743,Каменный Кулак
11744,Кровавая боевая перчатка
11745,Строевые перчатки
11746,Шлем из черепа голема
11747,Одеяния огненного странника
11748,Огневой кадуцей
11749,Поножи Огненной чешуи
11750,Зажигательный посох
11751,Пылающая сущность
11752,Черная кровь замученных
11753,Глаз Каджала
11754,Черный алмаз
11755,Ошейник Верека
11764,Защитные наручи из пепельной шкуры
11765,Огнеплетные накулачники
11766,Пламеннотканые манжеты
11767,Углелатные боевые наручи
11768,Пламеносные наручи
11782,Арктическое оплечье
11783,Ремень хладной стали
11784,Клинок посредника
11785,Оплот каменного голема
11786,Камень земли
11787,Кирасные сапоги
11802,Поножи лавового гребня
11803,Сила Магмы
11804,Фляга Мучи
11805,Рубидиевый молот
11807,Кушак пылающего сердца
11808,Пламенный обруч
11809,Пламенный гнев
11810,Амулет силы воли
11811,Дымящееся сердце горы
11812,Накидка огненной саламандры
11813,Формула: дымящееся сердце горы
11814,Оплавленные кулачные перчатки
11815,Рука правосудия
11816,Боевой топор Кузни Гнева
11817,Меч лорда-генерала
11818,Ключ от туалета Грязнули
11819,Второе дыхание
11820,Королевская украшенная броня
11821,Поножи раздора
11822,Всеволшебные сапоги
11823,Килт знаменитости
11824,Кольцо циклопа
11825,Крошечная ходячая бомба
11826,Крошка Дымок
11827,Схема: Крошка Дымок
11828,Схема: крошечная ходячая бомба
11829,Пепел Ун\'Горо
11830,Чешуя перепончатого деметродона
11831,Чешуя перепончатого терродактиля
11832,Амулет Озарения
11833,Приманка для королевы улья Гориши
11834,Сверхлипкая смола
11835,Мозг королевы улья Гориши
11837,Ароматическая железа Гориши
11839,Монокль главного архитектора
11840,Рубашка мастера-строителя
11841,Кюлоты Старшего дизайнера
11842,Оплечье главного геодезиста
11843,Банковская расписка
11844,Отчет Пестычинса о ситуации в Ун\'Горо
11845,Кожаная сумка ручной работы
11846,Особое пойло Бацбаха
11847,Изношенный плащ
11848,Волоконный пояс
11849,Наручи из ржавого металла
11850,Накидка сумеречницы
11851,Мундир падальщика
11852,Поножи Скитальца
11853,Сапоги бродяги
11854,Отвертка самофланжа
11855,Гаечный ключ Торка
11856,Парадный клинок
11857,Ритуальный жезл
11858,Накидка сражения
11859,Сфера Нефритовой Луны
11860,Заряженный жезл молний
11861,Ремень отпора
11862,Кольцо из белой кости
11863,Белый костяной крошшер
11864,Белое костяное копье
11865,Сапоги озлобления
11866,Пояс-хлыст Нагмары
11867,Бесящие рукавицы
11868,Кольцо удушья
11869,Кольцо Ша\'ни
11870,Сфера забвения
11871,Наплеч Чудовищного леса
11872,Эшевальские наголенники
11873,Накидка астрального тумана
11874,Оплечье плывущих облаков
11875,Наручи Ветрооблачка
11876,Мундир вольного ловчего
11882,Поножи всадника
11883,Закопченная сума-жестянка
11884,Нарамник лунного сияния
11885,Факел Тенегорна
11886,Срочное послание
11887,Тайник Круга Кенария
11888,Исследовательские перчатки Квинтиса
11889,Наплечье Железной коры
11902,Меч мастерства Линкена
11903,Кошачья клетка оскверненный котенок
11904,Призрак Аквамонтоса
11905,Бумеранг Линкена
11906,Зверосокрушитель
11907,Зверобой
11908,Сапоги археолога для раскопок
11909,Рабочий пояс землечерпа
11910,Набедренники с самоцветами
11911,Поножи верхушки дерева
11912,Упаковка пустых коробочек для слизней
11913,Шлем глиняной гряды
11914,Пустой флакон для образцов проклятого слизнюка
11915,Щит Шиззла против моросящего дождя
11916,Насадка Шиззла
11917,Тряпка для чистки сопл Шиззла
11918,Перчатки пещерной плиты
11919,Скальные латные наголенники
11920,Призрачная коса
11921,Непрошибаемый великан
11922,Изъеденный кровью клинок
11923,Молот благодати
11924,Одеяния королевской короны
11925,Призрачный покров
11926,Кираса несущего смерть
11927,Ножные латы Вечного стража
11928,Тауриссанский королевский скипетр
11929,Поножи проклятого призрака
11930,Новая накидка короля
11931,Ужасающий каратель
11932,Путеводительный посох Мудрости
11933,Имперский самоцвет
11934,Императорская печать
11935,Застывшая магма
11936,Реликвия - пояс охотника
11937,Пузатый мешок с монетами
11938,Мешочек с самоцветами
11939,Блестящий браслет
11940,Искристое ожерелье
11941,Поддельные документы
11942,Юридические документы
11943,Документы на Мост Тандола
11944,Детские ботиночки из черного железа
11945,Кольцо из черного железа
11946,Ожерелье Огненного опала
11947,Флакон с образцом проклятого слизнюка
11948,Пустой флакон для образцов нечистого слизнюка
11949,Флакон с образцом нечистого слизнюка
11950,Ягоды ветроцвета
11951,Плод кнутокорня
11952,Дыхание ночного дракона
11953,Флакон для образцов чистого слизнюка
11954,Флакон с образцом чистого слизнюка
11955,Сумка с пустыми флаконами для слизи
11962,Кандалы
11963,Наплеч кары
11964,Деревянная рапира молниеносного удара
11965,Кварцевое кольцо
11966,Маленький мешочек с монетами
11967,Цирконовое кольцо
11968,Янтарное кольцо
11969,Гиацинтовый обруч
11970,Шпинелевое кольцо
11971,Аметистовое кольцо
11972,Сердоликовое кольцо
11973,Гематитовое кольцо
11974,Аквамариновое кольцо
11975,Топазовое кольцо
11976,Сардониксовый перстень
11977,Змеиная петля
11978,Яшмовое кольцо
11979,Хризолитовый обруч
11980,Опаловое кольцо
11981,Свинцовое кольцо
11982,Иридиевое кольцо
11983,Хромовое кольцо
11984,Кобальтовое кольцо
11985,Небесно-голубое кольцо
11986,Таллиевое кольцо
11987,Иридиевый обруч
11988,Теллуровое кольцо
11989,Ванадиевое кольцо
11990,Селениевый перстень
11991,Кольцо ртути
11992,Киноварное кольцо
11993,Глиняное кольцо
11994,Коралловое кольцо
11995,Кольцо из бивневой кости
11996,Базальтовое кольцо
11997,Колечко с зеленым камнем
11998,Кольцо из черного янтаря
11999,Магнетитовое кольцо
12000,Расчленитель
12001,Ониксовое кольцо
12002,Мраморный обруч
12003,Темное дворфийское пиво
12004,Обсидиановое кольцо
12005,Гранитное кольцо
12006,Кольцо долин
12007,Кольцо прерий
12008,Кольцо саванны
12009,Кольцо тундры
12010,Кольцо топей
12011,Кольцо леса
12012,Кольцо болот
12013,Кольцо пустыни
12014,Кольцо холодов
12015,Кольцо трясины
12016,Кольцо джунглей
12017,Радужное кольцо
12018,Шлем охранителя
12019,Лазурный талисман
12020,Таллиевое колье
12021,Щитолатные башмаки
12022,Иридиевая цепь
12023,Теллуровое ожерелье
12024,Ванадиевый талисман
12025,Селеновая цепь
12026,Подвеска ртути
12027,Киноварное ожерелье
12028,Базальтовое ожерелье
12029,Талисман Зеленого Камня
12030,Летная цепь
12031,Магнитное ожерелье
12032,Ониксовое колье
12033,Фамильные самоцветы Тауриссана
12034,Мраморное ожерелье
12035,Обсидиановая подвеска
12036,Гранитное ожерелье
12037,Загадочное мясо
12038,Печатка Лягроб
12039,Ожерелье Тундры
12040,Лесная подвеска
12041,Поножи Ветрорезов
12042,Болотная цепь
12043,Колье Пустыни
12044,Подвеска холодов
12045,Подвеска трясины
12046,Ожерелье Джунглей
12047,Призрачное ожерелье
12048,Радужная подвеска
12049,Стальноосколочная броня
12050,Дымчатые сапоги
12051,Бронзовые рукавицы
12052,Кольцо луны
12053,Кольцо из вулканического камня
12054,Кольцо демона
12055,Кольцо звездной пыли
12056,Кольцо небес
12057,Кольцо чешуи дракона
12058,Кольцо из кости демона
12059,Медальон Завоевателя
12060,Записка Шиндрелл
12061,Клинок Расчетов
12062,Квалифицированный боевой клинок
12064,Капюшон гейм-мастера
12065,Оберег Стихий
12066,Накидка гнилошкурого
12082,Наплеч из шкуры змея
12083,Вальконийский кушак
12102,Кольцо аристократа
12103,Звезда Мистарии
12104,Мундир Крапчатого Шипа
12105,Славнокольчужные поножи
12106,Кираса каменной кожи
12107,Поножи из шуршащего шелка
12108,Базальтовая чешуйчатая броня
12109,Лазурный лунный нарамник
12110,Пелерина Заклинателя Дождя
12111,Лавовые рукавицы
12112,Наручи демона склепа
12113,Солнечная накидка
12114,Сумрачные перчатки
12115,Стойкий поясок
12122,Барахло Кум\'иши
12162,Чертеж: закаленный железный короткий меч
12163,Чертеж: палаш лунной стали
12164,Чертеж: массивный железный топор
12184,Плоть ящера
12185,Адмиральская шляпа Кровавого Паруса
12190,Зелье сна без сновидений
12191,Сейф Серебряной Зари
12192,Сейф Туманной Пелены
12202,Мясо тигра
12203,Красное волчье мясо
12204,Мясо большого кодо
12205,Белое мясо паука
12206,Нежное крабовое мясо
12207,Гигантское яйцо
12208,Нежная волчатина
12209,Постный стейк из волчатины
12210,Жареный ящер
12212,"Похлебка \""Джунгли\"""
12213,Десерт из мертвечины
12214,Загадочная похлебка
12215,Сытная похлебка из кодо
12216,Острое крабовое чили
12217,"Мясо в соусе \""Дыхание дракона\"""
12218,Чудовищный омлет
12219,Простая печать вознесения
12220,Неповрежденный браслет элементаля
12223,Мясистое крыло летучей мыши
12224,Хрустящее крылышко летучей мыши
12225,Удочка семейства Блумп
12226,Рецепт: хрустящее крылышко летучей мыши
12227,Рецепт: постный стейк из волчатины
12228,Рецепт: жареный ящер
12229,Рецепт: острая волчья грудинка
12230,Образец слизи из Оскверненного леса
12231,"Рецепт: похлебка \""Джунгли\"""
12232,Рецепт: десерт из мертвечины
12233,Рецепт: загадочная похлебка
12234,Проба скверны Оскверненного леса
12235,Образец слизи из Кратера Ун\'Горо
12236,Чистая проба из Ун\'Горо
12237,Кусочки отличного крабьего мяса
12238,Морской окунь Темных берегов
12239,"Рецепт: мясо в соусе \""Дыхание дракона\"""
12240,Рецепт: сытная похлебка из кодо
12241,Коллекционное яйцо дракона
12242,Кости морской твари
12243,Тлеющий коготь
12247,Широколезвийный нож
12248,Рисковый кортик
12249,Безжалостный топор
12250,Полуночный топор
12251,Большая палка
12252,Охранный посох
12253,Сверкающий красный плащ
12254,Промасленный плащ
12255,Бледные поножи
12256,Поножи из пепельной ткани
12257,Тяжелый зубчатый пояс
12258,Змеиный пояс с застежкой
12259,Блистающий стальной кинжал
12260,Пылающий золотой клинок
12261,Чертеж: пылающий золотой клинок
12262,Пустая клетка для щенка ворга
12263,Щенок ворга в клетке
12264,Клетка для ворга
12282,Иссеченный боевой топор
12283,Сущность детеныша дракона
12284,Драко-инкарцинатор 900
12286,Прототип яйцехладоскопа
12287,Устройство-коллекционер
12288,Упакованная едкая слизь
12289,Останки морской черепахи
12291,Образец перемешанной слизи
12292,Ящик со странной пометкой
12293,Нить из чистого золота
12295,Поножи народного ополчения
12296,Искра народного ополчения
12299,Сетеобразные перчатки
12300,Сфера энергии дракона
12302,Поводья ледопарда
12303,Поводья ночного саблезуба
12323,Заготовка печати вознесения
12324,Закаленная печать вознесения
12325,Поводья первобытного леопарда
12326,Поводья рыжего саблезуба
12327,Поводья золотого саблезуба
12330,Рог рыжего волка
12334,Кристаллы великанов Ледяного Молота
12335,Самоцвет Тлеющего Терновника
12336,Самоцвет Черной Вершины
12337,Самоцвет Кровавого Топора
12339,Подарок Ваелена
12341,Образец плодов племени Чернолесья
12342,Образец зерна племени Чернолесья
12343,Образец орехов племени Чернолесья
12344,Печать вознесения
12345,Вещи Блестяшки
12346,Пустая чаша очищения
12347,Наполненная чаша Очищения
12348,"Monster - Axe, Horde Badass Copper 01 Special1H"
12349,Проба воды Скалистой реки
12350,Пустая пробирка
12351,Рог полярного волка
12352,Пряжка Роковой оснастки
12353,Узда белого жеребца
12354,Узда игреневого коня
12355,Талисман порчи
12356,Яйцо виверны Скального гнездовья
12358,Табличка Темного Камня
12359,Ториевый слиток
12360,Арканитовый слиток
12361,Синий сапфир
12363,Чародейный кристалл
12364,Огромный изумруд
12365,Массивный камень
12366,Толстый мех йети
12367,Нетронутый рог йети
12368,Рассветный гамбит
12382,Ключ от города
12383,Осененное луной перо
12384,Сокровище Мау\'ари
12402,Древнее яйцо
12404,Массивное точило
12405,Ториевая броня
12406,Ториевый пояс
12408,Ториевые наручи
12409,Ториевые сапоги
12410,Ториевый шлем
12411,Третья табличка Мошару
12412,Четвертая табличка Мошару
12414,Ториевые поножи
12415,Светозарная кираса
12416,Светозарный пояс
12417,Светозарный венец
12418,Светозарные перчатки
12419,Светозарные сапоги
12420,Светозарные поножи
12422,Имперское зерцало
12424,Императорский латный пояс
12425,Императорские латные наручи
12426,Императорские латные сапоги
12427,Императорский латный шлем
12428,Императорские латные наплечники
12429,Императорские латные поножи
12430,Э\'ко ледопарда
12431,Э\'ко фурболгов племени Зимней Спячки
12432,Э\'ко щербозубов
12433,Э\'ко диких совухов
12434,Э\'ко хладнокрылов
12435,Э\'ко йети
12436,Э\'ко великанов
12437,Ящик Риджвелла
12438,Письмо Тинки
12444,Безупречный рог хладнокрыла
12445,Ящик Фелнока
12446,Мушкет Старой Наковальни
12447,Лук Чертополоха
12448,Легкая охотничья винтовка
12449,Простой лук
12450,Беспокойство джуджу
12451,Сила джуджу
12455,Жар джуджу
12457,Холод джуджу
12458,Коварство джуджу
12459,Побег джуджу
12460,Мощь джуджу
12462,Облачение крылатого змея
12463,Забойник Драконий Клык
12464,Когти кровавого огня
12465,Ночная пелерина
12466,Шнурованный ремень Рассветного Шпиля
12467,Странное яйцо
12468,Жезл Чилтона
12469,Расчленитель
12470,Обмотки песчаного ловца
12471,Палка странника пустынь
12472,Термометр Кракла
12522,Полетные перчатки Бингла
12524,Амулет Синего пера
12525,Припасы Джерона
12527,Реброкол
12528,Чекан судьи
12529,Клетка Дымной Паутины
12530,Яйцо скального паука
12531,Пылающая игла
12532,Шпиль гранильщика
12533,Копье грубой силы
12534,Голова Омокка
12535,Клинок Кузни Рока
12542,Одеяние Погребального костра
12543,Поющий камень Стальгорна
12544,Решимость Тралла
12545,Око Оргриммара
12546,Аристократические манжеты
12547,Захват Мар Алома
12548,Воля Магни
12549,Клеть разума
12550,Кандалы рунического голема
12551,Плащ Каменного Щита
12552,Пупырчатый плащ
12553,Сапоги скорохода
12554,Краги великого глашатая
12555,Наголенники рвущегося в бой
12556,Сапоги верховной жрицы
12557,Наплеч из эбеновой стали
12558,Ожерелье Синих перьев
12562,Важные бумаги Черной горы
12563,Приказ полководца Клинозуба
12564,Записка убийцы
12565,Кошачья клетка Винны
12566,Прочный флакон
12567,Наполненный флакон
12582,Крис Зул\'Серака
12583,Роковая пила Чернорука
12584,Длинный меч главнокомандующего
12586,Недоразвитая ядовитая железа
12587,Глаз Ренда
12588,Острокостный наплечник
12589,Кушак пыльного пера
12590,Оскверненный боец
12592,Черный клинок Шахрама
12602,Дракорианский отражающий щит
12603,Мундир объятий ночи
12604,Тиара Звездного огня
12605,Змеиная черепушка
12606,Кристаллизированный ремень
12607,Сверкающая многоцветная чешуя
12608,Фартук мясника
12609,Многоцветная блуза видения
12610,Рунические латные наплечники
12611,Рунические латные сапоги
12612,Рунический латный шлем
12613,Руническая кираса
12614,Рунические латные поножи
12615,Кольчужный мундир свирепости
12616,Кольчужные сапоги свирепости
12617,Кольчужные наплечники свирепости
12618,Зачарованная ториевая кираса
12619,Зачарованные ториевые поножи
12620,Зачарованный ториевый шлем
12621,Демоническая вилка
12622,Мясо медведя-щербозуба
12623,Мясо хладнокрылой химеры
12624,Доспех дикого терна
12625,Наплечники Вестника Рассвета
12626,Погребальные манжеты
12627,Временный переместитель
12628,Выкованная демоном кираса
12630,Голова Ренда Чернорука
12631,Огненные латные рукавицы
12632,Рукавицы Бури
12633,Шлем чистой души
12634,Ремень с гравировкой
12635,Пергамент
12636,Шлем великого вождя
12637,Бакусарийские рукавицы
12638,Часы Андорала
12639,Рукавицы цитадели
12640,Шлем Львиного Сердца
12641,Неуязвимый доспех
12642,Очищенная сфера подземного огня
12643,Массивное грузило
12644,Массивный шлифовальный камень
12645,Ториевый шип для щита
12646,Пылающий изумруд
12647,Рубин Сквернолова
12648,Плененный дух Гончей Скверны
12649,Плененный дух инфернала
12650,Настроенный глушитель
12651,Черный ворон
12652,Донесение Блестяшки
12653,Обдирочный крюк
12654,Роковой патрон
12655,Зачарованный ториевый слиток
12662,Демоническая руна
12663,Покрытая письменами дубовая ветвь
12682,Чертеж: ториевая броня
12683,Чертеж: ториевый пояс
12684,Чертеж: ториевые наручи
12685,Чертеж: светозарный пояс
12687,Чертеж: императорские латные наплечники
12688,Чертеж: императорский латный пояс
12689,Чертеж: светозарная кираса
12690,Чертеж: императорские латные наручи
12691,Чертеж: доспех дикого терна
12692,Чертеж: ториевый шип для щита
12693,Чертеж: ториевые сапоги
12694,Чертеж: ториевый шлем
12695,Чертеж: светозарные перчатки
12696,Чертеж: выкованная демоном кираса
12697,Чертеж: светозарные сапоги
12698,Чертеж: наплечники Вестника Рассвета
12699,Чертеж: огненные латные рукавицы
12700,Чертеж: императорские латные сапоги
12701,Чертеж: императорский латный шлем
12702,Чертеж: светозарный венец
12703,Чертеж: рукавицы Бури
12704,Чертеж: ториевые поножи
12705,Чертеж: имперское зерцало
12706,Чертеж: рунические латные наплечники
12707,Чертеж: рунические латные сапоги
12708,Ящики с припасами для Перекрестка
12709,Живодер Вентурона
12710,Светящийся кусок мяса животного
12711,Чертеж: шлем чистой души
12712,Амулет Вароша
12713,Чертеж: светозарные поножи
12714,Чертеж: рунический латный шлем
12715,Чертеж: императорские латные поножи
12716,Чертеж: шлем великого вождя
12717,Чертеж: шлем Львиного сердца
12718,Чертеж: руническая кираса
12719,Чертеж: рунические латные поножи
12720,Чертеж: рукавицы цитадели
12721,Половинка талисмана
12722,Вторая половинка талисмана
12723,Оберег удачи
12724,Посылка Дженис
12725,Чертеж: зачарованный ториевый шлем
12726,Чертеж: зачарованные ториевые поножи
12727,Чертеж: зачарованная ториевая кираса
12728,Чертеж: неуязвимый доспех
12730,Свиток Вароша
12731,Нетронутая звериная шкура
12732,Огненная агава
12733,Священное мясо ледопарда
12734,Зачарованная алая нить
12735,Истлевшая шовная нить поганища
12736,Бальзамировочный состав Ледяного Шепота
12737,Мракоцвет
12738,Ключ от туалета Далсонов
12739,Ключ от шкафа Далсонов
12740,Пятая табличка Мошару
12741,Шестая табличка Мошару
12752,Шапка Алого Ученого
12753,Шкура тени
12756,Поножи Тайны
12757,Кираса кровавой жажды
12764,Ториевый большой меч
12765,Тайная записка №1
12766,Тайная записка №2
12768,Тайная записка №3
12769,Мрачнолесская секира
12770,Информация Блестяшки
12771,Пустая фляга из-под огненной воды
12772,Инкрустированный ториевый молот
12773,Изысканный ториевый одноручный топор
12774,Лезвие Рассвета
12775,Огромный ториевый боевой топор
12776,Зачарованный боевой молот
12777,Пылающая рапира
12779,Руническое лезвие
12780,Распоряжения генерала Драккисата
12781,Безмятежность
12782,Порча
12783,Пронзатель сердец
12784,Арканитовый жнец
12785,Воспламеняющий порошок
12787,"Monster - Mace, Horde Bone Claw Hammer"
12790,Арканитовый защитник
12791,Заточка бармена
12792,Вулканический молот
12793,Мундир бармена
12794,Молот бури искусной работы
12795,Кровавый коготь
12796,Молот титанов
12797,Ледяной страж
12798,Аннигилятор
12799,Большой опал
12800,Азеротский алмаз
12802,Черное копье
12803,Субстанция Жизни
12804,Мощный амулет
12806,Заготовка рунической кирасы
12807,Знамя Плети
12808,Субстанция нежити
12809,Охранный камень
12810,Зачарованная кожа
12811,Сфера Праведности
12812,Неопалимые латные рукавицы
12813,Сосуд с таинственной вязкой жидкостью
12814,Пламя в бутылке
12815,Сигнальный факел
12819,Чертеж: изысканный ториевый одноручный топор
12820,Огненная вода Зимней Спячки
12821,Чертеж: Лезвие Рассвета
12822,Капля ядовитого ужаса
12823,Чертеж: огромный ториевый боевой топор
12824,Чертеж: зачарованный боевой молот
12825,Чертеж: пылающая рапира
12827,Чертеж: Безмятежность
12828,Чертеж: вулканический молот
12829,Ящик Зимней Спячки
12830,Чертеж: Порча
12833,Чертеж: молот титанов
12834,Чертеж: арканитовый защитник
12835,Чертеж: аннигилятор
12836,Чертеж: ледяной страж
12837,Чертеж: молот бури искусной работы
12838,Чертеж: арканитовый жнец
12839,Чертеж: пронзатель сердец
12840,Камень приспешника Плети
12841,Камень захватчика Плети
12842,Неразборчиво исписанный журнал
12843,Камень осквернителя Плети
12844,Знак доблести Серебряного Рассвета
12845,Медальон веры
12846,Жетон Серебряного Рассвета
12847,Окрашенная душой пика
12848,Окровавленная пика
12849,Сумка Поцелуя демона
12871,Всецветный панцирь
12884,Копыто Арнака
12885,Кукла Памелы
12886,Голова куклы Памелы
12887,Левая половинка куклы Памелы
12888,Правая половинка куклы Памелы
12891,Кирка Джерона
12894,Обручальное кольцо Джозефа
12895,Кираса хроматических полетов
12896,Первый фрагмент реликвии
12897,Второй фрагмент реликвии
12898,Третий фрагмент реликвии
12899,Четвертый фрагмент реликвии
12900,Анналы Дарроушира
12903,Набедренники всецветного воина
12904,Шупермудрая шляпа Шоуна
12905,Накидка буйного огня
12906,Очищенная вода из Лунного колодца
12907,Оскверненная вода Лунного колодца
12922,Пустая фляжка
12923,Чешуя Ауби
12924,Ритуальная свеча
12925,Змеиная шкура Арикары
12926,Пламенеющее кольцо
12927,Наплечники точного удара
12928,Механический йети Уми
12929,Талисман горящей ярости
12930,Пищик из древесины шиповника
12935,Набедренники воеводы
12936,Битворожденные наручи
12938,Кровь героев
12939,Племенной страж Дал\'Ренда
12940,Священный заряд Дал\'Ренда
12942,Ключ от клетки пантеры
12943,"Monster - Staff, 3 Piece Taped Staff Red"
12945,Ножные латы всецветного воина
12946,Механизм гипервместимости
12952,Шлем Гита
12953,Капюшон Драконьего Глаза
12954,Манускрипт Дейвила
12955,Щит Редпата
12956,Череп Хоргуса
12957,Сломанный меч Мардука
12958,Рецепт: трансмутация арканита
12960,Перьевой венок
12963,Поножи Мастера клинка
12964,Набедренники Тристана
12965,Поножи Покрова духов
12966,Боевые наручи Черного тумана
12967,Плащ Кровавой Луны
12968,Накидка из ледяной ткани
12969,Проникающий молот из ивы
12970,Церемониальные латы генерала
12973,Алое ядро
12974,Черный рыцарь
12975,Топор геолога
12976,Клинок Многоглаза
12977,Перчатки Волшебного кулака
12978,Пояс вестника шторма
12979,Мертвопламенный плащ
12982,Окованные серебром прочные ботинки
12983,Дубина Ракзура
12984,Зов небес
12985,Кольцо защиты
12987,Темнотканые брюки
12988,Мундир звездного зрения
12989,Укус горгульи
12990,Лезвие бритвы
12991,"Monster - Dagger, Curvey Green Blade"
12992,Пламенеющий клинок
12994,Рукавицы Торбии
12996,Кольцо очищения
12997,Рыцарский щит Красной бороды
12998,Магическое оплечье
12999,Драконокрылые поручи
13000,Посох сильного магического огня
13001,Обруч девушки
13002,Подвеска леди Ализабет
13003,Боевой топор лорда Александра
13004,Факел Остен
13005,Покрывало Эми
13006,Молот Макхоуэна
13007,Чаропламенный плащ
13008,Ветродольские брюки
13009,Шкура Коровьего Короля
13010,Набедренники Снопевца
13011,Отделанный серебром пояс
13012,Наручи Йоргена
13013,Оплечье старшего волшебника
13014,Секира Рин\'джи
13015,Сератил
13016,Убойная алебарда
13017,Боевой топор Рубаки
13018,Колун палача
13019,Короткий лук из когтя гарпии
13020,Лук небесного бойца
13021,Продеватель игл
13022,Длинный лук Грифоньего крыла
13023,Длинный лук Орлиного рога
13024,Сокрушитель Безеля
13025,Ручной молот Мертвого Леса
13026,Небесный свет
13027,Костегрыз
13028,Ляпис-лазурный молот
13029,Мрачный кристалл
13030,Кость василиска
13031,Сфера Мисмантла
13032,Меч порчи
13033,Клинок фанатика
13034,Рапира из быстростали
13035,Змеиный тесак
13036,Убийственный клинок
13037,Оса Хрустальных сосен
13038,Быстроветр
13039,Раскалывающий череп арбалет
13040,Арбалет Ищущий Сердце
13041,Клинок стража
13042,Меч мирового судьи
13043,Клинок титанов
13044,Демонобоец
13045,Вязкий молот
13046,Отвага Бланчарда
13047,Сучок с Древа Жизни
13048,Маячащий чекан
13049,Клеймор декана
13051,Ведьминская ярость
13052,Наемник
13053,Носитель Рока
13054,Угрюмый жнец
13055,Костеглод
13056,Яростный удар
13057,Кровавая пика
13058,Острие Кху
13059,Каменный ворон
13060,Игольщик
13062,Громодерево
13063,Звездопад
13064,Огнеиспускатель Джайны
13066,Наплеч Змееубийцы
13067,Броня гидролиска
13068,Обсидиановые наголенники
13070,Чешуйчатые сапоги Сапфирона
13071,Латная боевая перчатка Хаку
13072,Рукавицы Каменной хватки
13073,Шлем Маг-Тола
13074,Поножи осколка голема
13075,Набедренники Мрачнокрылого
13076,Наручи истребителя великанов
13077,Ремень Утера
13079,Щит Торсена
13080,Хватка вдовы
13081,Копейный щит Черепа
13082,Кулачный щит Горного склона
13083,Фамильный щит Гарреттов
13084,Калейдоскопическая цепь
13085,Колье Горизонта
13086,Поводья ледопарда Зимних Ключей
13087,Колье ярости реки
13088,Оберег Газлоу
13089,Подвеска Скиби
13090,Кираса Избранного
13091,Медальон главнокомандующего Морриса
13093,Кольцо тлеющих углей
13094,Самоцвет Королевы
13095,Кольцо штурма
13096,Кольцо жреца
13097,Кольцо грозного лика
13098,Кольцо Ткача Боли
13099,Мокасины Белого кролика
13100,Сапоги Фьюрена
13101,Ботинки погонщика волков
13102,Милость Кассандры
13103,Оплечье Ядовитого паука
13105,Опоясок Сутарна
13106,Светящиеся магические браслеты
13107,Магочерепные манжеты
13108,Мантия тигриного прыжка
13109,Накидка черного пламени
13110,Портупея волчьего страха
13111,Сандалии мятежника
13112,Крылатый шлем
13113,Головной убор Оперенной Луны
13114,Поножи Троллегубителя
13115,Оплечье Бараньей стрижки
13116,Наплеч Незримых
13117,Кушак Огрона
13118,Змеиный кушак
13119,Зачарованные наручи кодо
13120,Наручи Гневливого
13121,Крыло дракончика
13122,Накидка черного призрака
13123,Броня сноходца
13124,Сапоги из чешуи равазавра
13125,Эльфийские плетеные сапоги
13126,Рукавицы Зовущего битву
13127,Корона северного разбойника
13128,Шлем Большого Берга
13129,Поножи Огненной Гривы
13130,Набедренники Ветрокрылых
13131,Искрящееся оплечье
13132,Скелетные наплечники
13133,Эполеты Драконьего огня
13134,Пояс гладиатора
13135,Властные боевые наручи
13136,Пугач маленького Тимми
13137,Железноткач
13138,Глушитель
13139,Выдавливатель внутренностей
13140,Кроваво-красный ключ
13141,Зуб Гнарра
13142,Ремень Бригама
13143,Перстень Повелителя Драконов
13144,Пояс безмятежности
13145,Огромный огрский пояс
13146,Крупнокалиберный дробовик
13148,Хладопика
13155,Резонирующий череп
13156,Загадочный кристалл
13157,Зловонный череп
13158,Слова великого вождя
13159,Костяная пыль
13161,Посох Вертящейся гавани
13162,Когти похитителя
13163,Беспощадная коса
13164,Сердце Чешуи
13166,Наплечники Громового выстрела
13167,Кулак Омокка
13168,Ратный доспех Короля шаманов
13169,Поножи Длинногрива
13170,Поножи Небесного покрова
13171,Воспламенитель Дымка
13172,Лучший табак Сиаби
13173,Сломанный метательный топор-летун
13174,Образец чумной плоти
13175,Натянутый лук Вуна
13176,Сведения о Плети
13177,Талисман Уклонения
13178,Розововинный обруч
13179,Боевые наручи кованой сердцевины
13180,Святая вода Стратхольма
13181,Перчатки из кожи демона
13182,Фазовый клинок
13183,Ядоплюй
13184,Боевые перчатки поваленной чащи
13185,Оплечье провидца в изгнании
13186,Пустая бутылка с поля Джанис
13187,Пустая бутылка с поля Слез Далсона
13188,Пустая бутылка с Призрачной фермы
13189,Пустая бутылка с пустоши Гаррона
13190,Полная бутылка с поля Джанис
13191,Полная бутылка с поля Слез Далсона
13192,Полная бутылка с Призрачной фермы
13193,Полная бутылка с пустоши Гаррона
13194,Ключ к котлу на поле Джанис
13195,Ключ к котлу на поле Слез Далсона
13196,Ключ к котлу на пустоши Гаррона
13197,Ключ к котлу Удела Страданий
13198,Сокрушитель Хурда
13199,Наручники Раздробленного хребта
13202,Дополненные анналы Дарроушира
13203,Плащ Воодушевления
13204,Ударник
13205,Ромбородый протектор
13206,Поножи из волчьей шерсти
13207,Голова Владыки теней Скверн\'дана
13208,Боевые наручи Бледновоя
13209,Печать Рассвета
13210,Лапы Жуткого волка
13211,Наручи Режущего когтя
13212,Шипастый ошейник Халикон
13213,Око Дымной Паутины
13216,Корона Покаяния
13217,Кольцо покаяния
13218,Клык хрустального паука
13242,Испорченные сапоги Ярости Бури
13243,Серебряный защитник
13244,Роскошные рукавицы
13245,Спина Крига
13246,Серебряный Мститель
13247,Сундучок интенданта Зигриса
13248,Залповая аркебуза
13249,Рыцарь Серебряного Авангарда
13250,Голова Бальназара
13251,Голова Барона Ривендера
13252,Ремень облачного бегуна
13253,Руки могущества
13254,Астральный страж
13255,Рукавицы Истинной цели
13257,Рунический наплеч демона
13258,Рукавицы из шлаковой шкуры
13259,Прочные ботинки со стальными вкладками
13260,Сапоги танцующего с ветром
13261,Шар Д\'Сака
13262,Испепелитель
13282,Сапоги огров-мудрецов
13283,Кольцо мага
13284,Боевые сапоги летящего дротика
13285,Тесак Черной горы
13286,Расщепленный зубец
13287,Выкройка: портупея из шкуры ящера
13288,Выкройка: пояс из шкуры ящера
13289,Бластер Эгана
13308,Схема: ледяной отражатель
13309,Схема: любовно выделанный огнестрел
13310,Схема: точный прицел
13311,Схема: механический дракончик
13313,Священные письмена высокорожденных
13314,Облачение Аланны
13315,Завет надежды
13316,"Monster - Sword2H, Claymore Silver Yellow Glow"
13317,Свисток палевого ящера
13320,Чародейский ускоритель
13321,Зеленый механодолгоног
13322,Некрашеный механодолгоног
13323,Лиловый механодолгоног
13324,Красно-синий механодолгоног
13325,Флюоресцирующий зеленый механодолгоног
13326,Белый механодолгоног модель Б
13327,Льдисто-синий механодолгоног модель А
13328,Черный баран
13329,Снежный баран
13331,Красный конь-скелет
13332,Синий конь-скелет
13333,Гнедой конь-скелет
13334,Зеленый боевой конь-скелет
13335,Поводья коня смерти
13340,Накидка черного барона
13344,Дракорианские рукавицы
13345,Печать Ривендера
13346,Одеяния Величайшей
13347,Кристалл Зин-Малора
13348,Демонические ножницы
13349,Скипетр нечестивых
13350,Знак отличия Черной Гвардии
13351,Фартук молотобойца из Багрового Легиона
13352,Змеекамень Вос\'гаджин
13353,Книга мертвых
13354,Эктоплазматический резонатор
13356,Соматический усилитель
13357,Костяной катализатор
13358,Наплечники змеиного языка
13359,Корона Тирании
13360,Дар эльфийских магов
13361,Разрубатель черепов
13362,Письмо с фронта
13363,Объявление муниципалитета
13364,Реклама Фраса Сиаби
13365,Объявление о собрании горожан
13366,Оригинальная игрушка
13367,Упакованный подарок
13368,Костескреб
13369,Огнеступы
13370,Стеклянное фокусирующее устройство
13371,Огонь отцов
13372,Палка погонщика рабов
13373,Кольцо плоти
13374,Оплечье душекрада
13375,Рыцарский щит воздаяния
13376,Плащ королевского суда
13377,Ядра для мини-пушки
13378,Рубашка певчей птицы
13379,Флейта Танцующего Пламени
13380,Переносная пушка Вилли
13381,Сапоги мастера-канонира
13382,Бегун-ядро
13383,Короткие штаны Прыгучего Менестреля
13384,Радужный ремень
13385,Фолиант Знания
13386,Накидка архивариуса
13387,Ремень предвидения
13388,Мундир Вестника
13389,Брюки Вестника
13390,Повязка Вестника
13391,Ботфорты Вестника
13392,Печать Вестника
13393,Хлопушка Мэлоуна
13394,Холодное облачение Скула
13395,Костяные когти Скула
13396,Прикосновение Призрачного черепа
13397,Накидка каменной горгульи
13398,Сапоги Визгуна
13399,Режущие когти горгульи
13400,Тяжелые наручи садиста
13401,Беспощадная рука Тимми
13402,Галоши Тимми
13403,Вервие Мрачноклина
13404,Маска Непрощенных
13405,Наплечье Воющего бешеного волка
13408,Душедробитель
13409,Наручи плача
13422,Каменный угорь
13423,Масло каменного угря
13442,Мощное зелье ярости
13443,Большой флакон с зельем маны
13444,Огромный флакон с зельем маны
13445,Наилучший эликсир защиты
13446,Огромный флакон с лечебным зельем
13447,Эликсир мудрецов
13448,Документы на Каэр Дарроу
13450,Документы на Южнобережье
13451,Документы на Мельницу Таррен
13452,Эликсир мангуста
13453,Эликсир грубой силы
13454,Сильный чародейский эликсир
13455,Сильное зелье каменного щита
13456,Сильное зелье защиты от магии льда
13457,Сильное зелье защиты от огня
13458,Сильное зелье защиты от сил природы
13459,Сильное зелье защиты от темной магии
13460,Сильное зелье защиты от светлой магии
13461,Сильное зелье защиты от тайной магии
13462,Зелье очищения
13463,Снолист
13464,Золотой сансам
13465,Горный серебряный шалфей
13466,Чумоцвет
13467,Ледяной зев
13468,Черный лотос
13469,Голова Вэлдона Барова
13470,Голова Алексия Барова
13471,Документы на Брилл
13473,Оберег удачи семьи Фелстоун
13474,Дробовик фермера Далсона
13475,Фамильное обручальное кольцо Далсона
13476,Рецепт: мощное зелье ярости
13477,Рецепт: большой флакон с зельем маны
13478,Рецепт: наилучший эликсир защиты
13479,Рецепт: эликсир мудрецов
13480,Рецепт: огромный флакон с лечебным зельем
13481,Рецепт: эликсир грубой силы
13482,Рецепт: трансмутация воздуха в огонь
13483,Рецепт: трансмутация огня в землю
13484,Рецепт: трансмутация земли в воду
13485,Рецепт: трансмутация воды в воздух
13486,Рецепт: трансмутация субстанции нежити в воду
13487,Рецепт: трансмутация воды в субстанцию нежити
13488,Рецепт: трансмутация жизни в землю
13489,Рецепт: трансмутация земли в жизнь
13490,Рецепт: сильное зелье каменного щита
13491,Рецепт: эликсир мангуста
13492,Рецепт: зелье очищения
13493,Рецепт: сильный чародейский эликсир
13494,Рецепт: сильное зелье защиты от огня
13495,Рецепт: сильное зелье защиты от магии льда
13496,Рецепт: сильное зелье защиты от сил природы
13497,Рецепт: сильное зелье защиты от тайной магии
13498,Поножи ручной работы мастера-кузнеца
13499,Рецепт: сильное зелье защиты от темной магии
13501,Рецепт: огромный флакон с зельем маны
13502,Ремень ручной работы мастера-кузнеца
13503,Алхимический камень
13505,Рунический клинок барона Ривендера
13506,Зелье оцепенения
13507,Отчет дозорного утесов Долгорога
13508,Глаз Арахниды
13509,Поясок предвидения
13510,Настой титанов
13511,Настой чистой мудрости
13512,Настой великой силы
13513,Настой всецветного сопротивления
13514,Вой банши
13515,Молнии Рамштайна
13517,Рецепт: алхимический камень
13518,Рецепт: зелье оцепенения
13519,Рецепт: настой титанов
13520,Рецепт: настой чистой мудрости
13521,Рецепт: настой великой силы
13522,Рецепт: настой всецветного сопротивления
13523,Кровь невинных
13524,Череп Пылающих Теней
13525,Темновязаные защитные перчатки
13526,Опаленный ремень
13527,Наголенники лавохода
13528,Сумеречные наручи Бездны
13529,Панцирь Неруб\'энкана
13530,Бегуны Клыкокапа
13531,Поножи некрорахнида-ловца
13532,Когти Темнопряда
13533,Изъеденное кислотой наплечье
13534,Палец банши
13535,Леденящий саван призрака
13536,Рог Пробуждения
13537,Наручи из холодной шкуры
13538,Наплечье Ветровизга
13539,Касание банши
13542,Демоническая шкатулка
13544,Сущность привидения
13545,Моллюск
13546,Рыба-кровобрюх
13562,Останки Трея Светогорна
13582,Поводок зерглинга
13583,Ошейник панды
13584,Камень Диабло
13585,Книга воспоминаний
13624,Книга души
13626,Человеческая голова Раса Ледяного Шепота
13673,Тестовое снаряжение 65-го уровня кожаная куртка - Друид
13702,Погибельник
13703,Кость кодо
13724,Сытное манное печенье
13725,Мешок ужасов Крастинова
13726,[PH] Перчатки Юного Рассвета
13727,[PH] Перчатки Сверкающего рассвета
13728,[PH] Перчатки Сияющего рассвета
13730,[PH] Кулачные перчатки Сверкающего рассвета
13731,[PH] Рукавицы Сверкающего рассвета
13732,[PH] Полуперчатки Юного Рассвета
13733,[PH] Кулачные перчатки Юного рассвета
13734,[PH] Рукавицы Юного Рассвета
13736,[PH] Кулачные перчатки Сияющего рассвета
13737,[PH] Рукавицы Сияющего рассвета
13738,[PH] Матерчатые наручи Сверкающего рассвета
13739,[PH] Матерчатые наручи Юного рассвета
13740,[PH] Матерчатые наручи Сияющего рассвета
13741,[PH] Кожаные наручи Сверкающего рассвета
13742,[PH] Кольчужные наручи Сверкающего рассвета
13743,[PH] Латные наручи Сверкающего рассвета
13744,[PH] Латные наручи Юного рассвета
13745,[PH] Латные наручи Сияющего рассвета
13746,[PH] Кольчужные наручи Юного рассвета
13747,[PH] Кольчужные наручи Сияющего рассвета
13748,[PH] Кожаные наручи Сияющего рассвета
13749,[PH] Кожаные наручи Юного рассвета
13752,Книга души
13754,Сырая блестящая мощь-рыба
13755,Зимний кальмар
13756,Сырой летний окунь
13757,Молниевый угорь
13758,Сырая краснобородка
13759,Сырой ночной луциан
13760,Сырой радужный лосось
13761,Охлажденные яйца
13762,[PH] Одеяние Сверкающего рассвета
13763,[PH] Одеяние Юного рассвета
13764,[PH] Одеяние Сияющего рассвета
13765,[PH] Кожаные латы Сверкающего рассвета
13766,[PH] Кожаные латы Сияющего рассвета
13767,[PH] Кожаные латы Юного рассвета
13768,[PH] Кольчужные латы сверкающего рассвета
13769,[PH] Кольчужные латы Сияющего рассвета
13770,[PH] Кольчужные латы Юного рассвета
13771,[PH] Латы Сверкающего рассвета
13772,[PH] Латы Юного рассвета
13773,[PH] Латы Сияющего рассвета
13775,[PH] Матерчатые поножи Юного рассвета
13776,[PH] Матерчатые поножи Сияющего рассвета
13777,[PH] Кожаные поножи Сверкающего рассвета
13778,[PH] Кожаные поножи Юного рассвета
13779,[PH] Кожаные поножи Сияющего рассвета
13780,[PH] Кольчужные поножи Сверкающего рассвета
13781,[PH] Кольчужные поножи Юного рассвета
13782,[PH] Кольчужные поножи Сияющего рассвета
13783,[PH] Латные поножи Сверкающего рассвета
13784,[PH] Латные поножи Юного рассвета
13785,[PH] Латные поножи Сияющего рассвета
13787,[PH] Шляпа Юного Рассвета
13788,[PH] Шляпа Сияющего рассвета
13790,[PH] Шапка Юного рассвета
13791,[PH] Шапка Сияющей Зари
13793,[PH] Капюшон Юного рассвета
13794,[PH] Капюшон Сияющего рассвета
13796,[PH] Шлем Юного Рассвета
13797,[PH] Шлем Сияющего рассвета
13798,[PH] Матерчатые сапоги Сверкающего рассвета
13801,[PH] Кожаные сапоги Сверкающего рассвета
13802,[PH] Кожаные сапоги Юного рассвета
13803,[PH] Кожаные сапоги Сияющего рассвета
13804,[PH] Кольчужные сапоги Сверкающего рассвета
13805,[PH] Кольчужные сапоги Юного рассвета
13806,[PH] Кольчужные сапоги Сияющего рассвета
13807,[PH] Латные сапоги Сверкающего рассвета
13808,[PH] Латные сапоги Юного рассвета
13809,[PH] Латные сапоги Сияющего рассвета
13810,Благословенный солнцеплод
13813,Сок благословенного солнцеплода
13815,Некая руна
13816,Тонкий длинный меч
13817,Суженный большой меч
13818,Зазубрившийся топор
13819,Сбалансированная секира
13820,Ударная палица
13821,Громоздкая кувалда
13822,Шипастый кинжал
13823,Воинский посох упорства
13824,Изогнутый длинный лук
13825,Заряженный мушкет
13850,Боеприпасы Громострела
13851,Острая волчья грудинка
13852,Приказ верховного рыцаря
13853,Кусок мяса червя-трупоеда
13856,Пояс из рунической ткани
13857,Мундир из рунической ткани
13858,Одеяние из рунической ткани
13860,Плащ из рунической ткани
13863,Перчатки из рунической ткани
13864,Сапоги из рунической ткани
13865,Штаны из рунической ткани
13866,Головная повязка из рунической ткани
13867,Наплечники из рунической ткани
13868,Одеяние из ледяной ткани
13869,Мундир из ледяной ткани
13870,Перчатки из ледяной ткани
13871,Штаны из ледяной ткани
13872,Вязанка дров
13874,Тяжелый ящик
13875,Окованный железом запертый сундук
13876,40-фунтовый морской окунь
13877,47-фунтовый морской окунь
13878,53-фунтовый морской окунь
13879,59-фунтовый морской окунь
13880,68-фунтовый морской окунь
13881,Раздувшаяся краснобородка
13882,42-фунтовая краснобородка
13883,45-фунтовая краснобородка
13884,49-фунтовая краснобородка
13885,34-фунтовая краснобородка
13886,37-фунтовая краснобородка
13887,52-фунтовая краснобородка
13888,Темноклешневый омар
13889,Сырой белочешуйный лосось
13890,Пластинчатая бронерыба
13891,Раздувшийся лосось
13892,Энергетический инкапсулятор кодо
13893,Крупная сырая мощь-рыба
13895,Церемониальный кафтан
13896,Темно-зеленый свадебный ханбок
13897,Белый традиционный ханбок
13898,Королевский кафтан
13899,Красный традиционный ханбок
13900,Зеленый свадебный ханбок
13901,15-фунтовый лосось
13902,18-фунтовый лосось
13903,22-фунтовый лосось
13904,25-фунтовый лосось
13905,29-фунтовый лосось
13906,32-фунтовый лосось
13907,7-фунтовый омар
13908,9-фунтовый омар
13909,12-фунтовый омар
13910,15-фунтовый омар
13911,19-фунтовый омар
13912,21-фунтовый омар
13913,22-фунтовый омар
13914,70-фунтовая мощь-рыба
13915,85-фунтовая мощь-рыба
13916,92-фунтовая мощь-рыба
13917,103-фунтовая мощь-рыба
13918,Укрепленный запертый сундук
13920,Здоровая чешуя дракона
13926,Золотая жемчужина
13927,Мощь-рыба в кляре
13928,Кальмар-гриль
13929,Окунь горячего копчения
13930,Филе краснобородки
13931,Суп из ночного луциана
13932,Вареный радужный лосось
13933,Похлебка из омаров
13934,Стейк из мощь-рыбы
13935,Печеный лосось
13937,Трость ректора
13938,Стило Костеползателя
13939,Рецепт: пятнистый желтохвост
13940,Рецепт: мощь-рыба в кляре
13941,Рецепт: филе краснобородки
13942,Рецепт: кальмар-гриль
13943,Рецепт: окунь горячего копчения
13944,Могильная кираса
13945,Рецепт: суп из ночного луциана
13946,Рецепт: вареный радужный лосось
13947,Рецепт: похлебка из омаров
13948,Рецепт: стейк из мощь-рыбы
13949,Рецепт: печеный лосось
13950,Цепь арестанта
13951,Тяжелые наручи Стального напора
13952,Ледяной Крушитель
13953,Бесшумный клык
13954,Зеленеющие сапоги
13955,Наплечники Каменной формы
13956,Пояс Андроса
13957,Резаки горгульи
13958,Оковы Змейталака
13959,Тесьма-фиксатор Омокка
13960,Сердце губителя
13961,Намордник Халикона
13962,Пояс Вос\'гаджин
13963,Поганые захваты Вуна
13964,Ведьминский клинок
13965,Пластита Чернорука
13966,Знак Тирании
13967,Наголенники Ветробоя
13968,Глаз Зверя
13969,Наручи стража источника
13982,Боевой клинок Каэр Дарроу
13983,Секира могильного камня
13984,Пика Дэрроу
13986,Корона Каэр Дарроу
14002,Сильностраж Дарроушира
14022,Набатный колокол рода Баровых
14023,Набатный колокол рода Баровых
14024,Жуткокоготь
14025,Пояс мистика
14042,Жилет из пепельной ткани
14043,Перчатки из пепельной ткани
14044,Плащ из пепельной ткани
14045,Штаны из пепельной ткани
14046,Сумка из рунической ткани
14047,Руническая ткань
14048,Рулон рунической ткани
14083,Посох Тиранды
14086,Бисерные сандалии
14087,Бисерные манжеты
14088,Бисерный плащ
14089,Бисерные перчатки
14090,Бисерные брюки
14091,Бисерное одеяние
14093,Бисерный шнурованный ремень
14094,Бисерная блуза
14095,Дикарские поручи
14096,Дикарский жилет
14097,Дикарские штаны
14098,Дикарский плащ
14099,Дикарский кушак
14101,Перчатки из яркой ткани
14102,Дикарские повязки
14103,Плащ из яркой ткани
14106,Одеяние из ткани Скверны
14107,Штаны из ткани Скверны
14108,Сапоги из ткани Скверны
14109,Дикарское одеяние
14110,Дикарские сандалии
14111,Капюшон из ткани Скверны
14112,Наплечники из ткани Скверны
14113,Туземный кушак
14114,Туземные обмотки
14115,Туземные поручи
14116,Туземная накидка
14117,Туземные перчатки
14119,Туземная набедренная повязка
14120,Туземное одеяние
14121,Туземный жилет
14122,Ритуальные поручи
14123,Ритуальная накидка
14124,Ритуальные перчатки
14125,Ритуальные поножи
14126,Ритуальный нарамник
14127,Ритуальный покров
14128,Одеяние из чародейской ткани
14129,Ритуальные сандалии
14130,Тюрбан из чародейской ткани
14131,Ритуальный пояс
14132,Поножи из чародейской ткани
14133,Ритуальный мундир
14134,Плащ огня
14136,Одеяние зимней ночи
14137,Поножи из луноткани
14138,Жилет из луноткани
14139,Наплечники из луноткани
14140,Венец из луноткани
14141,Жилет из призрачной ткани
14142,Перчатки из призрачной ткани
14143,Пояс из призрачной ткани
14144,Штаны из призрачной ткани
14145,Проклятый клинок Скверны
14146,Перчатки сотворения заклинаний
14147,Наручи пещерного жителя
14148,Кристаллические манжеты
14149,Подземная накидка
14150,Дающие силу одеяния
14151,Молящийся клинок
14152,Одеяние верховного мага
14153,Одеяние Бездны
14154,Одежды истинной веры
14155,Сумка из луноткани
14156,Бездонная сумка
14157,Языческое оплечье
14158,Языческий жилет
14159,Языческие ботинки
14160,Языческие поручи
14161,Языческая накидка
14162,Языческие полуперчатки
14163,Языческий убор
14164,Языческий пояс
14165,Языческие брюки
14166,Наручи буканьера
14167,Накидка буканьера
14168,Перчатки буканьера
14169,Туземное оплечье
14170,Оплечье буканьера
14171,Штаны буканьера
14172,Одеяния буканьера
14173,Пиратский шнурованный ремень
14174,Сапоги буканьера
14175,Жилет буканьера
14176,Сапоги смотрителя
14177,Манжеты смотрителя
14178,Шапка смотрителя
14179,Накидка смотрителя
14180,Жакет смотрителя
14181,Повязки смотрителя
14182,Оплечье смотрителя
14183,Поножи часового
14184,Одеяния смотрителя
14185,Кушак смотрителя
14186,Непромокаемое оплечье
14187,Непромокаемые манжеты
14188,Непромокаемый плащ
14189,Непромокаемая шапка
14190,Непромокаемый жилет
14191,Непромокаемые полуперчатки
14192,Непромокаемые одеяния
14193,Непромокаемые штаны
14194,Непромокаемый шнурованный ремень
14195,Непромокаемые сапоги
14196,Сандалии Колючего Меха
14197,Поручи Колючего Меха
14198,Плащ Колючего Меха
14199,Перчатки Колючего Меха
14200,Шапка Колючего Меха
14201,Оплечье Колючего Меха
14202,Жакет Колючего Меха
14203,Штаны Колючего Меха
14204,Одеяние Колючего Меха
14205,Пояс Колючего Меха
14206,Жизненные браслеты
14207,Жизненные поножи
14208,Жизненная головная повязка
14209,Жизненный кушак
14210,Жизненная накидка
14211,Жизненные повязки
14212,Жизненные наплечники
14213,Жизненное облачение
14214,Жизненные сапоги
14215,Жизненный мундир
14216,Геомантский жакет
14217,Геомантский шнурованный ремень
14218,Геомантские сапоги
14219,Геомантский плащ
14220,Геомантская шапка
14221,Геомантские наручи
14222,Геомантские перчатки
14223,Геомантский наплеч
14224,Геомантские брюки
14225,Геомантские напульсники
14226,Браслеты из угольного шелка
14227,Железношелковая паутина
14228,Венок из угольного шелка
14229,Плащ из угольного шелка
14230,Мундир из угольного шелка
14231,Полуперчатки из угольного шелка
14232,Оплечье из угольного шелка
14233,Поножи из угольного шелка
14234,Одеяния из угольного шелка
14235,Шнурованный ремень из угольного шелка
14236,Сапоги из угольного шелка
14237,Броня Мглистой пещеры
14238,Сапоги Мглистой пещеры
14239,Накидка Мглистой пещеры
14240,Поручи Мглистой пещеры
14241,Боевые рукавицы Мглистой пещеры
14242,Штаны Мглистой пещеры
14243,Оплечье Мглистой пещеры
14244,Убор Мглистой пещеры
14245,Ремень Мглистой пещеры
14246,Шляпа волшебника Мглистой пещеры
14247,Лунное оплечье
14248,Лунные наручники
14249,Лунный жилет
14250,Лунные туфли
14251,Лунный плащ
14252,Лунный венок
14253,Лунные повязки
14254,Лунное облачение
14255,Лунный пояс
14256,Ткань Скверны
14257,Лунные поножи
14258,Кровотканый шнурованный ремень
14259,Кровотканые сапоги
14260,Кровотканые наручи
14261,Кровотканый плащ
14262,Кровотканые полуперчатки
14263,Кровотканая маска
14264,Кровотканые штаны
14265,Кровотканые напульсники
14266,Кровотканое оплечье
14267,Кровотканый жакет
14268,Манжеты Геи
14269,Туфли Геи
14270,Плащ Геи
14271,Венец Геи
14272,Повязки Геи
14273,Нарамник Геи
14274,Поножи Геи
14275,Облачение Геи
14276,Пояс Геи
14277,Мундир Геи
14278,Роскошное Оплечье
14279,Роскошные наручи
14280,Роскошная накидка
14281,Роскошная корона
14282,Роскошные перчатки
14283,Роскошные поножи
14284,Роскошные одеяния
14285,Роскошные сапоги
14286,Роскошный пояс
14287,Роскошный мундир
14288,Паучиная броня
14289,Паучиный ремень
14290,Паучиные сапоги
14291,Паучиные браслеты
14292,Паучиная накидка
14293,Паучиный венец
14294,Паучиные перчатки
14295,Паучиные набедренники
14296,Паучиное наплечье
14297,Паучиные одеяния
14298,Наплеч скелета-заклинателя
14299,Сапоги скелета-заклинателя
14300,Накидка скелета-заклинателя
14301,Наручники скелета-заклинателя
14302,Перчатки скелета-заклинателя
14303,Покров скелета-заклинателя
14304,Пояс скелета-заклинателя
14305,Саронг скелета-заклинателя
14306,Жилет скелета-заклинателя
14307,Корона скелета-заклинателя
14308,Небесный мундир
14309,Небесный пояс
14310,Небесные туфли
14311,Небесные наручники
14312,Небесная корона
14313,Небесная накидка
14314,Небесные повязки
14315,Небесный килт
14316,Небесное наплечье
14317,Небесные шелковые одеяния
14318,Ослепительный мундир
14319,Ослепительные сапоги
14320,Ослепительные браслеты
14321,Ослепительный плащ
14322,Ослепительный венец
14323,Ослепительные рукавицы
14324,Ослепительный саронг
14325,Ослепительные эполеты
14326,Ослепительные одеяния
14327,Ослепительный пояс
14328,Нагрудный доспех вечности
14329,Вечные сапоги
14330,Вечные наручники
14331,Вечный плащ
14332,Корона Вечности
14333,Вечные перчатки
14334,Вечный саронг
14335,Вечный наплеч
14336,Вечные напульсники
14337,Вечный шнурованный ремень
14338,Пустая колба для воды
14339,Колба для воды из Лунного колодца
14340,Одеяния замораживающего лича
14341,Руническая нить
14342,Луноткань
14343,Малый сверкающий осколок
14344,Большой сверкающий осколок
14364,Туфли мистика
14365,Накидка мистика
14366,Браслеты мистика
14367,Перчатки мистика
14368,Наплечные пластины мистика
14369,Кушак мистика
14370,Короткие штаны мистика
14371,Одеяние мистика
14372,Броня цвета крови
14373,Пояс цвета крови
14374,Сандалии цвета крови
14375,Манжеты цвета крови
14376,Накидка цвета крови
14377,Повязки цвета крови
14378,Наплечники цвета крови
14379,Брюки цвета крови
14380,Одеяние цвета крови
14381,Сумка Маура Зловещего Тотема
14390,Пояс выносливости
14392,Посох выносливости
14395,Заклинания Тьмы
14396,Магическая формула Пустоты
14397,Эластичное оплечье
14398,Эластичный мундир
14399,Эластичные сапоги
14400,Эластичная накидка
14401,Эластичная шапка
14402,Эластичные поручи
14403,Эластичные боевые перчатки
14404,Эластичные поножи
14405,Эластичное одеяние
14406,Эластичный шнурованный ремень
14407,Жилет из каменной ткани
14408,Сапоги из каменной ткани
14409,Накидка из каменной ткани
14410,Венец из каменной ткани
14411,Перчатки из каменной ткани
14412,Эполеты из каменной ткани
14413,Одеяние из каменной ткани
14414,Пояс из каменной ткани
14415,Брюки из каменной ткани
14416,Наручники из каменной ткани
14417,Мундир шелкового песка
14418,Сапоги шелкового песка
14419,Наручи шелкового песка
14420,Накидка шелкового песка
14421,Венец шелкового песка
14422,Перчатки шелкового песка
14423,Оплечье шелкового песка
14424,Бриджи шелкового песка
14425,Убор шелкового песка
14426,Ремень шелкового песка
14427,Блуза преследующего ветер
14428,Сапоги преследующего ветер
14429,Манжеты преследующего ветер
14430,Плащ преследующего ветер
14431,Боевые рукавицы преследующего ветер
14432,Нарамник преследующего ветер
14433,Короткие штаны преследующего ветер
14434,Одеяния преследующего ветер
14435,Кушак преследующего ветер
14436,Венок преследующего ветер
14437,Жилет ядовитой дымки
14438,Сапоги ядовитой дымки
14439,Боевые наручи ядовитой дымки
14440,Накидка ядовитой дымки
14441,Маска ядовитой дымки
14442,Полуперчатки ядовитой дымки
14443,Оплечье ядовитой дымки
14444,Поножи ядовитой дымки
14445,Шелковые одеяния ядовитой дымки
14446,Пояс ядовитой дымки
14447,Сапоги высокорожденных
14448,Браслеты высокорожденных
14449,Корона высокорожденных
14450,Плащ высокорожденных
14451,Перчатки высокорожденных
14452,Наплечье высокорожденных
14453,Одеяния высокорожденного
14454,Шнурованный ремень высокорожденных
14455,Стеганый доспех высокорожденных
14456,Элунский жилет
14457,Элунские манжеты
14458,Элунские сапоги
14459,Элунский плащ
14460,Элунская диадема
14461,Элунские боевые перчатки
14462,Элунский саронг
14463,Элунский наплеч
14464,Элунские шелковые одеяния
14465,Элунский пояс
14466,Выкройка: мундир из ледяной ткани
14467,Выкройка: одеяние из ледяной ткани
14468,Выкройка: сумка из рунической ткани
14469,Выкройка: одеяние из рунической ткани
14470,Выкройка: мундир из рунической ткани
14471,Выкройка: жилет из пепельной ткани
14472,Выкройка: плащ из рунической ткани
14473,Выкройка: пояс из призрачной ткани
14474,Выкройка: перчатки из ледяной ткани
14476,Выкройка: перчатки из пепельной ткани
14477,Выкройка: перчатки из призрачной ткани
14478,Выкройка: одеяние из яркой ткани
14479,Выкройка: перчатки из яркой ткани
14480,Выкройка: жилет из призрачной ткани
14481,Выкройка: перчатки из рунической ткани
14482,Выкройка: плащ из пепельной ткани
14483,Выкройка: штаны из ткани Скверны
14484,Выкройка: плащ из яркой ткани
14485,Выкройка: поножи из чародейской ткани
14486,Выкройка: плащ огня
14487,Замораживающий кости молот
14488,Выкройка: сапоги из рунической ткани
14489,Выкройка: штаны из ледяной ткани
14490,Выкройка: штаны из пепельной ткани
14491,Выкройка: штаны из рунической ткани
14492,Выкройка: сапоги из ткани Скверны
14493,Выкройка: одеяние зимней ночи
14494,Выкройка: штаны из яркой ткани
14495,Выкройка: штаны из призрачной ткани
14496,Выкройка: капюшон из ткани Скверны
14497,Выкройка: поножи из луноткани
14498,Выкройка: головная повязка из рунической ткани
14499,Выкройка: сумка из луноткани
14500,Выкройка: одеяние из чародейской ткани
14501,Выкройка: жилет из луноткани
14502,Обмораживающий ремень
14503,Хватка смерти
14504,Выкройка: наплечники из рунической ткани
14505,Выкройка: тюрбан из чародейской ткани
14506,Выкройка: одеяние из ткани Скверны
14507,Выкройка: наплечники из луноткани
14508,Выкройка: наплечники из ткани Скверны
14509,Выкройка: венец из луноткани
14510,Выкройка: бездонная сумка
14511,Выкройка: перчатки сотворения заклинаний
14512,Выкройка: одежды истинной веры
14513,Выкройка: одеяние верховного мага
14514,Выкройка: одеяние Бездны
14522,Поножи Водоворота
14523,Кирка демона
14525,Рукавицы Стиснутой кости
14526,Выкройка: луноткань
14528,Кулачный щит Гремящей клетки
14529,Бинты из рунической ткани
14530,Плотные бинты из рунической ткани
14531,Жуткий посох с черепом
14536,Костяной хауберк
14537,Трупосветные наголенники
14538,Оплечье странника смерти
14539,Окольцованный костью шлем
14540,Сердце Тарагамана Ненасытного
14541,Фамильный меч Баровых
14542,Сундук Крейвела
14543,Перчатки Темной тени
14544,Лейтенантский знак отличия
14545,Призрачноплетеные поножи
14546,"Рог кодо, принадлежащий Руну"
14547,Рука Ируксоса
14548,Наплеч королевского убора
14549,Сапоги Избежания
14550,Боевые наручи проклятого клинка
14551,Боевые рукавицы виртуоза клинка
14552,Тюремное наплечье
14553,Кушак милосердия
14554,Ножные латы Тучехранителя
14555,Солнечное лезвие Алькора
14557,Львиный Рог Штормграда
14558,Подвеска леди Мэй
14559,Кушак геолога
14560,Сапоги геолога
14561,Манжеты геолога
14562,Нагрудник геолога
14563,Плащ геолога
14564,Полуперчатки геолога
14565,Короткие штаны геолога
14566,Оплечье геолога
14567,Пояс дыбогривов
14568,Сапоги дыбогривов
14569,Наручники дыбогривов
14570,Рубашка дыбогривов
14571,Накидка дыбогривов
14572,Перчатки дыбогривов
14573,Нарамник дыбогривов
14574,Брюки дыбогривов
14576,Эбеновая рукоять Мардука
14577,Штаны Череподыма
14578,Шнурованный ремень Докеби
14579,Сапоги Докеби
14580,Наручи Докеби
14581,Нагрудный доспех Докеби
14582,Накидка Докеби
14583,Перчатки Докеби
14584,Шляпа Докеби
14585,Поножи Докеби
14586,"Monster - Mace2H, Fist of Omokk"
14587,Оплечье Докеби
14588,Шнурованный ремень Соколиного Глаза
14589,Ботинки Соколиного Глаза
14590,Наручи Соколиного Глаза
14591,Шлем Соколиного Глаза
14592,Мундир Соколиного Глаза
14593,Плащ Соколиного Глаза
14594,Перчатки Соколиного Глаза
14595,Брюки Соколиного Глаза
14596,Эполеты Соколиного Глаза
14598,Боевой пояс тюремщика
14599,Сапоги тюремщика
14600,Нарукавье тюремщика
14601,Блуза тюремщика
14602,Плащ тюремщика
14603,Оплечье тюремщика
14604,Волшебная шляпа тюремщика
14605,Короткие штаны тюремщика
14606,Перчатки тюремщика
14607,Кулачный щит Соколиного Глаза
14608,Кулачный щит Докеби
14610,Скарабей Аража
14611,Кровнолатный хауберк
14612,Кровнолатные набедренники
14613,Молот Телана
14614,Кровнолатный пояс
14615,Кровнолатные рукавицы
14616,Кровнолатные сапоги
14617,Рубашка костоправа
14619,Фрагменты скелета
14620,Ремень Костяного Стража
14621,Башмаки Костяного Стража
14622,Рукавицы Костяного Стража
14623,Набедренники Костяного Стража
14624,Бригантина Костяного Стража
14625,Символ утраченной чести
14626,Одеяние праха
14627,Выкройка: ярко-желтая рубашка
14628,Прочные фрагменты скелета
14629,Манжеты праха
14630,Выкройка: клобук волшебника
14631,Сапоги праха
14632,Поножи праха
14633,Оплечье праха
14634,Рецепт: масло льда
14635,Выкройка: украшенный самоцветами кожаный пояс
14636,Трупный пояс
14637,Трупная броня
14638,Трупные поножи
14639,Схема: малый атомарный перенаправлятор
14640,Трупные перчатки
14641,Трупные башмаки
14644,Форма для отливки отмычек
14645,Недоделанная отмычка
14646,Подарочный сертификат Златоземья
14647,Подарочный сертификат Караноса
14648,Подарочный сертификат Доланаара
14649,Подарочный сертификат Колючего Холма
14650,Подарочный сертификат деревни Кровавого копыта
14651,Подарочный сертификат Брилла
14652,Кушак скорпиона
14653,Туфли скорпиона
14654,Нарукавье скорпиона
14655,Кираса скорпиона
14656,Накидка скорпиона
14657,Перчатки скорпиона
14658,Большой шлем скорпиона
14659,Поножи скорпиона
14660,Наплечные пластины скорпиона
14661,Шнурованный ремень Хранителя
14662,Копыта Хранителя
14663,Наручники Хранителя
14664,Броня Хранителя
14665,Плащ Хранителя
14666,Перчатки Хранителя
14667,Жуткий шлем Хранителя
14668,Короткие штаны Хранителя
14669,Оплечье Хранителя
14670,Броня Вожака прайда
14671,Сапоги вожака прайда
14672,Поручи Вожака прайда
14673,Накидка вожака прайда
14674,Ремень Вожака прайда
14675,Перчатки Вожака прайда
14676,Ореол Вожака прайда
14677,Штаны Вожака прайда
14678,Наплечье Вожака прайда
14679,Символ семейной любви
14680,Жилет упорства
14681,Сапоги упорства
14682,Боевые наручи упорства
14683,Плащ упорства
14684,Пояс упорства
14685,Рукавицы упорства
14686,Головной убор упорства
14687,Поножи упорства
14688,Эполеты упорства
14722,Повязки на щиколотку боевой раскраски
14723,Наручники боевой раскраски
14724,Плащ боевой раскраски
14725,Боевой пояс боевой раскраски
14726,Перчатки боевой раскраски
14727,Набедренники боевой раскраски
14728,Оплечье боевой раскраски
14729,Щит боевой раскраски
14730,Нагрудник боевой раскраски
14742,Громадные сапоги
14743,Громадные поручи
14744,Громадный нагрудный доспех
14745,Громадный плащ
14746,Громадный пояс
14747,Громадные рукавицы
14748,Громадные поножи
14749,Громадный наплеч
14750,Манжеты убийцы
14751,Кольчуга убийцы
14752,Накидка убийцы
14753,Большой шлем убийцы
14754,Перчатки убийцы
14755,Кушак убийцы
14756,Туфли убийцы
14757,Штаны убийцы
14758,Наплечные щитки убийцы
14759,Наручи терпения
14760,Кираса терпения
14761,Пояс терпения
14762,Сапоги терпения
14763,Накидка терпения
14764,Рукавицы терпения
14765,Венец терпения
14766,Брюки Выносливости
14767,Наплечье терпения
14768,Броня Опустошителя
14769,Сандалии Опустошителя
14770,Боевые наручи Опустошителя
14771,Плащ Опустошителя
14772,Повязки Опустошителя
14773,Шнурованный ремень Опустошителя
14774,Корона Опустошителя
14775,Короткие штаны Опустошителя
14776,Оплечье Опустошителя
14777,Щит Опустошителя
14778,Ханские наручники
14779,Ханский нагрудник
14780,Кулачный щит Кхана
14781,Ханский плащ
14782,Ханские перчатки
14783,Ханский пояс
14784,Ханские наголенники
14785,Ханский полный шлем
14786,Ханские набедренники
14787,Ханское оплечье
14788,Боевые наручи защитника
14789,Кираса защитника
14790,Кулачный щит защитника
14791,Накидка охранителя
14792,Рукавицы Охранителя
14793,Боевой пояс защитника
14794,Кольчужные сапоги защитника
14795,Шлем защитника
14796,Набедренники защитника
14797,Оплечье охранителя
14798,Кираса Кровожадности
14799,Сапоги кровожадности
14800,Кулачный щит Кровожадности
14801,Накидка Кровожадности
14802,Рукавицы Кровожадности
14803,Пояс Кровожадности
14804,Шлем кровожадности
14805,Брюки Кровожадности
14806,Эполеты Кровожадности
14807,Браслеты Кровожадности
14808,Пояс нападения
14809,Башмаки нападения
14810,Защитные наручи нападения
14811,Нагрудный доспех нападения
14812,Кулачный щит нападения
14813,Накидка нападения
14814,Полный шлем нападения
14815,Рукавицы нападения
14816,Набедренники нападения
14817,Наплечные пластины нападения
14821,Символическая кираса
14825,Символический рыцарский щит
14826,Символические рукавицы
14827,Символический пояс
14828,Символические наголенники
14829,Символические ножные латы
14830,Символическое наплечье
14831,Символическая корона
14832,Символические тяжелые наручи
14833,Рукавицы деспота
14834,Боевые наручи деспота
14835,Нагрудник деспота
14838,Пояс деспота
14839,Наголенники деспота
14840,Ножные латы деспота
14841,Эполеты деспота
14842,Щит тирана
14843,Шлем деспота
14844,Нагрудный доспех Солнечной чешуи
14846,Рукавицы Солнечной чешуи
14847,Пояс Солнечной чешуи
14848,Башмаки Солнечной чешуи
14849,Полный шлем Солнечной чешуи
14850,Ножные латы Солнечной чешуи
14851,Наплеч Солнечной чешуи
14852,Щит Солнечной чешуи
14853,Накулачники Солнечной чешуи
14854,Авангардная кираса
14855,Авангардные рукавицы
14856,Авангардный ремень
14857,Авангардные башмаки
14858,Авангардный головной убор
14859,Авангардные ножные латы
14860,Авангардное наплечье
14861,Авангардные тяжелые наручи
14862,Кираса военачальника
14863,Рукавицы Полководца
14864,Пояс Полководца
14865,Наголенники Полководца
14866,Корона Полководца
14867,Поножи Полководца
14868,Наплечники Полководца
14869,Наручи Полководца
14872,Подарок Тириона
14891,Тестовая глефа I
14894,Корень лилии
14895,Просоленные латы
14896,Башмаки Соленого камня
14897,Рукавицы Соленого камня
14898,Ремень Соленого камня
14899,Шлем Соленого камня
14900,Ножные латы Соленого камня
14901,Наплечные пластины Соленого камня
14902,Щит Соленого камня
14903,Защитные наручи Соленого камня
14904,Бугайская кираса
14905,Бугайские рукавицы
14906,Бугайский пояс
14907,Бугайский полный шлем
14908,Бугайские набедренники
14909,Бугайские наплечники
14910,Бугайские боевые наручи
14911,Бугайские сапоги
14912,Бугайский щит
14913,Нефритовые наголенники
14914,Нефритовые наручи
14915,Нефритовая кираса
14916,Нефритовый щит-отражатель
14917,Нефритовые рукавицы
14918,Нефритовый пояс
14919,Нефритовый венец
14920,Нефритовые ножные латы
14921,Нефритовые эполеты
14922,Величавые башмаки
14923,Величавые боевые наручи
14924,Величавая кираса
14925,Величавый шлем
14926,Величавые рукавицы
14927,Величавый пояс
14928,Величавые набедренники
14929,Величавые наплечные пластины
14930,Величавый щит
14931,Героическая броня
14932,Героические наголенники
14933,Героические рукавицы
14934,Героический ремень
14935,Геройский большой шлем
14936,Героические ножные латы
14937,Героическое наплечье
14938,Героические наручи
14939,Военный нагрудный доспех
14940,Военные башмаки
14941,Военные защитные наручи
14942,Военные рукавицы
14943,Военный пояс
14944,Военная корона
14945,Военные набедренники
14946,Военный наплеч
14947,Военный щит
14948,Закаленный в крови нагрудник
14949,Закаленные в крови рукавицы
14950,Закаленный в крови пояс
14951,Закаленные в крови башмаки
14952,Закаленный в крови полный шлем
14953,Закаленные в крови ножные латы
14954,Закаленный в крови щит
14955,Закаленные в крови наплечные пластины
14956,Закаленные в крови наручники
14957,Башмаки великого вождя
14958,Броня великого вождя
14959,Рукавицы великого вождя
14960,Пояс великого вождя
14961,Корона великого вождя
14962,Набедренники великого вождя
14963,Наплечье великого вождя
14964,Щит великого вождя
14965,Наручники великого вождя
14966,Славная кираса
14967,Славные рукавицы
14968,Славный пояс
14969,Славный головной убор
14970,Славные ножные латы
14971,Славное оплечье
14972,Славные башмаки
14973,Славный щит
14974,Славные наручники
14975,Прославленная портупея
14976,Прославленные рукавицы
14977,Прославленный ремень
14978,Прославленные башмаки
14979,Прославленный полный шлем
14980,Прославленные ножные латы
14981,Прославленный эполеты
14982,Прославленный щит
14983,Прославленные защитные наручи
15002,Пика Нимбойи
15003,Изначальный пояс
15004,Изначальные сапоги
15005,Изначальные поручи
15006,Изначальный кулачный щит
15007,Изначальная накидка
15008,Изначальные полуперчатки
15009,Изначальные поножи
15010,Изначальная блуза
15011,Волчий шнурованный ремень
15012,Волчьи туфли
15013,Волчьи манжеты
15014,Волчий кулачный щит
15015,Волчий плащ
15016,Волчьи повязки
15017,Волчьи поножи
15018,Волчий жилет
15019,Волчье оплечье
15042,Пустая банка для термитов
15043,Термиты Чумных земель
15044,Бочонок термитов Чумных земель
15045,Кираса из чешуи зеленого дракона
15046,Поножи из чешуи зеленого дракона
15047,Кираса из чешуи красного дракона
15048,Кираса из чешуи синего дракона
15049,Наплечники из чешуи синего дракона
15050,Кираса из чешуи черного дракона
15051,Наплечники из чешуи черного дракона
15052,Поножи из чешуи черного дракона
15053,Вулканическая кираса
15055,Вулканические наплечники
15056,Доспех грозового покрова
15057,Штаны грозового покрова
15058,Наплечники грозового покрова
15059,Кираса Жизни
15060,Поножи жизни
15061,Наплечники жизни
15062,Поножи дьявозавра
15063,Рукавицы дьявозавра
15064,Портупея боевого медведя
15065,Короткие штаны боевого медведя
15066,Железноперая кираса
15067,Железноперые наплечники
15073,Химерические сапоги
15076,Жилет из толстой чешуи скорпида
15077,Наручи из толстой чешуи скорпида
15078,Рукавицы из толстой чешуи скорпида
15079,Поножи из толстой чешуи скорпида
15080,Шлем из толстой чешуи скорпида
15081,Наплечники из толстой чешуи скорпида
15082,Пояс из толстой чешуи скорпида
15083,Гибельные кожаные рукавицы
15084,Гибельные кожаные наручи
15085,Гибельный кожаный доспех
15086,Гибельная кожаная головная повязка
15087,Гибельные кожаные штаны
15088,Гибельный кожаный пояс
15090,Рунический кожаный доспех
15091,Рунические кожаные рукавицы
15092,Рунические кожаные наручи
15093,Рунический кожаный пояс
15094,Руническая кожаная головная повязка
15095,Рунические кожаные штаны
15096,Рунические кожаные наплечники
15102,Проверенный образец из Ун\'Горо
15103,Оскверненная проба
15104,Крылоносные сапоги
15105,Посох Нох-Орахила
15106,Посох Дар\'орахила
15107,Сфера Нох-Орахила
15108,Сфера Дар\'орахила
15109,Посох Соран\'рука
15110,Жесткий пояс
15111,Жесткие мокасины
15112,Жесткие браслеты
15113,Жесткий кулачный щит
15114,Жесткая накидка
15115,Жесткие перчатки
15116,Жесткие наплечники
15117,Жесткие поножи
15118,Жесткий мундир
15119,Штаны высокорожденных
15120,Прочный ремень
15121,Прочные сапоги
15122,Прочные наручи
15123,Прочный кулачный щит
15124,Прочный плащ
15125,Прочные перчатки
15126,Прочные поножи
15127,Прочные наплечники
15128,Прочный мундир
15129,Прочный шлем
15130,Жилет бандита
15131,Сапоги бандита
15132,Боевые наручи бандита
15133,Кулачный щит бандита
15134,Шляпа бандита
15135,Накидка бандита
15136,Пояс бандита
15137,Полуперчатки бандита
15138,Плащ из чешуи Ониксии
15139,Штаны бандита
15140,Оплечье бандита
15141,Кираса из чешуи Ониксии
15142,Сапоги неупокоенного
15143,Наручники Неупокоенного
15144,Лохмотья Неупокоенного
15145,Кулачный щит неупокоенного
15146,Корона Неупокоенных
15147,Плащ Неупокоенного
15148,Пояс Неупокоенного
15149,Перчатки Неупокоенного
15150,Оплечье Неупокоенного
15151,Набедренники Неупокоенного
15152,Полуночные ботинки
15153,Ночецветный плащ
15154,Полуночный кушак
15155,Ночецветные перчатки
15156,Полуночная шапка
15157,Ночецветные поножи
15158,Ночецветные наплечные пластины
15159,Полуночный мундир
15160,Ночецветное нарукавье
15161,Впечатляющий пояс
15162,Впечатляющие сапоги
15163,Впечатляющие наручи
15164,Впечатляющий жилет
15165,Впечатляющая накидка
15166,Впечатляющие перчатки
15167,Впечатляющая бандана
15168,Впечатляющие штаны
15169,Впечатляющие наплечники
15170,Могучая броня
15171,Могучие сапоги
15172,Могучие поручи
15173,Могучая накидка
15174,Могучие перчатки
15175,Могучий полный шлем
15176,Могучие штаны
15177,Могучие оплечники
15178,Могучий пояс
15179,Стеганый преторианский доспех
15180,Преторианский ремень
15181,Преторианские сапоги
15182,Преторианские поручи
15183,Преторианский плащ
15184,Преторианские перчатки
15185,Преторианский капюшон
15186,Преторианские поножи
15187,Преторианское наплечье
15188,Великие боевые наручи
15189,Великие сапоги
15190,Великий плащ
15191,Великий пояс
15192,Великие рукавицы
15193,Великая корона
15194,Великие набедренники
15195,Великая кираса
15196,Гербовая накидка рядового
15197,Гербовая накидка разведчика
15198,Накидка рыцаря
15199,Гербовая накидка каменного стража
15200,Знак различия старшего сержанта
15202,Поножи Хранителя Чащобы
15203,Набедренники Ливнебури
15204,Луннокаменный жезл
15205,Совиная винтовка
15206,Дубинка Нефритового пальца
15207,Стальной щит
15208,Лунная пыль Кенария
15209,Сверток с реликвиями
15210,Короткий разбойничий меч
15211,Короткий меч ополченца
15212,Палаш бойца
15213,Клинок наемника
15214,Клинок аристократа
15215,Яростный фальшион
15216,Рунический меч
15217,Вдовий клинок
15218,Хрустальный меч
15219,Клинок измерений
15220,Сабля жестокой сечи
15221,Священный боевой меч
15222,Колючая дубина
15223,Заостренный молот
15224,Боевой сокрушитель
15225,Секвойевый молот
15226,Огромная дубина
15227,Ослоп с алмазным концом
15228,Разбившаяся звезда
15229,Молот благого ветра
15230,Хребтовый колун
15231,Раскалывающая секира
15232,Крушащий колун
15233,Топор свирепости
15234,Большая коса
15235,Лезвие полумесяца
15236,Колун полумесяца
15237,Сбиратель трупов
15238,Топор вождя
15239,Разрушитель Камня Скверны
15240,Коготь демона
15241,Боевой нож
15242,Заточенный стилет
15243,Смертоносный крис
15244,Клинок-бритва
15245,Стальной кинжал
15246,Демонический клинок
15247,Кинжал кровавого удара
15248,Блестящий клеймор
15249,Полированный цвайхандер
15250,Мерцающий фламберг
15251,Меч Головобоя
15252,Меч клыкача
15253,Обезглавливающий клинок
15254,Темный эспадон
15255,Элегантный фламберг
15256,Смертоубийственный меч
15257,Берцовый клинок
15258,Божественный клинок
15259,Здоровенный боевой молот
15260,Каменный молот
15261,Ветвь секвойи
15262,Большая кувалда
15263,Королевский молот
15264,Спинолом
15265,Вестник боли
15266,Яростный мучитель
15267,Грубомолот
15268,Двусторонний топор
15269,Массивный боевой топор
15270,Гигантская секира
15271,Колоссальный топор
15272,Бритвенно-острый топор
15273,Смертоносный топор
15274,Божественный длинный посох
15275,Чудотворный посох
15276,Длинный посох мага
15277,Серый кодо
15278,Посох Солнцестояния
15279,Жезл из бивневой кости
15280,Рука волшебника
15281,Жезл Сияющей звезды
15282,Драконий палец
15283,Лунный жезл
15284,Длинный боевой лук
15285,Длинный лук лучника
15286,Длинный лук из красного дерева
15287,Лук Рыцаря
15288,Взрывороговый лук
15289,Лук архиудара
15290,Бурый кодо
15291,Игольщик гарпии
15292,Зеленый кодо
15293,Бирюзовый кодо
15294,Осадный лук
15295,Огненноперый лук
15296,Лук Соколиного глаза
15297,Наручи гризли
15298,Кулачный щит гризли
15299,Накидка гризли
15300,Перчатки гризли
15301,Туфли гризли
15302,Пояс гризли
15303,Штаны гризли
15304,Жакет гризли
15305,Дикие ботинки
15306,Дикие наручники
15307,Дикий кулачный щит
15308,Дикий шнурованный ремень
15309,Дикий плащ
15310,Дикие перчатки
15311,Дикая портупея
15312,Дикие поножи
15313,Дикое оплечье
15314,Сумка с мощами
15322,Гладкоствольное ружье
15323,Дробовик ударного действия
15324,Винтовка Бернсайда
15325,Стрелковая аркебуза
15326,Сломанный блестящий метательный топорик
15327,Сломанный коварный метательный кинжал
15328,Ключ Джозефа
15329,Пояс пастуха
15330,Сапоги пастуха
15331,Нарукавье пастуха
15332,Кулачный щит пастуха
15333,Плащ пастуха
15334,Перчатки пастуха
15335,Стальной короткий меч с шипами
15336,Поножи пастуха
15337,Блуза пастуха
15338,Оплечье пастуха
15339,Шляпа землепроходца
15340,Плащ землепроходца
15341,Сапоги землепроходца
15342,Щит землепроходца
15343,Перчатки проводника
15344,Штаны землепроходца
15345,Наплечные пластины землепроходца
15346,Жилет землепроходца
15347,Пояс землепроходца
15348,Наручи землепроходца
15349,Пояс охотника за головами
15350,Туфли охотника за головами
15351,Поручи охотника за головами
15352,Кулачный щит охотника за головами
15353,Головной убор главного охотника
15354,Плащ охотника за головами
15355,Полуперчатки охотника за головами
15356,Броня охотника за головами
15357,Наплеч охотника за головами
15358,Короткие штаны охотника за головами
15359,Шутовской жилет
15360,Шутовские наручники
15361,Шутовской кушак
15362,Шутовские сапоги
15363,Шутовской головной убор
15364,Шутовской плащ
15365,Шутовские повязки
15366,Шутовские поножи
15367,Шутовской защитник
15368,Шутовское наплечье
15369,Пояс всадника на волке
15370,Сапоги всадника на волке
15371,Плащ всадника на волке
15372,Перчатки всадника на волке
15373,Головной убор всадника на волке
15374,Поножи всадника на волке
15375,Наплечные пластины всадника на волке
15376,Стеганый доспех всадника на волке
15377,Боевое нарукавье всадника на волке
15378,Пояс Яростного Когтя
15379,Сапоги Яростного Когтя
15380,Наручи Яростного Когтя
15381,Нагрудный доспех Яростного Когтя
15382,Плащ Яростного Когтя
15383,Перчатки Яростного Когтя
15384,Шлем Яростного Когтя
15385,Поножи Яростного Когтя
15386,Наплечные пластины Яростного Когтя
15387,Браслеты Нефритового Пламени
15388,Пояс Нефритового Пламени
15389,Башмаки Нефритового Пламени
15390,Нагрудный доспех Нефритового Пламени
15391,Шапка Нефритового Пламени
15392,Плащ Нефритового Пламени
15393,Перчатки Нефритового Пламени
15394,Штаны Нефритового Пламени
15395,Эполеты Нефритового Пламени
15396,Криволесский кинжал
15397,Дубовый посох с символом дрозда
15398,Сапоги Пескохода
15399,Пояс из сухих водорослей
15400,Наручи из раковины
15401,Перчатки Капель
15402,Рукавицы Носохвата
15403,Наручи гребнеспина
15404,Ремень волнолома
15405,Лущеные перчатки
15406,Панциревидные сапоги
15407,Обработанная грубая шкура
15408,Толстая чешуя скорпида
15409,Очищенная глубокоскальная соль
15410,Чешуя Ониксии
15411,Знак Фордринга
15412,Чешуя зеленого дракона
15413,Изысканная адамантовая кираса
15414,Чешуя красного дракона
15415,Чешуя синего дракона
15416,Чешуя черного дракона
15417,Кожа дьявозавра
15418,Мерцающий платиновый боевой молот
15419,Кожа боевого медведя
15420,Железное перо
15421,Накидка Изгнанников
15422,Кожа ледопарда
15423,Кожа химеры
15424,Топор Оргриммара
15425,Бесподобные наручи
15426,Бесподобные сапоги
15427,Бесподобный плащ
15428,Бесподобный пояс
15429,Бесподобные перчатки
15430,Бесподобная головная повязка
15431,Бесподобные поножи
15432,Бесподобные наплечники
15433,Бесподобная броня
15434,Превосходный кушак
15435,Превосходные ботинки
15436,Превосходные наручи
15437,Превосходная накидка
15438,Превосходные перчатки
15439,Превосходная корона
15440,Превосходные поножи
15441,Превосходные наплечники
15442,Превосходная кираса
15443,Крис Оргриммара
15444,Посох Оргриммара
15445,Молот Оргриммара
15447,Живая гниль
15448,Сгущенная гниль
15449,Мертвенные брюки
15450,Поножи болотного черпателя
15451,Поножи горгульи
15452,Шитые бисером перьевые наручи
15453,Наручи саванны
15454,Ступка и пестик
15455,Пыльные одеяния
15456,Поножи легкой походки
15457,Наплечники Пустыни
15458,Сапоги для тундры
15459,Горемычные накулачники
15461,Легкоступные сапоги
15462,Покрытые глиной наручи
15463,Перчатки Белодолгонога
15464,Грубый боевой молот
15465,Жалострельный жезл
15466,Звенящий щит
15467,Кольцо Лиги изобретателей
15468,Пелерина Песни Ветра
15469,Кушак песни ветра
15470,Поножи стража равнин
15471,Броня из шкуры дикого кабана
15472,Пояс атакующего
15473,Сапоги атакующего
15474,Наручники атакующего
15475,Плащ атакующего
15476,Повязки атакующего
15477,Штаны атакующего
15478,Щит атакующего
15479,Броня атакующего
15480,Потрепанный в бою ремень
15481,Потрепанные в бою наголенники
15482,Потрепанные в бою поручи
15483,Потрепанная в бою накидка
15484,Потрепанные в бою боевые перчатки
15485,Потрепанные в бою штаны
15486,Потрепанный в бою щит
15487,Потрепанный в бою мундир
15488,Окровавленная кольчуга
15489,Окровавленные башмаки
15490,Окровавленный плащ
15491,Окровавленные перчатки
15492,Окровавленный кушак
15493,Окровавленная набедренная повязка
15494,Окровавленный щит
15495,Окровавленное нарукавье
15496,Окровавленное оплечье
15497,Походный шнурованный ремень
15498,Походные туфли
15499,Походные манжеты
15500,Походный нагрудный доспех
15501,Походный плащ
15502,Походные перчатки
15503,Походные набедренники
15504,Походный щит
15505,Походное наплечье
15506,Портянки рубаки
15507,Наручи рубаки
15508,Накидка рубаки
15509,Повязки рубаки
15510,Пояс рубаки
15511,Набедренники рубаки
15512,Щит рубаки
15513,Наплечье рубаки
15514,Нагрудник рубаки
15515,Шипастый плетеный пояс
15516,Шипастые плетеные туфли
15517,Шипастое плетеное нарукавье
15518,Шипастая плетеная кираса
15519,Шипастый плетеный плащ
15520,Шипастые рукавицы
15521,Шипастые плетеные поножи
15522,Шипастый плетеный щит
15523,Шипастые плетеные наплечные пластины
15524,Кольчуга часового
15525,Туфли часового
15526,Накидка часового
15527,Перчатки часового
15528,Кушак часового
15529,Поножи часового
15530,Щит часового
15531,Наплечные щитки часового
15532,Защитные наручи часового
15533,Охранный головной убор
15534,Гибельные плетеные сапоги
15535,Гибельные плетеные наручи
15536,Гибельный плетеный нагрудник
15537,Гибельный плетеный плащ
15538,Гибельные плетеные рукавицы
15539,Гибельный плетеный боевой пояс
15540,Гибельный плетеный шлем
15541,Гибельные плетеные набедренники
15542,Гибельные плетеные наплечные пластины
15543,Гибельный плетеный щит
15544,Утолщенные чешуйчатые башмаки
15545,Утолщенные чешуйчатые браслеты
15546,Утолщенная чешуйчатая кираса
15547,Утолщенный чешуйчатый плащ
15548,Утолщенные чешуйчатые рукавицы
15549,Утолщенный чешуйчатый пояс
15550,Утолщенная чешуйчатая корона
15551,Утолщенные чешуйчатые набедренники
15552,Утолщенный чешуйчатый щит
15553,Утолщенные чешуйчатые наплечные пластины
15554,Ремень грабителя
15555,Сапоги грабителя
15556,Наручи грабителя
15557,Нагрудный доспех грабителя
15558,Корона Мародера
15559,Плащ грабителя
15560,Перчатки грабителя
15561,Поножи грабителя
15562,Наплечье грабителя
15563,Щит грабителя
15564,Накладки из грубой кожи
15565,Сапоги мародера
15566,Наручи мародера
15567,Мундир мародера
15568,Плащ мародера
15569,Рыцарский щит мародера
15570,Рукавицы мародера
15571,Пояс мародера
15572,Венец мародера
15573,Поножи мародера
15574,Оплечье мародера
15575,Искрящийся пояс
15576,Искрящиеся башмаки
15577,Искрящиеся наручи
15578,Искрящаяся кираса
15579,Искрящийся плащ
15580,Искрящийся капюшон
15581,Искрящиеся рукавицы
15582,Искрящиеся набедренники
15583,Искрящиеся наплечные пластины
15584,Искрящийся щит
15585,Захваты Пардока
15587,Ремень молодого луня
15588,Скрепостальной пояс
15589,Высокие ботинки непреклонности
15590,Браслеты непреклонности
15591,Кираса непреклонности
15592,Кулачный щит непреклонности
15593,Венок непреклонности
15594,Доспех непреклонности
15595,Перчатки непреклонности
15596,Ножные латы непреклонности
15597,Наплечники непреклонности
15598,Ремень непреклонности
15599,Древние наголенники
15600,Древние тяжелые наручи
15601,Древний нагрудник
15602,Древняя корона
15603,Древний плащ
15604,Древняя защита
15605,Древние рукавицы
15606,Древний пояс
15607,Древние набедренники
15608,Древнее наплечье
15609,Броня костяной сцепки
15610,Наручи костяной сцепки
15611,Накидка костяной сцепки
15612,Рукавицы костяной сцепки
15613,Пояс костяной сцепки
15614,Башмаки костяной сцепки
15615,Полный шлем костяной сцепки
15616,Ножные латы костяной сцепки
15617,Эполеты костяной сцепки
15618,Башенный костяной щит
15619,Кольчужный пояс грифона
15620,Кольчужные браслеты грифона
15621,Кулачный щит грифона
15622,Кираса грифона
15623,Корона Брони грифона
15624,Плащ грифона
15625,Кольчужные рукавицы грифона
15626,Кольчужные наголенники грифона
15627,Кольчужные набедренники грифона
15628,Кольчужное наплечье грифона
15629,Грозные наручи
15630,Грозные башмаки
15631,Грозный нагрудник
15632,Грозная накидка
15633,Грозный рыцарский щит
15634,Грозный венец
15635,Грозные рукавицы
15636,Грозный пояс
15637,Грозные набедренники
15638,Грозное оплечье
15639,Наручи Железной Шкуры
15640,Кираса Железной Шкуры
15641,Пояс Железной Шкуры
15642,Наголенники Железной Шкуры
15643,Плащ Железной Шкуры
15644,Рукавицы Железной Шкуры
15645,Полный шлем Железной Шкуры
15646,Набедренники Железной Шкуры
15647,Наплечье Железной Шкуры
15648,Щит Железной Шкуры
15649,Безжалостные наручи
15650,Безжалостная кольчуга
15651,Безжалостная корона
15652,Безжалостный плащ
15653,Рукавицы Бессердечности
15654,Безжалостный пояс
15655,Набедренники Бессердечности
15656,Безжалостные эполеты
15657,Безжалостный щит
15658,Непроницаемые башмаки
15659,Непроницаемые наручники
15660,Непроницаемая кираса
15661,Непроницаемый плащ
15662,Непроницаемые рукавицы
15663,Непроницаемый пояс
15664,Непроницаемый полный шлем
15665,Непроницаемые набедренники
15666,Непроницаемое наплечье
15667,Непроницаемая стена
15668,Величественные наручи
15669,Величественная кираса
15670,Величественный полный шлем
15671,Величественный плащ
15672,Величественные рукавицы
15673,Величественный пояс
15674,Величественные наголенники
15675,Величественный страж
15676,Величественные поножи
15677,Величественные наплечники
15678,Триумфальные башмаки
15679,Триумфальные наручи
15680,Триумфальный нагрудник
15681,Триумфальный плащ
15682,Триумфальные рукавицы
15683,Триумфальный ремень
15684,Триумфальный большой шлем
15685,Триумфальные ножные латы
15686,Триумфальные наплечные пластины
15687,Триумфальный щит
15689,Кольцо торговца
15690,Ожерелье из костей кодо
15691,Кривоватая стрелялка
15692,Тавро для кодо
15693,Великие наплечники
15694,Безжалостные наголенники
15695,Украшенное кольцо-щит
15696,Испорченный фолиант
15697,Сапоги угонщика кодо
15698,Наплеч Ссоры
15699,Маленький сверток в оберточной бумаге
15702,Кольцо аптекаря
15703,Хламида химика
15704,Знак охотника
15705,Клинок Гребня прилива
15706,Клинок Охотничьей ищейки
15707,Кушак Гладкого дерева
15708,Кожаные перчатки порчи
15709,Ремень Кузни Орудий
15710,Лунная пыль Кенария
15722,Фляга Мучи
15723,Чай с сахаром
15724,Выкройка: наручи из толстой чешуи скорпида
15725,Выкройка: гибельные кожаные рукавицы
15726,Выкройка: кираса из чешуи зеленого дракона
15727,Выкройка: жилет из толстой чешуи скорпида
15728,Выкройка: гибельные кожаные наручи
15729,Выкройка: химерические перчатки
15730,Выкройка: кираса из чешуи красного дракона
15731,Выкройка: рунические кожаные рукавицы
15732,Выкройка: вулканические поножи
15733,Выкройка: поножи из чешуи зеленого дракона
15734,Выкройка: наплечники жизни
15735,Выкройка: железноперые наплечники
15736,Особый ингредиент Дымка
15737,Выкройка: химерические сапоги
15738,Выкройка: рукавицы из толстой чешуи скорпида
15739,Выкройка: рунические кожаные наручи
15740,Выкройка: сапоги из кожи ледопарда
15741,Выкройка: штаны грозового покрова
15742,Выкройка: портупея боевого медведя
15743,Выкройка: пояс из толстой чешуи скорпида
15744,Выкройка: гибельная кожаная головная повязка
15745,Выкройка: рунический кожаный пояс
15746,Выкройка: химерические поножи
15747,Выкройка: поножи из кожи ледопарда
15748,Выкройка: поножи из толстой чешуи скорпида
15749,Выкройка: вулканическая кираса
15750,Скипетр Света
15751,Выкройка: кираса из чешуи синего дракона
15752,Выкройка: поножи жизни
15753,Выкройка: доспех грозового покрова
15754,Выкройка: короткие штаны боевого медведя
15755,Выкройка: химерический жилет
15756,Выкройка: руническая кожаная головная повязка
15757,Выкройка: гибельные кожаные штаны
15758,Выкройка: рукавицы дьявозавра
15759,Выкройка: кираса из чешуи черного дракона
15760,Выкройка: железноперая кираса
15761,Выкройка: перчатки из кожи ледопарда
15762,Выкройка: шлем из толстой чешуи скорпида
15763,Выкройка: наплечники из чешуи синего дракона
15764,Выкройка: наплечники грозового покрова
15765,Выкройка: рунические кожаные штаны
15766,Самоцвет Змеи
15767,Ключ Хамейи
15768,Выкройка: гибельный кожаный пояс
15769,Выкройка: плащ из чешуи Ониксии
15770,Выкройка: наплечники из чешуи черного дракона
15771,Выкройка: кираса Жизни
15772,Выкройка: поножи дьявозавра
15773,Выкройка: гибельный кожаный доспех
15774,Выкройка: наплечники из толстой чешуи скорпида
15775,Выкройка: вулканические наплечники
15776,Выкройка: рунический кожаный доспех
15777,Выкройка: рунические кожаные наплечники
15778,Механический йети
15779,Выкройка: мундир из кожи ледопарда
15780,Выкройка: кираса из чешуи Ониксии
15781,Выкройка: поножи из чешуи черного дракона
15782,Клинок загонщика
15783,Кинжал охотника на тварей
15784,Оплечье Хрустального ветра
15785,Голова Зельдарра
15786,Папоротникопульсный жакет
15787,Ивовый хауберк
15788,Донесение из Круговзора
15789,Глубоководный плащ
15790,Исследования речи духов
15791,Бирюзовый кушак
15792,Наплеч Плужного леса
15793,Обглоданная кость
15794,Драная огрская набедренная повязка
15795,Рукавицы Изумрудного тумана
15796,Наручи морских брызг
15797,Сияющие латные наручи
15798,Надколотый зуб огра
15799,Благодарственная медаль Героя
15800,Прочный короткий меч
15801,Короткий меч искателя славы
15802,Сапоги из луноткани
15803,Книга Древних
15804,Вишневая пелерина
15805,Роза Пенелопы
15806,Песня Мираха
15807,Легкий арбалет
15808,Тонкий легкий арбалет
15809,Тяжелый арбалет
15810,Короткое копье
15811,Тяжелое копье
15812,Светло-лиловый нарамник
15813,Пояс с золотой сцепкой
15814,Рубило Хамейи
15815,Плащ Хамейи
15822,Тенекожаный наплеч
15823,Рукавицы из камнестали
15824,Асторийские одеяния
15825,Звероловецкий жакет
15826,Мазь исцеления животных
15827,Кираса из нефритовой чешуи
15842,Пустой пробоотборник Вершины Багрового Тумана
15843,Наполненный пробоотборник Вершины Багрового Тумана
15844,Пустая колба для воды из Скалистого водопада
15845,"Колба, наполненная водой водопада Скалистый"
15846,Солонка
15847,Реестр Кель\'Таласа
15848,Ящик с призрачным магнитом
15849,Эктоплазма
15850,Полоска меха тенекрыла
15851,Лунный гриб
15852,Рог кодо
15853,Ветрожнец
15854,Танцующее серебро
15855,Охранное кольцо
15856,Талисман Купола Света
15857,Черенок погибели магов
15858,Перчатки Вольного ветра
15859,Ремень морской заставы
15860,Боевые наручи мгновенного удара
15861,Быстроступные ботфорты
15862,Молниеносный колун
15863,Могильный скипетр
15864,Наручи кондора
15865,Якорный кулачный щит
15866,Покрытая пылью медицинская сумка
15867,Радужный оберег
15868,Приказ верховного рыцаря
15869,Серебряная отмычка
15870,Золотая отмычка
15871,Отмычка из истинного серебра
15872,Арканитовая отмычка
15873,Бездонная чаша Джона-Оборванца
15874,Мягкотелый моллюск
15875,Гнилое яблоко
15876,Сундук Натаноса
15877,Безделушка из святилища
15878,Серебряный ключ Ракмора
15879,Коготь Властителя Рора
15880,Голова Рамштайна Ненасытного
15881,Золотой ключ Ракмора
15882,Половинка подвески Выносливости водяного облика
15883,Половинка подвески Ловкости водяного облика
15884,Книга рецептов Августа
15885,Подвеска Морского Льва
15886,Талисман Тимолеана
15887,Героический страж
15890,Авангардный щит
15891,Громадный щит
15892,Щит убийцы
15893,Кулачный щит геолога
15894,Кулачный щит дыбогривов
15895,Обгоревший кулачный щит
15902,Сумасшедший мешок с призами
15903,Коготь для правой руки
15904,Клинок для правой руки
15905,Латунный кастет для правой руки
15906,Латунный кастет для левой руки
15907,Коготь для левой руки
15908,Хлыст приручения
15909,Клинок в левую руку
15911,Хлыст приручения
15912,Сфера буканьера
15913,Хлыст приручения
15914,Хлыст приручения
15915,Хлыст приручения
15916,Хлыст приручения
15917,Хлыст приручения
15918,Сфера фокусника
15919,Хлыст приручения
15920,Хлыст приручения
15921,Хлыст приручения
15922,Хлыст приручения
15923,Хлыст приручения
15924,Мясо мягкотелого моллюска
15925,Посох подмастерья
15926,Сфера чароплета
15927,Яркая сфера
15928,Посеребренный жезл
15929,Сфера Ночного неба
15930,Имерраторский красный скипетр
15931,Чародейская звезда
15932,Кружка посвященного
15933,Простая ветвь
15934,Посох книжника
15935,Надежный жезл
15936,Мракотканая ветвь
15937,Сфера зимней спячки
15938,Мистическая сфера
15939,Скипетр советника
15940,Элегантный скипетр
15941,Скипетр верховного советника
15942,Жезл Мастера
15943,Прочный щит
15944,Сфера Предков
15945,Рунический посох
15946,Сфера мистика
15947,Звезда цвета крови
15962,Жезл Сатира
15963,Ветвь каменной ткани
15964,Звезда шелкового песка
15965,Сфера преследующего ветер
15966,Сфера ядовитой дымки
15967,Звезда высокорожденного
15968,Элунская сфера
15969,Сфера Бусин
15970,Дикарская ветвь
15971,Туземный жезл
15972,Ритуальная кружка
15973,Звезда смотрителя
15974,Языческий жезл
15975,Скипетр Призывателя Дождя
15976,Ветвь Колючего Меха
15977,Сфера Жизни
15978,Жезл Геоманта
15979,Обитый огненным шелком посох
15980,Сфера Мглистой пещеры
15981,Лунная сфера
15982,Кровотканый жезл
15983,Скипетр Геи
15984,Роскошный скипетр
15985,Паучиная ветвь
15986,Звезда скелета-заклинателя
15987,Астральная сфера
15988,Ослепительная сфера
15989,Вечный жезл
15990,Щит терпения
15991,Щит Полководца
15992,Концентрированное взрывчатое вещество
15993,Ториевая граната
15994,Ториевое устройство
15995,Ториевая винтовка
15996,Механическая жаба
15997,Ториевые патроны
15998,Записка Льюиса
15999,Очки волшебного могущества Экстрим-Плюс
16000,Ториевая труба
16001,Знак отличия ШРУ Фредо
16002,Знак отличия ШРУ Турьен
16003,Знак отличия ШРУ Рутгер
16004,Винтовка из черного железа
16005,Бомба из черного железа
16006,Сверхточный арканитовый преобразователь
16007,Отличная арканитовая винтовка
16008,Очки старшего инженера
16009,Модулирующий усилитель голоса
16022,Арканитовый дракончик
16023,Манекен-мишень искусной работы
16026,PvP - латы - шлем - Альянс
16039,Поющий клинок Та-Киертан
16040,Чародейская бомба
16041,Схема: ториевая граната
16042,Схема: ториевое устройство
16043,Схема: ториевая винтовка
16044,Схема: механическая жаба
16045,Схема: очки волшебного могущества Экстрим-Плюс
16046,Схема: манекен-мишень искусной работы
16047,Схема: ториевая труба
16048,Схема: винтовка из черного железа
16049,Схема: бомба из черного железа
16050,Схема: сверхточный арканитовый преобразователь
16051,Чертеж: ториевые патроны
16052,Схема: модулирующий усилитель голоса
16053,Схема: очки старшего инженера
16054,Схема: арканитовый дракончик
16055,Схема: чародейская бомба
16056,Схема: отличная арканитовая винтовка
16058,Печать Фордринга
16059,Обычная коричневая рубашка
16060,Обычная белая рубашка
16072,Поваренная книга умельца
16082,Рыболов-мастеровой: способы приманки
16083,Рыболов-умелец: ты и окунь
16084,Умелец первой помощи: снимая покровы
16110,Рецепт: чудовищный омлет
16111,Рецепт: острое крабовое чили
16112,Учебник: плотные шелковые бинты
16113,Учебник: бинты из магической ткани
16114,Дубинка штейгера
16115,Ящик Озрика
16166,Фасолевый суп
16167,Разноцветный десерт
16168,Небесный персик
16169,Пирожок с диким рисом
16170,Филе манты на пару
16171,Шинсолло
16180,Тестовый сейф с одеянием природной защиты
16189,Письмо Магграна о вызове подкрепления
16190,Останки потрошительницы из стаи Кровавой Ярости
16192,Клык Бесселет
16202,Простая вечная субстанция
16203,Великая вечная субстанция
16204,Пыль иллюзий
16205,Семя Геи
16206,Арканитовый жезл
16207,Рунический арканитовый жезл
16208,Заколдованные семена Геи
16209,Заказ Подрига
16210,Ящик Гордона
16214,Формула чар для наручей - интеллект III
16215,Формула чар для обуви - выносливость IV
16216,Формула чар для плаща - сопротивление III
16217,Формула чар для щита - выносливость IV
16218,Формула чар для наручей - дух V
16219,Формула чар для перчаток - ловкость II
16220,Формула чар для обуви - дух II
16221,Формула чар для нагрудника - здоровье VI
16222,Формула чар для щита - дух IV
16223,Формула чар для оружия - леденящая стужа
16224,Формула чар для плаща - защита III
16242,Формула чар для нагрудника - мана VI
16243,Формула: рунический арканитовый жезл
16244,Формула чар для перчаток - сила II
16245,Формула чар для обуви - ловкость IV
16246,Формула чар для наручей - сила V
16247,Формула чар для двуручного оружия - импульс V
16248,Формула чар для оружия - нечестивое оружие
16249,Формула чар для двуручного оружия - интеллект II
16250,Формула чар для оружия - удар V
16251,Формула чар для наручей - выносливость V
16252,Формула чар для оружия - рыцарь
16253,Формула чар для нагрудника - все характеристики IV
16254,Формула чар для оружия - похищение жизни
16255,Формула чар для двуручного оружия - дух II
16262,Коллекция Нессы
16263,Ответ Лайрда
16282,Связка шкур
16283,Кожаные вещи Ахану
16302,Гримуар огненной стрелы II
16303,Лапа Топтыжня
16304,Голова Тенумбры
16305,Коготь гиппогрифа Острокогтя
16306,Мясные продукты Зарга
16307,Письмо Гришки
16309,Амулет Пламени дракона
16310,Список Брокка
16311,Почетные мясницкие ножи
16312,Огненный кристалл
16313,Сундук Феликса
16314,Феликсово ведро с гайками
16316,Гримуар огненной стрелы III
16317,Гримуар огненной стрелы IV
16318,Гримуар огненной стрелы V
16319,Гримуар огненной стрелы VI
16320,Гримуар огненной стрелы VII
16321,Гримуар Кровавого договора Ранг 1
16322,Гримуар Кровавого договора Ранг 2
16323,Гримуар Кровавого договора Ранг 3
16324,Гримуар Кровавого договора Ранг 4
16325,Гримуар Кровавого договора Ранг 5
16326,Гримуар огненного щита
16327,Гримуар огненного щита II
16328,Гримуар огненного щита III
16329,Гримуар огненного щита IV
16330,Гримуар огненного щита V
16331,Гримуар Бегства в астрал
16332,Кирка Тазз\'рила
16333,Останки Самуэля
16335,Знак различия старшего сержанта
16341,Плащ сержанта
16342,Накидка сержанта
16345,Клинок верховного вождя
16346,Гримуар Мучения Ранг 2
16347,Гримуар Мучения Ранг 3
16348,Гримуар Мучения Ранг 4
16349,Гримуар Мучения Ранг 5
16350,Гримуар Мучения Ранг 6
16351,Гримуар жертвоприношения уровень 1
16352,Гримуар жертвоприношения уровень 2
16353,Гримуар жертвоприношения уровень 3
16354,Гримуар жертвоприношения уровень 4
16355,Гримуар жертвоприношения уровень 5
16356,Гримуар жертвоприношения уровень 6
16357,Гримуар Поглощения теней Ранг 1
16358,Гримуар Поглощения теней Ранг 2
16359,Гримуар Поглощения теней Ранг 3
16360,Гримуар Поглощения теней Ранг 4
16361,Гримуар Поглощения теней Ранг 5
16362,Гримуар Поглощения теней Ранг 6
16363,Гримуар Мук Ранг 1
16364,Гримуар Мук Ранг 2
16365,Гримуар Мук Ранг 3
16366,Гримуар Мук Ранг 4
16368,Гримуар Всплеска боли Ранг 2
16369,Шелковые сапоги рыцаря-лейтенанта
16371,Гримуар Всплеска боли Ранг 3
16372,Гримуар Всплеска боли Ранг 4
16373,Гримуар Всплеска боли Ранг 5
16374,Гримуар Всплеска боли Ранг 6
16375,Гримуар успокаивающего поцелуя Ранг 1
16376,Гримуар успокаивающего поцелуя Ранг 2
16377,Гримуар успокаивающего поцелуя Ранг 3
16378,Гримуар успокаивающего поцелуя Ранг 4
16379,Гримуар Соблазна
16380,Гримуар простой невидимости
16381,Гримуар Пожирающей магии Ранг 2
16382,Гримуар Пожирающей магии Ранг 3
16383,Гримуар Пожирающей магии Ранг 4
16384,Гримуар Порченой крови Ранг 1
16385,Гримуар Порченой крови Ранг 2
16386,Гримуар Порченой крови Ранг 3
16387,Гримуар Порченой крови Ранг 4
16388,Гримуар Запрета чар Ранг 1
16389,Гримуар Запрета чар Ранг 2
16390,Гримуар Паранойи
16391,Шелковые перчатки рыцаря-лейтенанта
16392,Кожаные сапоги рыцаря-лейтенанта
16393,Обмотки рыцаря-лейтенанта из драконьей шкуры
16396,Кожаные рукавицы рыцаря-лейтенанта
16397,Перчатки рыцаря-лейтенанта из драконьей шкуры
16401,Плетеные сапоги рыцаря-лейтенанта
16403,Плетеные рукавицы рыцаря-лейтенанта
16405,Латные сапоги рыцаря-лейтенанта
16406,Латные рукавицы рыцаря-лейтенанта
16408,Оскверненная водяная сфера
16409,Ламеллярные башмаки рыцаря-лейтенанта
16410,Ламеллярные рукавицы рыцаря-лейтенанта
16413,Шелковое облачение рыцаря-капитана
16414,Шелковые поножи рыцаря-капитана
16415,Шелковый наплеч лейтенанта-командора
16416,Корона лейтенанта-командора
16417,Кожаный доспех рыцаря-капитана
16418,Кожаная вуаль лейтенанта-командора
16419,Кожаные набедренники рыцаря-капитана
16420,Кожаный наплеч лейтенанта-командора
16421,Мундир рыцаря-капитана из драконьей шкуры
16422,Поножи рыцаря-капитана из драконьей шкуры
16423,Эполеты лейтенанта-командора из драконьей шкуры
16424,Капюшон лейтенанта-командора из драконьей шкуры
16425,Плетеный хауберк рыцаря-капитана
16426,Плетеные поножи рыцаря-капитана
16427,Плетеное наплечье лейтенанта-командора
16428,Полный плетеный шлем лейтенанта-командора
16429,Латный шлем лейтенанта-командора
16430,Латный нагрудный доспех рыцаря-капитана
16431,Латные поножи рыцаря-капитана
16432,Латное наплечье лейтенанта-командора
16433,Ламеллярная кираса рыцаря-капитана
16434,Ламеллярный шлем лейтенанта-командора
16435,Ламеллярные поножи рыцаря-капитана
16436,Ламеллярные наплечники лейтенанта-командора
16437,Шелковые обмотки маршала
16440,Шелковые перчатки маршала
16441,Венок фельдмаршала
16442,Шелковые поножи маршала
16443,Шелковое одежды фельдмаршала
16444,Шелковый наплеч фельдмаршала
16446,Кожаные прочные ботинки маршала
16448,Рукавицы маршала из драконьей шкуры
16449,Наплеч фельдмаршала из драконьей шкуры
16450,Набедренники маршала из драконьей шкуры
16451,Полный шлем фельдмаршала из драконьей шкуры
16452,Кираса фельдмаршала из драконьей шкуры
16453,Кожаный нагрудник фельдмаршала
16454,Кожаные боевые перчатки маршала
16455,Кожаная маска фельдмаршала
16456,Кожаные поножи маршала
16457,Кожаные эполеты фельдмаршала
16459,Сапоги маршала из драконьей шкуры
16462,Плетеные сапоги маршала
16463,Плетеные захваты маршала
16465,Плетеный шлем фельдмаршала
16466,Плетеная кираса фельдмаршала
16467,Плетеные набедренники маршала
16468,Плетеный наплеч фельдмаршала
16471,Ламеллярные перчатки маршала
16472,Ламеллярные сапоги маршала
16473,Ламеллярная бригантина фельдмаршала
16474,Ламеллярный большой шлем фельдмаршала
16475,Ламеллярные ножные латы маршала
16476,Ламеллярное наплечье фельдмаршала
16477,Латный доспех фельдмаршала
16478,Латный шлем фельдмаршала
16479,Латные набедренники маршала
16480,Латные наплечные щитки фельдмаршала
16483,Латные сапоги маршала
16484,Латные рукавицы маршала
16485,Шелковые обмотки кровавого стража
16486,Шелковые манжеты высшего сержанта
16487,Шелковые перчатки кровавого стража
16489,Шелковый капюшон защитника
16490,Шелковые штаны легионера
16491,Шелковые одеяния легионера
16492,Шелковые наплечные пластины защитника
16494,Сапоги кровавого стража из драконьей шкуры
16496,Рукавицы кровавого стража из драконьей шкуры
16497,Кожаные боевые наручи высшего сержанта
16498,Кожаные ботфорты кровавого стража
16499,Кожаные перчатки кровавого стража
16501,Наплеч защитника из драконьей шкуры
16502,Брюки легионера из драконьей шкуры
16503,Оголовье защитника из драконьей шкуры
16504,Кираса легионера из драконьей шкуры
16505,Кожаный хауберк легионера
16506,Кожаное оголовье защитника
16507,Кожаное оплечье защитника
16508,Кожаные поножи легионера
16509,Латные сапоги кровавого стража
16510,Латные перчатки кровавого стража
16513,Латный доспех легионера
16514,Латное оголовье защитника
16515,Латные набедренники легионера
16516,Латное наплечье защитника
16518,Кольчужные башмаки кровавого стража
16519,Кольчужные захваты кровавого стража
16521,Кольчужный шлем защитника
16522,Кольчужный нагрудник легионера
16523,Кольчужные поножи легионера
16524,Наплечники защитника
16525,Плетеная кираса легионера
16526,Плетеное оголовье защитника
16527,Плетеные поножи легионера
16528,Плетеное наплечье защитника
16530,Плетеные рукавицы кровавого стража
16531,Плетеные сапоги кровавого стража
16532,Кольчужные накулачники высшего сержанта
16533,Шелковый клобук вождя
16534,Шелковые брюки генерала
16535,Шелковое облачение вождя
16536,Шелковый нарамник вождя
16539,Шелковые сапоги генерала
16540,Шелковые боевые рукавицы генерала
16541,Латный доспех вождя
16542,Латный головной убор вождя
16543,Латные поножи генерала
16544,Латные наплечники вождя
16545,Латные сапоги генерала
16548,Латные рукавицы генерала
16549,Хауберк вождя из драконьей шкуры
16550,Полный шлем вождя из драконьей шкуры
16551,Эполеты вождя из драконьей шкуры
16552,Поножи генерала из драконьей шкуры
16554,Сапоги генерала из драконьей шкуры
16555,Перчатки генерала из драконьей шкуры
16558,Кожаные ботфорты генерала
16560,Кожаные полуперчатки генерала
16561,Кожаный шлем вождя
16562,Кожаный наплеч вождя
16563,Кожаная кираса вождя
16564,Кожаные набедренники генерала
16565,Плетеный нагрудник вождя
16566,Полный плетеный шлем вождя
16567,Плетеные набедренники генерала
16568,Плетеные наплечники вождя
16569,Плетеные сапоги генерала
16571,Плетеные перчатки генерала
16573,Кольчужные сапоги генерала
16574,Кольчужные рукавицы генерала
16577,Кольчужный доспех вождя
16578,Кольчужный шлем вождя
16579,Кольчужные поножи генерала
16580,Кольчужный наплеч вождя
16581,Кристалл резонита
16583,Демоническая статуэтка
16602,Оберег троллей
16603,Колдовской кристалл резонита
16604,Лунные одеяния Элуны
16605,Монашеские одеяния Света
16606,Одеяния проклятья джуджу
16607,Жертвенные одеяния послушника
16608,Пояс Водолея
16622,Метатель Шипов
16623,Опаловый медальон
16642,Руководство пользователя крошшера - Глава 1
16643,Руководство пользователя крошшера - Глава 2
16644,Руководство пользователя крошшера - Глава 3
16645,"Руководство по использованию крошшера, стр. 1"
16646,"Руководство по использованию крошшера, стр. 2"
16647,"Руководство по использованию крошшера, стр. 3"
16648,"Руководство по использованию крошшера, стр. 4"
16649,"Руководство по использованию крошшера, стр. 5"
16650,"Руководство по использованию крошшера, стр. 6"
16651,"Руководство по использованию крошшера, стр. 7"
16652,"Руководство по использованию крошшера, стр. 8"
16653,"Руководство по использованию крошшера, стр. 9"
16654,"Руководство по использованию крошшера, стр. 10"
16655,"Руководство по использованию крошшера, стр. 11"
16656,"Руководство по использованию крошшера, стр. 12"
16658,Броня Буйного охотника
16659,Пояс ловкачика
16660,Щит ползучих топей
16661,Мягкая ивовая накидка
16662,"Фрагмент амулета \""Око дракона\"""
16663,Кровь могучего черного дракона
16664,Изысканные наручи
16665,Фолиант Усмиряющего выстрела
16666,Жилет Стихий
16667,Капюшон Стихий
16668,Килт Стихий
16669,Наплечье Стихий
16670,Сапоги Стихий
16671,Наручники Стихий
16672,Рукавицы Стихий
16673,Шнурованный ремень Стихий
16674,Мундир загонщика
16675,Сапоги загонщика
16676,Перчатки загонщика
16677,Шапка загонщика
16678,Штаны загонщика
16679,Оплечье загонщика
16680,Пояс загонщика
16681,Наручники загонщика
16682,Сапоги Магистра
16683,Наручники Магистра
16684,Перчатки Магистра
16685,Пояс Магистра
16686,Корона Магистра
16687,Поножи Магистра
16688,Одеяния Магистра
16689,Оплечье Магистра
16690,Одеяние Благочестия
16691,Сандалии Благочестия
16692,Перчатки Благочестия
16693,Корона Благочестия
16694,Юбка Благочестия
16695,Оплечье Благочестия
16696,Пояс Благочестия
16697,Наручи Благочестия
16698,Маска Багрового Тумана
16699,Поножи Багрового Тумана
16700,Одеяние Багрового Тумана
16701,Оплечье Багрового Тумана
16702,Пояс Багрового Тумана
16703,Наручи Багрового Тумана
16704,Сандалии Багрового Тумана
16705,Повязки Багрового Тумана
16706,Жилет дикого сердца
16707,Шапка незаметности
16708,Наплеч незаметности
16709,Штаны незаметности
16710,Наручи незаметности
16711,Сапоги незаметности
16712,Перчатки незаметности
16713,Пояс незаметности
16714,Наручи дикого сердца
16715,Сапоги дикого сердца
16716,Пояс дикого сердца
16717,Перчатки дикого сердца
16718,Наплеч дикого сердца
16719,Килт дикого сердца
16720,Клобук дикого сердца
16721,Мундир незаметности
16722,Наручи из светостали
16723,Пояс из светостали
16724,Рукавицы из светостали
16725,Сапоги из светостали
16726,Кираса из светостали
16727,Шлем из светостали
16728,Ножные латы из светостали
16729,Наплеч из светостали
16730,Кираса доблести
16731,Шлем доблести
16732,Ножные латы доблести
16733,Наплеч доблести
16734,Сапоги доблести
16735,Наручи доблести
16736,Пояс доблести
16737,Рукавицы доблести
16738,Перчатки Сухого семени
16739,Оплечье Мехового леса
16740,Рабочие перчатки измельчителя
16741,Повязки из масляного лоскута
16742,Лезвие пилы Песни Войны
16743,Погрузочная веревка
16744,Масло Песни Войны
16745,Партия топоров Песни Войны
16746,Отчет Песни Войны
16747,Сломанный замок
16748,Стеганая подстежка
16762,Глубинный сердечник
16763,Сведения гонца клана Песни Войны
16764,Сведения разведчика клана Песни Войны
16765,Сведения всадника из клана Песни Войны
16766,Шахтерская похлебка из моллюсков
16767,Рецепт: шахтерская похлебка из моллюсков
16768,Лекарственный мешочек фурболгов
16769,Лечебный тотем фурболгов
16782,Странная водяная сфера
16783,Связка донесений
16784,Сапфир Аку\'май
16785,Письмо Рокаро
16786,Глаз черного драконоида
16787,Амулет обмана драконов
16788,Колесо капитана Ракмора
16789,Румпель капитана Ракмора
16790,Отсыревшая записка
16791,Шелкоструйные манжеты
16792,Огромная дубина
16793,Дуговые наплечники
16794,Накулачники стальной хватки
16795,Корона чародея
16796,Поножи чародея
16797,Оплечье чародея
16798,Одеяния чародея
16799,Наручники чародея
16800,Сапоги чародея
16801,Перчатки чародея
16802,Пояс чародея
16803,Туфли Сердца Скверны
16804,Наручи Сердца Скверны
16805,Перчатки Сердца Скверны
16806,Пояс Сердца Скверны
16807,Наплечные пластины Сердца Скверны
16808,Рогатый шлем Сердца Скверны
16809,Одеяния Сердца Скверны
16810,Штаны Сердца Скверны
16811,Сапоги пророчества
16812,Перчатки пророчества
16813,Венец пророчества
16814,Штаны пророчества
16815,Одеяния пророчества
16816,Оплечье пророчества
16817,Ремень пророчества
16818,Пояс ветра Пустоты
16819,Тяжелые наручи Пророчества
16820,Нагрудник ночного убийцы
16821,Убор ночного убийцы
16822,Штаны ночного убийцы
16823,Оплечье ночного убийцы
16824,Сапоги ночного убийцы
16825,Браслеты ночного убийцы
16826,Перчатки ночного убийцы
16827,Пояс ночного убийцы
16828,Кенарийский пояс
16829,Кенарийские сапоги
16830,Кенарийские наручи
16831,Кенарийские перчатки
16832,Наплеч Кровавых Клыков
16833,Кенарийские одежды
16834,Кенарийский шлем
16835,Кенарийские поножи
16836,Кенарийский наплеч
16837,Яроземные сапоги
16838,Яроземный пояс
16839,Яроземные рукавицы
16840,Яроземные наручи
16841,Яроземные одежды
16842,Яроземный полный шлем
16843,Яроземные набедренники
16844,Яроземные эполеты
16845,Кираса истребителя великанов
16846,Полный шлем истребителя великанов
16847,Поножи истребителя великанов
16848,Эполеты истребителя великанов
16849,Сапоги истребителя великанов
16850,Наручи истребителя великанов
16851,Пояс истребителя великанов
16852,Перчатки истребителя великанов
16853,Нагрудный доспех законника
16854,Шлем законника
16855,Ножные латы законника
16856,Наплеч законника
16857,Наручи законника
16858,Пояс законника
16859,Сапоги законника
16860,Рукавицы законника
16861,Наручи мощи
16862,Башмаки мощи
16863,Рукавицы мощи
16864,Пояс мощи
16865,Кираса мощи
16866,Шлем мощи
16867,Ножные латы мощи
16868,Наплечье мощи
16869,Череп Провидца
16870,Череп Сомнуса
16871,Череп Хроналиса
16872,Череп Акстроза
16873,Плетеные меховые перчатки
16882,Потертый ларец
16883,Подержанный ларец
16884,Прочный ларец
16885,Тяжелый ларец
16886,Сабля беззаконника
16887,Ведьмин палец
16888,Амулет угасающего пламени дракона
16889,Полированный дорожный посох
16890,Булатная абордажная сабля
16891,Аргилитовый короткий меч
16892,Малый камень души
16893,Камень души
16894,Чистый хрустальный жезл
16895,Большой камень души
16896,Крупный камень души
16897,Нагрудный доспех Ярости Бури
16898,Сапоги Ярости Бури
16899,Боевые рукавицы Ярости Бури
16900,Убор Ярости Бури
16901,Набедренники Ярости Бури
16902,Наплечье Ярости Бури
16903,Пояс Ярости Бури
16904,Наручи Ярости Бури
16905,Нагрудник Кровавых Клыков
16906,Сапоги Кровавых Клыков
16907,Перчатки Кровавых Клыков
16908,Капюшон Кровавых Клыков
16909,Штаны Кровавых Клыков
16910,Пояс Кровавых Клыков
16911,Наручи Кровавых Клыков
16912,Сапоги ветра Пустоты
16913,Перчатки ветра Пустоты
16914,Корона ветра Пустоты
16915,Штаны ветра Пустоты
16916,Одеяния ветра Пустоты
16917,Оплечье ветра Пустоты
16918,Наручники ветра Пустоты
16919,Сапоги превосходства
16920,Боевые рукавицы превосходства
16921,Ореол превосходства
16922,Поножи превосходства
16923,Одеяния превосходства
16924,Наплечье превосходства
16925,Пояс превосходства
16926,Наручники превосходства
16927,Сапоги возмездия
16928,Перчатки возмездия
16929,Большой шлем возмездия
16930,Поножи возмездия
16931,Одеяния возмездия
16932,Наплеч возмездия
16933,Пояс возмездия
16934,Наручи возмездия
16935,Наручи охотника на драконов
16936,Пояс охотника на драконов
16937,Наплеч охотника на драконов
16938,Набедренники охотника на драконов
16939,Шлем охотника на драконов
16940,Рукавицы охотника на драконов
16941,Наголенники охотника на драконов
16942,Кираса охотника на драконов
16943,Наручи десяти бурь
16944,Пояс десяти бурь
16945,Эполеты десяти бурь
16946,Ножные латы десяти бурь
16947,Полный шлем десяти бурь
16948,Рукавицы десяти бурь
16949,Наголенники десяти бурь
16950,Кираса десяти бурь
16951,Наручники правосудия
16952,Пояс правосудия
16953,Наплеч правосудия
16954,Ножные латы правосудия
16955,Корона правосудия
16956,Рукавицы правосудия
16957,Башмаки Правосудия
16958,Кираса здравого смысла
16959,Браслеты гнева
16960,Боевой пояс гнева
16961,Наплечье гнева
16962,Ножные латы гнева
16963,Шлем гнева
16964,Рукавицы гнева
16965,Башмаки гнева
16966,Кираса гнева
16967,Фераласский тунец
16968,Ударник Сартериса
16969,Синий плавник Гибельного берега
16970,Махи-махи с Тростникового берега
16971,Мидии с сюрпризом
16972,Знамя Каранга
16973,Фиал пугающей воды
16974,Пустой фиал для воды
16975,Кушак Песни Войны
16976,Тотем Мургута
16977,Сапоги Песни Войны
16978,Рукавицы Песни Войны
16979,Перчатки пламенных недр
16980,Оплечье пламенных недр
16981,Наручи Совоборода
16982,Сапоги гончей Недр
16983,Оплавленный шлем
16984,Сапоги из чешуи черного дракона
16985,Сапоги Искателя ветра
16986,Перчатки Песчаного шпиля
16987,Пояс крикуна
16988,Огненные плетеные наплечники
16989,Огненный плетеный ремень
16990,Душевный плащ
16991,Перевязочные бинты
16992,Гремучее ружье Смоки
16993,Дымный огнестрел
16994,Перчатки тенекрыла
16995,Оплечье тенекрыла
16996,Кровавый лук
16997,Гроза
16998,Священный защитник
16999,Королевская печать Алексис
17001,Обруч стихий
17002,Разбрызгиватель лимфы
17003,Молот Каменного черепа
17004,Руководство Сары
17005,Мундир грубияна
17006,Кобальтовые набедренники
17007,Рукавицы Стоунрендера
17008,Маленький свиток
17009,Голова посланника Малкина
17010,Огненное ядро
17011,Ядро лавы
17012,Кожа Недр
17013,Поножи из черного железа
17014,Наручи из черного железа
17015,Разоритель из черного железа
17016,Разрушитель из черного железа
17017,Выкройка: оплечье пламенных недр
17018,Выкройка: перчатки пламенных недр
17019,Zzold чародейская пыль
17020,Порошок чар
17021,Лесные ягоды
17022,Выкройка: сапоги гончей Недр
17023,Выкройка: оплавленный шлем
17024,Дикие коренья
17025,Выкройка: сапоги из чешуи черного дракона
17026,Дикий шипокорень
17027,Ароматическая свеча
17028,Святая свеча
17029,Священная свеча
17030,Крест
17031,Руна телепортации
17032,Руна порталов
17033,Знак божественности
17034,Семена клена
17035,Семя из Тернистой долины
17036,Семена ясеня
17037,Семена граба
17038,Семена железного дерева
17039,Пробиватель черепов
17042,Гвоздомет
17043,Одеяние фанатика
17044,Воля Мученика
17045,Кровь Мученика
17046,Разделочный клинок
17047,Светящийся нарамник
17048,Ром Ромси
17049,Чертеж: огненный плетеный ремень
17050,Императорские одеяния Чана
17051,Чертеж: наручи из черного железа
17052,Чертеж: поножи из черного железа
17053,Чертеж: огненные плетеные наплечники
17054,Милосердие Джунхо
17055,Чангук сокрушитель
17056,Легкое перышко
17057,Блестящая рыбья чешуя
17058,Рыбий жир
17059,Чертеж: разоритель из черного железа
17060,Чертеж: разрушитель из черного железа
17061,Тень Джуно
17062,Рецепт: мифрилоголовая форель
17063,Кольцо Аккурии
17064,Обломок чешуи
17065,Медальон незыблемой мощи
17066,Буровой диск
17067,Древний краеугольный гримуар
17068,Смертоносный
17069,Знак нападающего
17070,Клык Тайн
17071,Потрошитель Гутгора
17072,Взрывострел
17073,Землетрясущий
17074,Удар Тьмы
17075,Вис\'каг Кровопускатель
17076,Кромка костяного разорителя
17077,Багровый шокер
17078,Пелерина Сапфирона
17082,Сфера Пламени
17102,Плащ Клубящихся Туманов
17103,Магический клинок Лазурной песни
17104,Хребтистый Жнец
17105,Каменный боевой молот с аурой
17106,Защита Малистара
17107,Накидка драконьей крови
17109,Колье Озарения
17110,Печать архимага
17111,Медальон пламенного неистовства
17112,Небесный молот-крушитель
17113,Хранитель Янтарной печати
17114,Осколок оберега Аража
17117,Флейта крысолова
17118,Коробка загадочного мяса
17119,Шашлык из подземной крысы
17124,Эмблема Синдиката
17125,Печать Черного Ворона
17126,Изящное письмо
17142,Осколок осквернителя
17182,"Сульфурас, Рука Рагнароса"
17183,Зазубренный кулачный щит
17184,Маленький щит
17185,Круглый кулачный щит
17186,Маленький тарг
17187,Пластинчатый кулачный щит
17188,Окольцованный кулачный щит
17189,Металлический кулачный щит
17190,Изысканный кулачный щит
17191,Скипетр Келебраса
17192,Усиленный тарг
17193,Сульфуронский молот
17194,Праздничные пряности
17195,Поддельная омела
17196,Праздничная выпивка
17197,Имбирное печенье
17198,Гоголь-моголь
17200,Рецепт: имбирное печенье
17201,Рецепт: гоголь-моголь
17202,Снежок
17203,Сульфуронский слиток
17204,Око Сульфураса
17222,Паучья колбаска
17223,Громовой удар
17224,Прицел Видящих
17302,Праздничный подарок в голубой упаковке
17303,Оберточная бумага с голубыми лентами
17304,Оберточная бумага с зелеными лентами
17305,Праздничный подарок в зеленой упаковке
17306,Кровь солдата Грозовой Вершины
17307,Оберточная бумага с лиловыми лентами
17308,Праздничный подарок в лиловой упаковке
17309,Диссонирующие наручи
17310,Аспект Нептулона
17322,Око Углевзора
17324,Маяк Смуггла
17326,Плоть солдата Грозовой Вершины
17327,Плоть лейтенанта Грозовой Вершины
17328,Плоть командира Грозовой Вершины
17329,Рука Люцифрона
17330,Рука Сульфурона
17331,Рука Гееннаса
17332,Рука Шаззраха
17333,Квинтэссенция воды
17344,Конфетка
17345,Силитидская масса
17346,Покрытый коркой щит силитида
17348,Хорошее исцеляющее зелье
17349,Наилучшее исцеляющее зелье
17351,Хорошее зелье возврата маны
17352,Наилучшее зелье возврата маны
17353,Грозовая Вершина: приказ об атаке
17355,Письмо Рабина
17364,Прицел Видящих
17402,Зимний эль Предков
17403,Шипучка Хитрой Шестеренки
17404,Сборная солянка с фасолью
17405,"Чай \""Зеленый сад\"""
17406,Праздничный сыр
17407,Домашний пирожок Гракку
17408,Острый бифштекс
17411,Паровая пила
17413,Кодекс: Молитва стойкости
17414,Кодекс: Молитва стойкости II
17422,Обломки брони
17423,Кристалл Бури
17442,Северный Волк: приказ об атаке
17502,Жетон солдата Северного Волка
17503,Жетон лейтенанта Северного Волка
17504,Жетон командира Северного Волка
17507,Маяк Слидора
17508,Кулачный щит крепости камня
17522,Припасы Железного рудника
17523,Пелерина Дымка
17542,Припасы Ледяного Зуба
17562,Сапоги рыцаря-лейтенанта из ткани ужаса
17564,Перчатки рыцаря-лейтенанта из ткани ужаса
17566,Шлем лейтенанта-командора
17567,Поножи рыцаря-капитана из ткани ужаса
17568,Одеяние рыцаря-капитана из ткани ужаса
17569,Оплечье лейтенанта-командора из ткани ужаса
17570,Капюшон защитника из ткани ужаса
17571,Поножи легионера из ткани ужаса
17572,Одеяние легионера из ткани ужаса
17573,Наплечники защитника из ткани ужаса
17576,Сапоги кровавого стража из ткани ужаса
17577,Перчатки кровавого стража из ткани ужаса
17578,Шлем-корона фельдмаршала
17579,Поножи маршала из ткани ужаса
17580,Наплечники фельдмаршала из ткани ужаса
17581,Одеяние фельдмаршала из ткани ужаса
17583,Сапоги маршала из ткани ужаса
17584,Перчатки маршала из ткани ужаса
17586,Сапоги генерала из ткани ужаса
17588,Перчатки генерала из ткани ужаса
17590,Оплечье вождя из ткани ужаса
17591,Капюшон вождя из ткани ужаса
17592,Одеяние вождя из ткани ужаса
17593,Штаны генерала из ткани ужаса
17594,Атласные сапоги рыцаря-лейтенанта
17596,Атласные перчатки рыцаря-лейтенанта
17598,Диадема лейтенанта-командора
17599,Атласные поножи рыцаря-капитана
17600,Атласные одеяния рыцаря-капитана
17601,Атласный нарамник лейтенанта-командора
17602,Головной убор фельдмаршала
17603,Атласные штаны маршала
17604,Атласное оплечье фельдмаршала
17605,Атласные одежды фельдмаршала
17607,Атласные сандалии маршала
17608,Атласные перчатки маршала
17610,Атласный клобук защитника
17611,Атласные брюки легионера
17612,Атласные одежды легионера
17613,Атласные наплечные пластины защитника
17616,Атласные сапоги кровавого стража
17617,Атласные перчатки кровавого стража
17618,Атласные сапоги генерала
17620,Атласные перчатки генерала
17622,Атласная мантия вождя
17623,Атласный клобук вождя
17624,Атласные одеяния вождя
17625,Атласные поножи генерала
17626,Наплечники Северного Волка
17642,Шкура альтеракского барана
17643,Шкура северного волка
17662,Украденные лакомства
17682,Книга: Дар дикой природы
17683,Книга: Дар дикой природы II
17684,Терадрический хрустальный орнамент
17685,Образчик продукции Пастбищ Дымного Леса
17686,Лук предводителя охотников
17687,Винтовка опытного охотника
17688,Сапоги джунглей
17689,Учебный ошейник Грозовой Вершины
17690,"Знак отличия Северного Волка, ранг 1"
17691,"Знак различия Грозовой Вершины, ранг 1"
17692,Роговое кольцо
17693,Лазурный фиал с внутренним покрытием
17694,Кольцо кулака
17695,Оплечье Гнедого
17696,Наполненный лазурный фиал
17702,Келебрийский жезл
17703,Келебрийский бриллиант
17704,Кромка Зимы
17705,Молотящий клинок
17706,Чертеж: Кромка Зимы
17707,Самоцветное сердце
17708,Эликсир силы льда
17709,Рецепт: эликсир силы льда
17710,Углекаменный кортик
17711,Поножи стихий каменного гребня
17712,Набор для переодевания Зимнего Покрова
17713,Кольцо черного камня
17714,Наручи Каменной принцессы
17715,Глаз Терадрас
17716,Создатель снега 9000
17717,Убойная винтовка
17718,Сверхтехнологичный кулачный щит Гизлока
17719,Фокальный меч изобретателя
17720,Схема: создатель снега 9000
17721,Перчатки Дедушки Зимы
17722,Выкройка: перчатки Дедушки Зимы
17723,Зеленая выходная рубашка
17724,Выкройка: зеленая выходная рубашка
17725,Формула чар для оружия - могущество зимы
17726,Особый дар Пастбищ Дымного Леса
17727,Подарочный набор Пастбищ Дымного Леса
17728,Сапоги из чешуи крокодила-альбиноса
17730,Топор Крокодильего укуса
17732,Оплечье Чумных тисков
17733,Каменный кулак
17734,Шлем горы
17735,Праздник Зимнего Покрова
17736,Рукавицы Скальной хватки
17737,Облачный камень
17738,Коготь Келебраса
17739,Пелерина Хранителя Рощи
17740,Головной убор ворожея
17741,Облачение Природы
17742,Грибничная броня
17743,Жезл Возрождения
17744,Сердце Ноксиона
17745,Пагубный жезл
17746,Оковы Ноксиона
17747,Разрыв-корень
17748,Сандалии гнилой лозы
17749,Наплеч из фитокожи
17750,Хлоросетчатый ремень
17751,Поножи из шкуры бруссля
17752,Острая сатира
17753,Цель Зеленого хранителя
17754,Шутовские поножи инфернала
17755,Кушак из гривы сатира
17756,Фрагмент осколка сумрака
17757,Амулет Духов
17758,Амулет Соединения
17759,Знак решимости
17760,Семя Жизни
17761,Самоцвет Первого Вождя
17762,Самоцвет Второго Вождя
17763,Самоцвет Третьего Вождя
17764,Самоцвет Четвертого Вождя
17765,Самоцвет Пятого Вождя
17766,Скипетр принцессы Терадрас
17767,Цветочный головной убор
17768,Кольцо лесных семян
17769,Полынный наплеч
17770,Рукавицы Когтистой ветви
17771,Элементиевый слиток
17772,Могучая подвеска осколков сумрака
17773,Чудесная подвеска осколков сумрака
17774,Знак Избранного
17775,Проницательные одеяния
17776,Шлем кольца духов
17777,Беспощадная кольчуга
17778,Полынный ремень
17779,Наплечье мегакамня
17780,Клинок Вечной Тьмы
17781,Инструкции кентавра-парии
17802,"Громовая Ярость, благословенный клинок Искателя Ветра"
17822,Карты клана Северного Волка
17823,Грозовая Вершина: планы битвы
17849,Знамя Грозовой Вершины
17850,Знамя Северного Волка
17882,QAEnchant Chest +100 Health
17886,Тестовое кольцо с уроном от заклинаний +285
17887,QAEnchant 2H Weapon +9 Damage
17900,"Знак различия Грозовой Вершины, ранг 2"
17901,"Знак различия Грозовой Вершины, ранг 3"
17902,"Знак различия Грозовой Вершины, ранг 4"
17903,"Знак различия Грозовой Вершины, ранг 5"
17904,"Знак различия Грозовой Вершины, ранг 6"
17905,"Знак отличия Северного Волка, ранг 2"
17906,"Знак отличия Северного Волка, ранг 3"
17907,"Знак отличия Северного Волка, ранг 4"
17908,"Знак отличия Северного Волка, ранг 5"
17909,"Знак отличия Северного Волка, ранг 6"
17922,Броня из львиной шкуры
17943,Каменный кулак
17962,Синий мешочек с самоцветами
17963,Зеленый мешочек с самоцветами
17964,Серый мешочек с самоцветами
17965,Желтый мешочек с самоцветами
17966,Заплечный мешок из шкуры Ониксии
17968,Заряженная чешуя Ониксии
17969,Красный мешочек с самоцветами
17982,Сердце Рагнароса
18022,Королевская печать Алексис
18042,Стрела с ториевым наконечником
18043,Шахтерские сапоги
18044,Харлеева кружка
18045,Нежный стейк из волчатины
18046,Рецепт: нежный стейк из волчатины
18047,Пламяступы
18048,Молот мастера-кузнеца
18082,Стрекало Зум\'раха
18083,Захваты Джуманза
18102,Сапоги драконьего всадника
18103,Кольцо размышлений
18104,Ремень Дикого Сердца
18142,Отрубленная голова ночного эльфа
18143,Пучок волос гнома
18144,Осколок человеческой кости
18145,Копыто таурена
18146,Амулет тролля из племени Черного Копья
18147,Сердце Отрекшегося
18148,Череп Коррака
18149,Руна возвращения
18150,Руна возвращения
18151,Наполненный аметистовый фиал
18152,Аметистовый фиал
18153,Красный самоцвет Морогая
18160,Рецепт: скорополоховый чай
18168,Реактивный диск
18169,Пламенная мантия Рассвета
18170,Ледяная мантия Рассвета
18171,Чародейская мантия Рассвета
18172,Природная мантия Рассвета
18173,Теневое оплечье Рассвета
18182,Многоцветная мантия Рассвета
18202,Левый коготь Эсхандара
18203,Правый коготь Эсхандара
18204,Шкура Эсхандара
18205,Ошейник Эсхандара
18206,Хребет дворфа
18207,Орочий зуб
18208,Пелерина Благословения
18222,Колючая лоза
18223,Зубчатый лепесток
18224,Корень корнехлеста
18225,Поношенные беговые туфли
18226,Скрепленный печатью договор
18227,Дурацкая погремушка
18228,Картина Форора и Тигуля с подписями мастеров
18229,"\""Руководство по продвинутой рыбалке\"" Ната Пэгла"
18230,Сломанная кнопка П.О.Б.Е.Д.А.
18231,Майка без рукавов
18232,Полевой ремонтный робот 74A
18233,Промокший от слез платок
18234,"Документ из \""Импортных огнестрелов\"""
18236,Погрызушка Гордока
18237,Челюсть мастифа
18238,Тенекожаные перчатки
18239,Выкройка: тенекожаные перчатки
18240,Огрская дубильная кислота
18241,Узда вороного боевого скакуна
18242,Черный боевой тигр
18243,Черный боевой механодолгоног
18244,Черный боевой баран
18245,Черный боевой волк
18246,Черный боевой ящер
18247,Черный боевой кодо
18248,Красный боевой конь-скелет
18249,Серповидный ключ
18250,Ключ от оков Гордока
18251,Накладки из кожи Недр
18252,Выкройка: накладки из кожи Недр
18253,Большое зелье омоложения
18254,Десерт из корня Рун-Тум
18255,Корень Рун-Тум
18256,Укрепленная колба
18257,Рецепт: большое зелье омоложения
18258,Броня огров Гордока
18259,Формула чар для оружия - сила заклинаний
18260,Формула чар для оружия - целительная сила
18261,Книга магических формул
18262,Точило стихий
18263,Напульсники пламенных недр
18264,Чертеж: точило стихий
18265,Выкройка: напульсники пламенных недр
18267,Рецепт: десерт из корня Рун-Тум
18269,Зеленый грог Гордока
18282,Снайперская винтовка Недр
18283,"Прицел \""Бизникс\"" 247x128"
18284,Убойное пойло Крига
18285,Осколок кристаллизованной маны
18286,Фрагмент сконцентрированной маны
18287,Дурнопойло
18288,Огненная вода
18289,Ожерелье Острых Шипов
18290,"Схема: прицел \""Бизникс\"" 247x128"
18291,Схема: реактивный диск
18292,Схема: снайперская винтовка Недр
18294,Сильный эликсир подводного дыхания
18295,Регулирующие сапоги
18296,Поручи снайпера
18297,Семя колючечника
18298,Невоздержанные поножи
18299,Сущность Гидротвари
18300,Хиджальский нектар
18301,Жезл Лефтендрис
18302,Кольцо напористости
18303,Гибкий кулачный щит
18304,Зеленокоренный доспех
18305,Набедренники волнолома
18306,Перчатки Сумеречного тумана
18307,Ботинки Прилива
18308,Умная шляпа
18309,Перчатки Восстановления
18310,Дьявольское мачете
18311,Кель\'дорайский направляющий жезл
18312,Энергетическая бригантина
18313,Шлем настороженности
18314,Кольцо коварства демонов
18315,Кольцо демонической силы
18317,Талисман Бури
18318,Наголенники милости
18319,Шлем пылкости
18320,Наплеч сердца демона
18321,Энергетический жезл
18322,Водонепроницаемые сапоги
18323,Лук сатира
18324,Волнорезка
18325,Шапка из скверношкуры
18326,Острые рукавицы
18327,Шнурованный ремень из кнутолозы
18328,Лесносумрачный плащ
18329,Магический знак стремительности
18330,Магический знак сосредоточения
18331,Магический знак защиты
18332,Манускрипт скорости
18333,Манускрипт средоточия
18334,Манускрипт защиты
18335,Безупречный черный алмаз
18336,Латная рукавица Мощи Гордока
18337,Оккультные наручи
18338,Жезл чародейской силы
18339,Плащ Эйдолона
18340,Талисман Эйдолона
18341,Кель\'дорайский кушак
18342,Кель\'дорайский страж
18343,Кольцо оцепенения
18344,Рукавицы каменной коры
18345,Шепчущее кольцо
18346,Вытертые брюки
18347,Хорошо сбалансированный топор
18348,Кель\'Серрар
18349,Рукавицы меткости
18350,Усиливающий плащ
18351,Магически запечатанные наручи
18352,Щит из окаменевшей коры
18353,Каменноцветный посох
18354,Ошейник Пимгиба
18356,Гарона: Исследование скрытности и предательства
18357,Кодекс Защиты
18358,Поваренная книга чародея
18359,Свет и как его раскачать
18360,Укрощая тени
18361,Величайшая гонка охотников
18362,Святая Болонья: О чем не говорит свет
18363,"\""Ледяной шок и вы\"""
18364,Изумрудный Сон
18365,"Зачитанный экземпляр \""Продвинутой рыбалки\"" Ната Пэгла"
18366,Боевые рукавицы Гордока
18367,Рукавицы Гордока
18368,Перчатки Гордока
18369,Повязки Гордока
18370,Оберег бдительности
18371,Талисман восстановления разума
18372,Клинок новолуния
18373,Бригантина Спокойствия
18374,Опаленные наплечники
18375,Наручи Затмения
18376,Видавшая виды палица
18377,Перчатки Быстрой Тетивы
18378,Луносветские поножи
18379,Гнусные наголенники
18380,Усиленные ножные латы таинственности
18381,Подвеска сглаза
18382,Колышущийся плащ
18383,Силовые прочные рукавицы
18384,Изъеденный желчью наплеч
18385,Одеяние Вечной ночи
18386,Брюки батюшки
18387,Ярко-искристые перчатки
18388,Камнелом
18389,Плащ космоса
18390,Поножи из моховой путаницы
18391,Шнурованный ремень Глазного стебелька
18392,Отвлекающий кинжал
18393,Пояс Криводревов
18394,Накулачники Демонического воя
18395,Изумрудное кольцо пламени
18396,Мозгорез
18397,Подвеска древнего мага
18398,Кольцо приливов
18399,Океанский Ветер
18400,Кольцо живого камня
18401,Справочник Форора по истреблению драконов
18402,Светящееся хрустальное кольцо
18403,Перстень драконоборца
18404,Подвеска Клыка Ониксии
18405,Пояс верховного мага
18406,Кровный талисман Ониксии
18407,Перчатки из ткани Скверны
18408,Инфернальные перчатки
18409,Перчатки из луноткани
18410,Меч спринтера
18411,Подвижные сапоги
18412,Осколок из Огненных Недр
18413,Плащ стражи
18414,Выкройка: пояс верховного мага
18415,Выкройка: перчатки из ткани Скверны
18416,Выкройка: инфернальные перчатки
18417,Выкройка: перчатки из луноткани
18418,Выкройка: плащ стражи
18420,Костекрушитель
18421,Шлем дубравы
18422,Голова Ониксии
18423,Голова Ониксии
18424,Осоковые сапоги
18425,Кружка Крига
18426,Сеть Лефтендрис
18427,Плащ сержанта
18428,Знак различия старшего сержанта
18429,Латные наручи высшего сержанта
18430,Латные наручи высшего сержанта
18432,Кольчужные накулачники высшего сержанта
18434,Боевые наручи высшего сержанта из драконьей шкуры
18435,Кожаные боевые наручи высшего сержанта
18436,Боевые наручи высшего сержанта из драконьей шкуры
18437,Шелковые манжеты высшего сержанта
18440,Накидка сержанта
18441,Накидка сержанта
18442,Знак старшего сержанта
18443,Знак старшего сержанта
18444,Знак старшего сержанта
18445,Латные накулачники старшего сержанта
18447,Латные накулачники старшего сержанта
18448,Плетеные боевые наручи старшего сержанта
18449,Плетеные боевые наручи старшего сержанта
18450,Одеяние Возгорания
18451,Пояс из гиеновой шкуры
18452,Кожаные защитные наручи старшего сержанта
18453,Кожаные защитные наручи старшего сержанта
18454,Защитные наручи старшего сержанта из драконьей шкуры
18455,Защитные наручи старшего сержанта из драконьей шкуры
18456,Шелковые манжеты старшего сержанта
18457,Шелковые манжеты старшего сержанта
18458,Скромные боевые наручи
18459,Накулачники Галланта
18460,Примитивная пищаль
18461,Плащ сержанта
18462,Зазубренная костяная боевая перчатка
18463,Карманный нож огра
18464,Носовое кольцо Гордока
18465,Королевская печать Эльдре\'Таласа
18466,Королевская печать Эльдре\'Таласа
18467,Королевская печать Эльдре\'Таласа
18468,Королевская печать Эльдре\'Таласа
18469,Королевская печать Эльдре\'Таласа
18470,Королевская печать Эльдре\'Таласа
18471,Королевская печать Эльдре\'Таласа
18472,Королевская печать Эльдре\'Таласа
18473,Королевская печать Эльдре\'Таласа
18475,Чудной магический пояс
18476,Запятнанные грязью сапоги
18477,Мохнатые поножи
18478,Жакет из гиеновой шкуры
18479,Шлем скорпида-падальщика
18480,Латный шлем скарабея
18481,Палица череподробителя
18482,Огрский зубочисткострел
18483,Направляющий ману жезл
18484,Клинок Чо-Раша
18485,Щит наблюдателя
18486,Одеяние из луноткани
18487,Выкройка: одеяние из луноткани
18488,Древний закаленный клинок
18489,Неопалимый древний клинок
18490,Провидческий капюшон
18491,Мастер-прядильщик
18492,Закаленный древний клинок
18493,Громоздкий железный наплеч
18494,Наплечники логовостража
18495,Плащ Оплота
18496,Гелиотроповый плащ
18497,Возвышенные накулачники
18498,Секатор
18499,Щит-преграда
18500,Потускневшее эльфийское кольцо
18501,Осколок сквернита
18502,Чудовищная глефа
18503,Бригантина Крома Давигрома
18504,Ремень прозрения
18505,Пояс Кривляки
18506,Мангустовые сапоги
18507,Сапоги полнолуния
18508,Наручи стремительного полета
18509,Разноцветный плащ
18510,Сень Природы
18511,Изменчивый плащ
18512,Ларвальная кислота
18513,Тупой плоский эльфийский клинок
18514,Выкройка: ремень прозрения
18515,Выкройка: мангустовые сапоги
18516,Выкройка: наручи стремительного полета
18517,Выкройка: разноцветный плащ
18518,Выкройка: Сень Природы
18519,Выкройка: изменчивый плащ
18520,Чуждый клинок
18521,Закопченные металлические сапоги
18522,Кольцо короля огров
18523,Ярко сияющий камень
18524,Поножи разрушения
18525,Наручи Процветания
18526,Корона Короля огров
18527,Гармонические рукавицы
18528,Наплеч смерча
18529,Латный ремень стихий
18530,Выкованный огром хауберк
18531,Кувалда непреклонности
18532,Одеяние мозгоштурма
18533,Наручи Гордока
18534,Жезл огрских магов
18535,Щит Милли
18536,Словарь Милли
18537,Магнит контратаки
18538,Погибель древня
18539,Реликварий Чистоты
18540,Запечатанный реликварий Чистоты
18541,Накидка могущества
18542,Тайфун
18543,Кольцо энтропии
18544,Рукавицы из роковой шкуры
18545,Поножи тайного превосходства
18546,Наголовник инфернала
18547,Ремень Нетающего Льда
18562,Элементиевая руда
18563,Наручники Искателя Ветра
18564,Наручники Искателя Ветра
18567,Плавень стихий
18582,Парные клинки Аззинота
18583,Боевой клинок Аззинота правый
18584,Боевой клинок Аззинота левый
18585,Кольцо преданности
18586,Обруч Одинокого Дерева
18587,Гоблинский кабельный максидефибриллятор
18588,"Динамит \""Pro-100-брос II\"""
18590,Кровь яростного зверя
18591,Ларец Крови
18592,Чертеж: сульфуронский молот
18594,Мощный сефориевый заряд
18597,Орочья детская свистулька
18598,Детская свистулька
18600,Фолиант Чародейской гениальности
18601,Светящаяся кристаллическая тюрьма
18602,Фолиант Жертвоприношения
18603,Кровь сатира
18604,Слезы Хедерины
18605,Плененный страж ужаса
18606,Боевой штандарт Альянса
18607,Боевой штандарт Орды
18608,Благодарение
18609,Анафема
18610,Остро отточенное мачете
18611,Поножи Кривой Сосны
18612,Кровавые плетеные сапоги
18622,Безупречная субстанция Скверны Джеденар
18623,Безупречная субстанция Скверны Темный портал
18624,Безупречная субстанция Скверны Азшара
18625,Огненное ядро Крошиуса
18626,Пламя Скверны
18628,Контракт Братства Тория
18629,Черный Магнит
18631,Преобразователь истинного серебра
18632,Изумительный соус из Луноречья
18633,Леденцы Стилины
18634,Гирозамораживающий ледяной отражатель
18635,Ореховая паста Беллары
18636,Испорченные кроссировочные кабели XL
18637,Большой атомарный перенаправлятор
18638,Гиперизлучающий отражатель пламени
18639,Ультра-вспышечный отражатель тьмы
18640,Веселый камень
18641,Концентрированный динамит
25040,Накидка Темной Крови
25041,Накидка засады
25042,Плащ Пустоты
25043,Янтарная накидка
25044,Рубеллитовое кольцо
25045,Азуритовое кольцо
25046,Иглистое кольцо
25047,Турмалиновое кольцо
25048,Кольцо из дымчатого кварца
25049,Шеелитовое кольцо
25050,Молдавитовое кольцо
25051,Синее топазовое кольцо
25052,Гаюиновое кольцо
25053,Кольцо из ляпис-лазури
25054,Содалитовое кольцо
25055,Александритовое кольцо
25056,Альмандиновое кольцо
25057,Простое янтарное кольцо
25058,Колье Ангелисты
25059,Ошейник Огненного опала
25060,Ожерелье из Солнечного камня
25061,Гиддентовое ожерелье
25062,Цирконовый амулет
25063,Разноцветные бусы
25064,Аметистовая подвеска
25065,Бирюзовая брошь
25066,Ожерелье из розовых сапфиров
25067,Диопсидовые бусы
25068,Кунцитовое ожерелье
25069,Эпидотовое ожерелье
25070,Коралловые бусы
25071,Танзанитовая подвеска
25072,Щит северянина
25073,Императорский щит
25074,Щит Телаари
25075,Закаленный стальной щит
25076,Вопящий щит
25077,Боевой щит Модани
25078,Щит Зангари
25079,Щит Запределья
25080,Щит разрушителя заклятий
25081,Щит Байо
25082,Щит из оскверненного железа
25083,Тлеющий щит
25084,Щит Зет\'Гора
25085,Щит из чешуи дракона
25086,Одуванчик Искателя Снов
25087,Кровоточащее Око
25088,Сфера Веселого Черепа
25089,Жезл Моления
25090,Жезл Надсмотрщика
25091,Факел туманного тростника
25092,Кристалл Консорциума
25093,Сфера Совета Теней
25094,Скипетр Элдр\'наана
25095,Сфера верховного мага
25096,Звезда повелителя стихий
25097,Сфера Астралаана
25098,Факел Туурика
25099,Дренейский хрустальный жезл
25100,Ленный клинок
25101,Кинжал с крестовидным яблоком
25102,Джеденитский кинжал
25103,Кинжал ночного убийцы
25104,Кинжал Анзака
25105,Кинжал арахнида
25106,Короткий клинок Кобры
25107,Драконий кинжал
25108,Нож Стража могилы
25109,Лунный клинок
25110,Острый тесак
25111,Кинжал львиной головы
25112,Скверный потрошитель
25113,Фантомный кинжал
25114,Палица вестника рока
25115,Палица Речной Песни
25116,Пневматический боевой молот
25117,Ребристая боевая палица
25118,Боевая звезда
25119,Боевая палица Луносвета
25120,Каменноосколочная дубина
25121,Палица ужаса
25122,Кориевый латный ослоп
25123,Палица Костедробителя
25124,Кувалда пехотинца
25125,Старинная дубина с шипами
25126,Молот Старой Наковальни
25127,Рыцарский боевой молот
25128,Сияющая палица
25129,Берцовая кость великана
25130,Гроннская костяная дубина
25131,Ненавистный ослоп
25132,Траллмарский боевой молот
25133,Кувалда Штормграда
25134,Высокогорный молот
25135,Палица из шкуры копытня
25136,Запятнанный кровью молот
25137,Дренетистовый молот
25138,Молот Кровавого Рыцаря
25139,Боевой молот Альгаза
25140,Указующий молот
25141,Молот Халаани
25142,Длинный клинок Телаари
25143,Серебряный ручной клинок
25144,Кривой клинок Скеттиса
25145,Клинок Мудрости
25146,Изъеденный светом длинный меч
25147,Катана небесного странника
25148,Меч собирателя костей
25149,Широкий меч барона
25150,Сабля Оплота Чести
25151,Короткий клинок убийцы
25152,Воющий меч
25153,Великий меч гладиатора
25154,Клинок с желобком для стекания крови
25155,Меч железного черепа
25156,Королевский рыцарский меч
25157,Клеймор Змеиного лорда
25158,Скелетный широкий меч
25159,Фальшион громового удара
25160,Мстительный клинок
25161,Клинок Драконьего ветра
25162,Потемневший широкий меч
25163,Элексорийский клинок
25164,Грубый клинок Тенетопи
25165,Клеймор Тяжелого Кулака
25166,Боевой клинок клана Мок\'Натал
25167,Клеймор из пустостали
25168,Длинный меч Ша\'тар
25169,Бугайский меч орка Скверны
25170,Посох Раттан Бо
25171,Крепкий посох из твердого дерева
25172,Кривой посох Джинбали
25173,Посох мастера Бо
25174,Посох Ханбо
25175,Длинный посох бесноватого
25176,Боевой посох Тайджи
25177,Посох Танджо
25178,Посох Бата
25179,Древко Нгуни
25180,Боевой посох Календы
25181,Заостренный посох
25182,Чеканный кристаллический воинский посох
25183,Вудуистский посох сглаза
25184,Когти опустошителя
25185,Клинок молотильщика
25186,Вампирическая ручная коса
25187,Когти Шеккета
25188,Когти раздражительного потрошителя
25189,Острие железной колючки
25190,Когти твари
25191,Жуткие клыки
25192,Потрошительница
25193,Когти смерти
25194,Змеиные зубы
25195,Алмазные когти
25196,Когти Костедробителя
25197,Бритвенные косы
25198,Караборский боевой топор
25199,Рыцарская секира
25200,Зазубренный широкий топор
25201,Серп похитителя
25202,Королевский топор
25203,Треснувший дровокол
25204,Колоссальная секира
25205,Серповидный луносветский топор
25206,Топор берсерка
25207,Колун Призрачной Луны
25208,Широкий топор Камнерогов
25209,Аманийский томагавк
25210,Двулезвийный топор
25211,Резец Камнедробителя
25212,Топор счастливого удара
25213,Оскверненный топор
25214,Боевой топор клана Мок\'Натал
25215,Шипастый боевой топор
25216,Огрский раскалывающий топор
25217,Дробящий топор
25218,Топор с серебряной кромкой
25219,Разрыватель
25220,Славная секира
25221,Призрачная боевая секира
25222,Парадный топор палача
25223,Секира призывателя ветров
25224,Топор рабовладельца
25225,Широкий топор глубокой кузни
25226,Боевая коса
25227,Длинное копье Ша\'тар
25228,Длинная алебарда
25229,Длинный протазан
25230,Клинок-вуж
25231,Алебарда Скверны
25232,Боевая глефа
25233,Боевая коса
25234,Телаарская коса
25235,Изъеденная астралом глефа
25236,Лютая коса
25237,Трезубец Пустоты
25238,Боевое копье Адского Пламени
25239,Глефа Легенды
25240,Азеротский длинный лук
25241,Длинный лук Ясеневого леса
25242,Длинный лук Телаари
25243,Лук заклинателя ветра
25244,Гадючий лук
25245,Лук Песни лезвия
25246,Талассийский композитный лук
25247,Лук знатока
25248,Талбукский охотничий лук
25249,Изогнутый лук следопыта
25250,Длинный лук истребителя рухов
25251,Орочий плоский лук
25252,Лук Ловца снов
25253,Длинный лук Ветрокопья
25254,Арбалет башни
25255,Арбалет лобового штурма
25256,Арбалет Цитадели
25257,Цитадельский арбалет
25258,Скорострельный арбалет
25259,Складной арбалет
25260,Арбалет лучника
25261,Добротный арбалет
25262,Поврежденный в битве арбалет
25263,Бесшумный арбалет убийцы
25264,Карманная баллиста
25265,Ствольный арбалет
25266,Отлично сбалансированный арбалет
25267,Буйный арбалет
25268,Дробовик со свинцовыми пулями
25269,Винтовка Длиннобородого
25270,Штурмовая винтовка гномов
25271,Винтовка охотника на крокодилов
25272,Дробовик ПС-54
25273,Обрез
25274,Дробовик скального прыгуна
25275,Мушкет Драконьего Дыхания
25276,Мушкет с рунами тауренов
25277,Спортивная винтовка
25278,Удлиненная винтовка Эрнестуэя
25279,Сен\'джинская удлиненная винтовка
25280,Мушкет охотника за дичью
25281,"Боевая винтовка \""Мегасвин\"""
25282,Жезл из красного дерева
25283,Кристаллизированный эбеновый жезл
25284,Жезл Лилового сердца
25285,Жезл из кровавого дерева
25286,Тисовый жезл
25287,Магический жезл
25288,Жезл фокусника
25289,Величественный жезл
25290,Солитеровый жезл
25291,Факел благородства
25292,Механо-жезл
25293,Дренетистовый жезл
25294,Жезл из драконьей чешуи
25295,Безупречный жезл
25296,Кинжал поглощения
25297,Отрегулированный нож
25298,Кинжал возгорания
25299,Откачивающий кинжал
25300,Кинжал молний
25301,Дробящий кинжал
25302,Иссушающий душу кинжал
25303,Усиливающий клинок
25304,Смерть-клинок
25305,Кинжал духа стихий
25306,Кинжал вечной мерзлоты
25307,Кинжал тени
25308,Громовой шпиль
25309,Покоробленый кинжал
25310,Легкая палица наару
25311,Оживляющий молот
25312,Славный скипетр
25313,Скипетр из хладного железа
25314,Парадный молот
25315,Приводящая в сознание палица
25316,Окутанная духом палица
25317,Малая булава
25318,Молот предков
25319,Палица Спокойствия
25320,Знак Королевы
25321,Божественный молот
25322,Властный скипетр
25323,Скипетр пращура
25324,Гневный посох
25325,Грубый шрамодел
25326,Изначальный посох знаний
25327,Бесящий посох
25328,Посох Волшебного Рода
25329,Посох Спокойствия
25330,Посох Звездного света
25331,Посох Возмездия
25332,Отражающий посох
25333,Посох очищения
25334,Большой пугающий посох
25335,Кривой посох Зверя
25336,Раскалывающийся большой посох
25337,Жалящий посох
25338,Плохо сшитые штаны
25339,Плохо сшитые наплечные пластины
25340,Плохо сшитый жилет
25341,Ветхий матерчатый пояс
25342,Ветхие матерчатые сапоги
25343,Ветхие матерчатые наручи
25344,Ветхие матерчатые перчатки
25345,Ветхая матерчатая шляпа
25346,Ветхие матерчатые штаны
25347,Ветхие матерчатые наплечные пластины
25348,Ветхий матерчатый жилет
25349,Заплесневелый кожаный доспех
25350,Заплесневелый кожаный пояс
25351,Заплесневелые кожаные сапоги
25352,Заплесневелые кожаные наручи
25353,Заплесневелые кожаные перчатки
25354,Заплесневелый кожаный шлем
25355,Заплесневелые кожаные штаны
25356,Заплесневелые кожаные наплечные пластины
25357,Истлевший кожаный доспех
25358,Истлевший кожаный пояс
25359,Истлевшие кожаные сапоги
25360,Истлевшие кожаные наручи
25361,Истлевшие кожаные перчатки
25362,Истлевший кожаный шлем
25363,Истлевшие кожаные штаны
25364,Истлевшие кожаные наплечные пластины
25365,Разъеденная кольчуга
25366,Разъеденный кольчужный пояс
25367,Разъеденные кольчужные сапоги
25368,Разъеденные кольчужные наручи
25369,Разъеденный кольчужный венец
25370,Разъеденные кольчужные перчатки
25371,Разъеденные кольчужные штаны
25372,Разъеденные кольчужные наплечные пластины
25373,Проржавевшая кольчуга
25374,Проржавевший кольчужный пояс
25375,Проржавевшие кольчужные сапоги
25376,Проржавевшие кольчужные наручи
25377,Проржавевший кольчужный венец
25378,Проржавевшие кольчужные перчатки
25379,Проржавевшие кольчужные штаны
25380,Проржавевшие кольчужные наплечные пластины
25381,Потускневший латный пояс
25382,Потускневшие латные сапоги
25383,Потускневшие латные наручи
25384,Потускневший латный нагрудник
25385,Потускневшие латные перчатки
25386,Потускневший латный шлем
25387,Потускневшие латные набедренники
25388,Потускневшие наплечные пластины
25389,Обветшавший латный пояс
25390,Обветшавшие латные сапоги
25391,Обветшавшие наручи
25392,Обветшавший латный нагрудник
25393,Обветшавшие перчатки
25394,Обветшавший латный шлем
25395,Обветшавшие латные набедренники
25396,Обветшавшие наплечные пластины
25397,Разъеденный топор
25398,Каменный жнец
25399,Рассыпающийся клинок
25400,Потускневший клеймор
25401,Заржавевшая палица
25402,Преодолимая сила
25403,Заостренный стилет
25404,Массивный воинский посох
25405,Ржавый мушкет
25406,Сломанный длинный лук
25407,Движимый объект
25408,Блестящий хвостовой волос
25409,Упругий хвостовой волос
25410,Поврежденное копыто
25411,Стертое копыто
25412,Заляпанный грязью мех
25413,Гладкий мех
25414,Хрупкий рог
25415,Старый рог
25416,Осколок кристалла Ошу\'гуна
25417,Окровавленный клык
25418,Бритвенно-острый клык
25419,Непомеченный мешок с самоцветами
25420,Отрубленный коготь
25421,Корявый коготь
25422,Набитый самоцветами мешочек
25423,Мешок с превосходными самоцветами
25424,Наполненный самоцветами конверт
25425,Линялое перо
25426,Сверкающее перо
25427,Поцарапанный коготь
25428,Коготь дикого зверя
25429,Покрытая коркой грязи чешуйка
25430,Мерцающая чешуя
25431,Потрепанный плавник
25432,Нетронутый гребень
25433,Обсидиановое боевое ожерелье
25434,Растрескавшийся панцирь
25435,Отвердевший панцирь
25436,Дергающаяся нога
25437,Колючая нога
25438,Малахитовая подвеска
25439,Кольцо с тигровым глазом
25440,Треснувший кабаний клык
25441,Корявый кабаний клык
25442,Деформированное рыло
25443,Окровавленное рыло
25444,Едкая лимфа
25445,Презренная лимфа
25446,Хрупкий череп
25447,Разбитый череп
25448,Жало черной бракониды
25449,Сверток шкур
25450,Ползучий мох
25451,Болотный мох
25452,Гнилые грибы
25453,Гриб мертвянка
25454,Светящийся шар
25455,Флюоресцирующий шар
25456,Светящиеся споры
25457,Раскаленные споры
25458,Боевой штандарт маг\'харов
25459,"Челюсть \""Графа\"" Унгулы"
25460,Ящик с припасами из Кровавой Глазницы
25461,Книга Забытых Имен
25462,Фолиант Сумерек
25463,Пара бивней
25464,Закаленный кровью протазан
25465,Амулет буревестника
25466,Сломанный усик
25467,Рваное крылышко мотылька
25468,Планы Тяжелого Кулака
25469,Гримуар Избежания
25470,Золотистый грифон
25471,Вороной грифон
25472,Белоснежный грифон
25473,Стремительный синий грифон
25474,Рыжий ветрокрыл
25475,Синий ветрокрыл
25476,Зеленый ветрокрыл
25477,Стремительный красный ветрокрыл
25478,Рукавицы защитника
25479,Сапоги заклинателя земли
25480,Кушак странника пустошей
25481,Рукавицы Солнечного Скитальца
25482,Сапоги Венн\'рена
25483,Тонкий кушак
25484,Подвеска Телхамата
25485,Перстень Амаана
25486,Накулачники демоноубийцы
25487,Подвеска танцующего с ветром
25488,Перстень Аэронуса
25489,Плащ заклинателя ветра
25490,Ключ Тяжелого Кулака
25491,Спасенный мешочек спор
25492,Палица заклинателя земли
25494,Тотемный посох
25495,Кинжал волчьего всадника
25496,Лук маг\'харов
25498,Статуя из грубого камня
25499,Кольцо оскверненной крови
25500,Медальон оскверненной силы
25501,Потерянный плащ Анахорета
25502,Рукавицы Светоносного
25503,Перчатки огнеброса
25504,Пояс скитальца
25505,Обручальное кольцо Каринды
25506,Плетеный шлем воздаятеля
25507,Поножи Телхамата
25508,Жилет Оменай
25509,Ключ расщелины Северного Ветра
25510,Церемониальное облачение
25511,Поножи громовой кузни
25512,Племенной хауберк
25513,Маска из шкуры копытня
25514,Наплечье Икейна
25515,Грязные сапоги
25516,Сапоги Икейна
25517,Медальон хранителя
25518,Поножи исследователя
25519,Молот кенарийского хранителя
25521,Сильная охранная руна
25522,Наплеч болотного бродяги
25523,Рукавицы призывателя ветров
25524,Кенарийские экспедиционные сапоги
25525,Зангарские эполеты
25526,Чертеж: сильная охранная руна
25527,Стремительный красный грифон
25528,Стремительный зеленый грифон
25529,Стремительный лиловый грифон
25530,Шлем природной чистоты
25531,Стремительный зеленый ветрокрыл
25532,Стремительный желтый ветрокрыл
25533,Стремительный лиловый ветрокрыл
25534,Болотный пояс выживающего
25535,Ошейник маленького дракончика Пустоты
25536,Сокрушитель Спореггара
25537,Рассекающий болотный топор
25538,Спорофитовый коготь
25539,Зелье подводного дыхания
25540,Темный плащ трясины
25541,Кольцо заклинаний Кенария
25542,Счастливый венец дурака
25543,Талбукская колючка
25544,Старинный мушкет Зерида
25545,Талбукский кортик
25548,Зелье хвастливых грибочков
25549,Гербовая накидка рыцаря крови
25550,Мухомор
25552,Знамя огров Боевого Молота
25553,Экзодарский посох
25554,Оружие Вечной Скорби
25555,Знамя Вечной Скорби
25556,Огромный огрский хауберк
25557,Трофейное анго\'рошское наплечье
25558,Капюшон пожирателя душ из клана Анго\'рош
25559,Мундир Ло\'апа для ныряния в грязь
25560,Оплечье Ло\'апа для ныряния в грязь
25561,Навозные галоши
25562,Земной знак разрушения
25563,Земной знак силы
25564,Земной знак здоровья
25565,Наплеч кольца
25566,Рукавицы трибунала
25567,Шнурованный ремень кольца
25568,Чешуйчатые поножи боевого заклинателя
25569,Бригантина мстителя Темной Крови
25570,Лучезарная корона Мелии
25573,QR 9863 Warrior Chest
25574,Кюлоты зеленого стража
25575,Громоносный страж
25576,Полуперчатки контрабандиста
25577,Кюлоты зеленой крови
25578,Едкие щупальца
25579,Убор темного шамана
25583,Восемьдесят серебряных звеньев
25584,Печные рукавицы Темной Крови
25585,Ножные латы мстителя Темной Крови
25586,Мирное подношение Пылающего Клинка
25589,Шлем из шкуры копытня
25590,Голова Чо\'вара
25591,Перчатки из шкуры копытня
25592,Накулачники из шкуры копытня
25593,Наголенники ветруха
25594,Сапоги ветруха
25595,Накидка ветруха
25596,Свисток Проблеска
25597,Кушак воздаятеля
25598,Наручи болотного долгонога
25599,Поручи исследователя
25600,Поручи болотоходца
25601,Мрачные наручи
25602,Пояс болотоходца
25603,Боевой клинок Лантрезора
25604,Ключ от тюрьмы Боевого Молота
25605,Кушак почитателя Пылающего Клинка
25606,Кольцо сектанта из клана Пылающего Клинка
25607,Кольцо сектанта из клана Пылающего Клинка
25608,Боевой клинок Лантрезора
25609,Кушак почитателя Пылающего Клинка
25610,Прочные ботинки болотного долгонога
25611,Повязки знахаря
25612,Доспех Остротопи
25613,Повязки мистика Дикотопи
25614,Хауберк повелителя зверей Дикотопи
25615,Сапоги защитника Дикотопи
25616,Верный шлем Тима
25617,Защитный шлем капитана Кроша
25618,Плащ телаарского гонца
25619,Ожерелье сияющего кристалла
25620,Древний хрустальный талисман
25621,Пелерина призрачного змея
25622,Посох четырех золотых монет
25623,Наручи боевого священника
25624,Королевский оплот
25628,Знак огра-изверга
25629,Палка дрессировщика огров
25630,Туфли крушителя огров
25631,Сапоги специалиста
25632,Жезл счастья
25633,Объединяющий оберег
25634,Реликвия Ошу\'гуна
25635,Око Гнездовья Скит
25636,Талбукская накидка
25637,Астральный кушак
25638,Око Гнездовья Рескк
25639,Ружье Хеминга для охоты на элекков
25640,Охотничья трость Эрнестуэя
25641,Сломанный метательный топор Фитца
25642,Око Гнездовья Шиенор
25643,Омолаживающая брошь Гарольда
25644,Благословенная книга Награнда
25645,Тотем Равнин
25647,Телаарский ящик с припасами
25648,Ключ Чо\'вара
25649,Обрывки узловатой кожи
25650,Накладки из узловатой кожи
25651,Накладки для брони воздаятеля
25652,Накладки для брони магистра
25653,Ездовой хлыст
25654,Скверночешуйчатые перчатки
25655,Скверночешуйчатые сапоги
25656,Скверночешуйчатые штаны
25657,Скверночешуйчатая кираса
25658,Мокрое шерстяное одеяло
25659,Чешуйчатые дренейские сапоги
25660,Чешуйчатая дренейская безрукавка
25661,Чешуйчатые дренейские перчатки
25662,Чешуйчатые дренейские штаны
25666,Голова Муг\'гока
25667,ObsoleteIdol of the Beast
25668,Утолщенные дренейские сапоги
25669,Утолщенные дренейские перчатки
25670,Утолщенные дренейские штаны
25671,Утолщенная дренейская безрукавка
25672,Образец ткани пухоспинки
25673,Сапоги дренейского дикаря
25674,Перчатки дренейского дикаря
25675,Поножи дренейского дикаря
25676,Жилет дренейского дикаря
25677,Тероккарская черная рябина
25678,Сущность прыгуаны-охотника
25679,Удобные стельки
25680,Вычурная лиловая шляпа
25681,Вычурная походная шляпа
25682,Вычурная тропическая шляпа
25683,Вычурная багровая шляпа
25685,Перчатки из сквернокожи
25686,Сапоги из сквернокожи
25687,Поножи из сквернокожи
25689,Тяжелый панцирь из шкуры копытня
25690,Тяжелые поножи из шкуры копытня
25691,Тяжелые сапоги из шкуры копытня
25692,Поножи неистовства пустоты
25693,Сапоги неистовства пустоты
25694,Пояс неистовства пустоты
25695,Пояс ловца Скверны
25696,Кираса ловца Скверны
25697,Наручи ловца Скверны
25699,Пронизанная кристаллами кожа
25700,Скверночешуя
25701,Кираса воздаяния
25702,Чешуйчатые поножи разорения
25703,Кожа жевры
25705,Приказы Луанги
25707,Скверношкура
25708,Плотная кожа копытня
25710,Головной убор лунного совуха
25711,Поножи смертоносного копателя
25712,Отлично изготовленная накидка
25713,Святое кольцо исцеления
25714,Багровая подвеска ясности
25715,Воинское нефритовое наплечье
25716,Боевые рукавицы верности
25717,Сапоги уверенной походки
25718,Оплечье магической мощи
25719,Перо араккоа
25720,Выкройка: толстая узловатая кожа
25721,Выкройка: накладки для брони воздаятеля
25722,Выкройка: накладки для брони магистра
25723,Гнутый ус
25724,Потрепанное крылышко мотылька
25725,Выкройка: ездовой хлыст
25726,Выкройка: удобные стельки
25727,Запечатанный ларец
25728,Выкройка: вычурная лиловая шляпа
25729,Выкройка: вычурная походная шляпа
25730,Выкройка: вычурная тропическая шляпа
25731,Выкройка: вычурная багровая шляпа
25732,Выкройка: перчатки из сквернокожи
25733,Выкройка: сапоги из сквернокожи
25734,Выкройка: поножи из сквернокожи
25735,Выкройка: тяжелый панцирь из шкуры копытня
25736,Выкройка: тяжелые поножи из шкуры копытня
25737,Выкройка: тяжелые сапоги из шкуры копытня
25738,Выкройка: пояс ловца Скверны
25739,Выкройка: наручи ловца Скверны
25740,Выкройка: кираса ловца Скверны
25741,Выкройка: пояс неистовства пустоты
25742,Выкройка: поножи неистовства пустоты
25743,Выкройка: сапоги неистовства пустоты
25744,Глаз гладкоспинного василиска
25745,Семя олембы
25746,Ящик с деталями
25751,Чертежи главного планировщика
25754,Мана-бомба - лист кодирования 1
25755,Мана-бомба - лист кодирования 2
25756,Мана-бомба - лист кодирования 3
25757,Мана-бомба - лист кодирования 4
25759,Умащивающая дубина Могора
25760,Дубинка боевого мага
25761,Посох зверей
25762,Заточенный топор Бездны
25763,Парадный кровавый клинок Боевого Молота
25764,Клеймо ярости маг\'харов
25765,Планы орков Скверны
25766,"\""Должники Сальсалабима\"""
25767,Долг Ралика
25768,Долг Куш\'куша
25769,Долг Флуна
25770,Активатор пушки Скверны
25771,Активатор пушки Скверны
25772,Кристаллический копеш
25773,Костяная дубина алчности
25774,Лазурный легкий клинок
25775,Кольцо истребителя огров
25776,Подвеска истребителя огров
25777,Убор истребителя огров
25778,Оковы памяти
25779,Кольцо наемника Боевого Молота
25780,Плащ поборника Боевого Молота
25781,Сегментированная кираса
25782,Набедренники Солнечного Скитальца
25783,Убор скитальца
25784,Прочная цепь
25785,Кольцо адепта
25786,Гипнотические Камни
25787,Оберег проворства
25788,Неустрашимые боевые рукавицы
25789,Пояс с выгравированными рунами
25790,Эполеты экспедиционного разведчика
25791,Перчатки возвращения
25792,Сапоги викария
25793,Обмотки викария
25794,Украшенный костью ремень
25795,Перчатки возвращения
25796,Наплеч рыскающих теней
25797,Сокрушающий напоясник
25802,Ядовитая железа Смертеплета
25803,Медальон доблестного стража
25804,Месть Налико
25805,Мантия обновления
25806,Жезл страдания черного проклятья
25807,Хвост лесного ворга
25808,Жезл зловещих теней
25809,Колье изуверского кулака
25810,Плащ викария
25811,Кольцо завоевателя
25812,Шкура лесного ворга
25813,Маленький гриб
25814,Клык пряхи смерти
25815,Кровь Камневзора
25817,Благословенный фиал
25819,Кираса предвестника войны
25820,Металлическая головная лента Симм\'онза
25821,Поножи бесконечного нападения
25822,Мундир смотрителя
25823,Секира рубаки
25824,Кольцо предсказателя
25825,Длинный меч пехотинца
25826,Кольцо книжника
25827,Испачканная пелерина
25828,Щит из окаменелого лишайника
25829,Талисман Альянса
25830,Кожаный шлем гладиатора
25831,Кожаный мундир гладиатора
25832,Кожаный наплеч гладиатора
25833,Кожаные набедренники гладиатора
25834,Кожаные перчатки гладиатора
25835,Трость исследователя
25836,Деревянная рапира хранителя
25837,Шкура железнозуба
25838,Хауберк тюремщика
25841,Дренейский сосуд
25842,Неупокоенные кости
25843,Жезл из оскверненного железа
25844,Адамантитовый жезл
25845,Этерниевый жезл
25846,Чертеж: адамантитовый жезл
25847,Чертеж: этерниевый жезл
25848,Формула: рунический адамантитовый жезл
25849,Формула: рунический этерниевый жезл
25850,Артефакт Туурема
25852,Хвостовое перо Торгоса
25853,Упаковка зажигательных бомб
25854,Шелковый нарамник гладиатора
25855,Шелковый клобук гладиатора
25856,Шелковое облачение гладиатора
25857,Шелковые боевые рукавицы гладиатора
25858,Шелковые брюки гладиатора
25861,Грубый метательный топорик
25862,Клюква
25863,Корень олембы
25864,Телаарский папоротник
25865,Драконий шип
25866,Список трав Великой Матери
25867,Алмаз земной бури
25868,Алмаз небесного огня
25869,Рецепт: трансмутация алмаза земной бури
25870,Рецепт: трансмутация алмаза небесного огня
25872,Сбалансированный метательный кинжал
25873,Остро отточенный метательный нож
25874,Большой метательный нож
25875,Смертоносный метательный топорик
25876,Блестящий метательный топорик
25877,Метательный кинжал мастера
25878,Сломанный метательный нож
25880,Статуя из необработанного камня
25881,Массивная каменная статуя
25882,Твердая каменная статуя
25883,Статуя из массивного камня
25886,Лиловая дымовая сигнальная ракета
25887,Схема: лиловая дымовая сигнальная ракета
25889,Святая вода дренеев
25890,Разрушительный алмаз небесного огня
25891,Тушка блестящего угря
25893,Мистический алмаз небесного огня
25894,Стремительный алмаз небесного огня
25895,Загадочный алмаз небесного огня
25896,Могущественный алмаз земной бури
25897,Нерушимый алмаз земной бури
25898,Крепкий алмаз земной бури
25899,Грубый алмаз земной бури
25900,Гримуар демонического безумия
25901,Провидческий алмаз земной бури
25902,Эскиз: могущественный алмаз земной бури
25903,Эскиз: нерушимый алмаз земной бури
25904,Эскиз: провидческий алмаз земной бури
25905,Эскиз: крепкий алмаз земной бури
25906,Эскиз: грубый алмаз земной бури
25907,Эскиз: разрушительный алмаз небесного огня
25908,Эскиз: стремительный алмаз небесного огня
25909,Эскиз: мистический алмаз небесного огня
25910,Эскиз: загадочный алмаз небесного огня
25911,Кусок древесины
25912,Кусок металлолома
25913,Кольцо убитого отшельника
25914,Сломанное колье
25915,Клинок павшего воздаятеля
25916,Тероккарский топор
25917,Лесной посох целителя
25918,Кровопускающий нож
25919,Ожерелье Седаи
25920,Клинок Седаи
25921,Кольцо Седаи
25922,Бесстрашный ремень
25923,Броское оплечье
25924,Сапоги болотного бегуна
25925,Страхотканое оплечье
25926,Кольцо ловца Нексуса
25927,Боярышниковый плащ Консорциума
25928,Астральная исцеляющая подвеска
25929,Ножные латы Перелеска Кенария
25930,Шлем Перелеска Кенария
25931,Венец Перелеска Кенария
25932,Жакет Перелеска Кенария
25933,Клинок повышенной остроты
25934,Терновый разрушитель
25935,Посох неодолимости
25936,Тероккарская табличка энергии
25937,Тероккарская табличка меткости
25938,"\""Таинства Света\"""
25939,Жезл огня Бездны
25940,Идол Когтя
25941,Сапоги чужеземца
25942,Рукавицы носителя веры
25943,Ползучий строгатель
25944,Шаард Великий
25945,Плащ Возрождения
25946,Сапоги тени Пустоты
25947,Наплечье Жезла молнии
25948,Ремень покаяния
25949,Перчатки посмертия
25950,Посох Противоположностей
25951,Флотские сапоги беженца
25952,Ятаган ловцов Нексуса
25953,Астральный лук-основа
25954,Знак Шаффара
25955,Маска Воющей бури
25956,Астральные наручи напористости
25957,Астральные сапоги небесного странника
25958,Наручи с выгравированным орлом
25959,Оперенные поручи
25960,Наручи когтистого следопыта
25961,Оперенные манжеты
25962,Кольцо путешественника
25963,Перстень Кокорека
25964,Шаард Малый
25965,Плащ цепких когтей
25966,Шаль книжника араккоа
25967,Наплечье с орлиным гербом
25968,Эполеты шалассийского караульного
25969,Касание пройдохи
25970,Сандалии шалассийского оракула
25971,Прочный дубовый длинный лук
25972,Ствол Мертвого Глаза
25973,Жезл Темного Авгура
25974,Шлем волчьей хитрости
25975,Личина охотника на волков
25976,Шлем волчьего изящества
25977,Шлем волчьей лютости
25978,Графитовая удочка Сета
25979,Летные штаны Кремневого Затвора
25980,Обтекаемый чешуйчатый жилет
25981,Управляемый защитный шлем
25982,Кушак старшины
25983,Тяжелый шахтерский пояс
25984,Шахтерское наплечье
25985,Посох кенарийского естествоиспытателя
25986,Ярость Клыка Ужаса
25987,Режущий клинок зловепря
25988,Светящееся алебастровое кольцо
25989,Дренетистовое колье
25990,Гладкое кольцо из мыльного камня
25991,Бесшовное каменное кольцо
25992,Цепь головореза
25993,Искусно выкованная цепь
25994,Руна силы
25995,Звезда Ша\'наара
25996,Эмблема настойчивости
25997,Клепаный доспех гладиатора
25998,Клепаный шлем гладиатора
25999,Клепаный наплеч гладиатора
26000,Клепаные рукавицы гладиатора
26001,Клепаные поножи гладиатора
26002,Горящий факел
26004,Жилет батрака
26005,Грибной мундир Джессеры
26006,Штаны с кристаллическими крапинками
26007,Короткие штаны воздаятеля
26008,Перчатки ученого
26009,Шелковые волнующиеся повязки
26010,Туфли воздаятеля на мягкой подошве
26011,Сапоги оператора криогенного блока
26012,Поясной платок Кессела
26013,Опояска из тканых водорослей
26014,Грибные манжеты Джессеры
26015,Манжеты неофита-анахорета
26016,Мантия геодезиста
26017,Ядовитый шелковый убор
26018,Кожи дрессировщика элекков
26019,Грибной жилет Джессеры
26020,Покрытые осколками поножи
26021,Кожаные гамаши воздаятеля
26022,Перчатки исследователя
26023,Перчатки из шкуры опустошителя
26024,Кожаные мокасины воздаятеля
26025,Сапоги лаборанта
26026,Изысканно обработанный пояс
26027,Поводок элекка в пятнах пота Кессела
26028,Грибные поручи Джессеры
26029,Наручи стражника
26030,Грибной хауберк Джессеры
26031,Доспех наездника на элекках
26032,Украшенные кристаллами набедренники
26033,Железные набедренники воздаятеля
26034,Защитные полевые перчатки
26035,Боевые рукавицы Корина
26036,Высокие ботинки воздаятеля
26037,Легкие сетчатые сапоги
26038,Сегментированный ремень
26039,Прочный пояс Кессела для верховой езды
26040,Грибные наручи Джессеры
26041,Неусыпные тяжелые наручи
26042,Образец порошка кристалла Ошу\'гуна
26043,Образец порошка кристалла Ошу\'гуна
26044,Исследовательский знак Халаа
26045,Боевой знак Халаа
26048,Письмо Киалону
26049,Стрекало старого элекка
26050,Кулак Аргуса
26051,Двухпудовый кузнечный молот
26052,Сокрушитель воздаятеля
26053,Клинок дрессировщика элекков
26054,Клинок Аргуса
26055,Кольцо Сокрытого Ока
26173,59 TEST Green Rogue Legs
26174,59 TEST Green Rogue Shoulder
26175,59 TEST Green Rogue Wrist
26180,60 TEST Green Rogue Head
26235,67 TEST Green Rogue Hand
26324,64 TEST Green Hunter Head
26368,70 TEST Green Hunter Belt
26372,70 TEST Green Hunter Head
26464,68 TEST Green Warrior Belt
26465,68 TEST Green Warrior Boot
26548,61 TEST Green Shield
26655,70 TEST Green Staff
26738,69 TEST Green Crossbow
26792,67 TEST Green Healer Mace
26843,62 TEST Green Druid Wrist
27196,65 TEST Green Druid/Warrior Cloak
27218,59 TEST Green Druid/Warrior Necklace
27317,Сапта стихий
27388,Мистер Пинчи
27389,Добавочный меч-бастард
27390,Нож для бумаг воздаятеля
27398,Резная хрустальная сфера
27399,Защитник племени Тихвой
27400,Кулачный щит мирохранителя
27401,Разрушающий арбалет Аругу
27402,Арбалет охотника
27403,Оса Тихвой
27404,Искра света
27408,Шлем вестника надежды
27409,Головной убор Вороньего Сердца
27410,Ошейник властности
27411,Туфли безмятежности
27412,Железный посох регенерации
27413,Кольцо экзархов
27414,Звериная маска клана Мок\'Натал
27415,Маска темностража
27416,Фетиш падших
27417,Наплечье Воронова крыла
27418,Темный килт бушующего шторма
27419,Лагерь Легиона: планы Злобы
27420,Церемониальные боевые сапоги Утера
27422,Колючеусая форель
27423,Плащ импульсивности
27424,Аманийский отравленный топор
27425,Пятнистый сквернохвост
27426,Североземская боевая палица
27427,Боевой нагрудник Дуротана
27428,Рукавицы Грозового фронта
27429,Зангарский спороус
27430,Чешуйчатые наголенники терпения
27431,Кинжал временного перехода
27432,Кольцо доблести Броксигара
27433,Наплечье Терпимости
27434,Мантия Перенольда
27435,Ильная рыба Фиглюстера
27436,Железное кольцо Несгибаемого
27437,Ледоперый луфарь
27438,Золотой ерш
27439,Разъяренный речной рак
27440,Алмазная призма Повторения
27441,Сквернокровный луциан
27442,Золоточешуйная рыбка-монетка
27443,Обломки парового насоса
27445,Шкатулка с волшебным речным раком
27446,Дар мистера Пинчи
27447,Наручи Справедливой награды
27448,Плащ бессмертного
27449,Защита Кровавого Рыцаря
27450,Сапоги Буйного охотника
27451,Сапоги идущего во тьме
27452,Легкие поручи писца
27453,Кольцо истребления Аверинна
27454,Вулканическое наплечье
27455,Большой шлем железного дракона
27456,Облачение Дыхания Природы
27457,Рукавицы Подателя жизни
27458,Килт Песни моря
27459,Тяжелые наручи Риска
27460,Кольцо вождей
27461,Нагрудный доспех лесного хищника
27462,Багровые наручи Мрака
27463,Кинжал жуткого пламени
27464,Непреклонная воля Омора
27465,Пропитанные маной перчатки
27466,Головной убор рвения
27467,Высокие сапоги Молчаливого странника
27468,Повязки Лунной поляны
27469,Кольчужный доспех гладиатора
27470,Кольчужные рукавицы гладиатора
27471,Кольчужный шлем гладиатора
27472,Кольчужные поножи гладиатора
27473,Кольчужный наплеч гладиатора
27474,Боевые рукавицы Владыки зверей
27475,Рукавицы могучего
27476,Буздыхан пяти преисподних
27477,Перстень очищения Фаола
27478,Ремень Разрушенных пределов
27479,Горящий факел
27480,Инструмент души
27481,Тяжелый ящик с припасами
27483,Поручи Лунного касания
27484,Манускрипт отмщения
27485,Вышитая накидка тайн
27487,Ножные латы Повелителя Крови
27488,Магический ошейник Огненной Бури
27489,Тяжелые наручи Несущего добродетели
27490,Боевой топор Огненного Клейма
27491,Перстень доверия
27492,Поножи Лунного ребенка
27493,Перчатки Мертвого стража
27494,Наручи Изумрудного ока
27495,Собачья метка солдата
27497,Рукавицы Роковой Брони
27498,Свиток ловкости V
27499,Свиток интеллекта V
27500,Свиток защиты V
27501,Свиток духа V
27502,Свиток выносливости V
27503,Свиток силы V
27505,Рубиновый шлем Состязания
27506,Одеяние Искрометного света
27507,Адамантиновый скорострельный арбалет
27508,Перчатки Ведуна
27509,Боевые перчатки ликвидации
27510,Рукавицы Яростного прилива
27511,Покрытый надписями тубус
27512,Сокрушитель Воли
27513,Чудной ящик
27514,Поножи Нераскаянного
27515,Огромный пятнистый сквернохвост
27516,Громадная колючеусая форель
27517,Поручи Черного проклятия
27518,Идол Лунной Богини из бивневой кости
27519,Плащ Злобы
27520,Великий шлем Несгибаемого
27521,Охотничий ремень Телаари
27522,Наручи края земли
27523,Алмазное кольцо Экзарха
27524,Огненная кувалда разрушения
27525,Изукрашенные сапоги посвящения
27526,Соколиный лук Небесной ярости
27527,Наголенники Ломателя
27528,Рукавицы опустошения
27529,Статуэтка Колосса
27531,Перчатки Странника пустошей
27532,Рыболов-мастер: искусство рыбалки
27533,Кровавый демонический потрошитель
27534,Хортусова печать гениальности
27535,Рукавицы праведника
27536,Благословенные повязки
27537,Перчатки Забвения
27538,Молот клятвы Свету
27539,Наплечье Несущего правосудие
27540,Факел Астрала
27541,Лучный пояс Сломленного
27542,Шнурованный ремень Верования
27543,Кинжал звездного света
27544,Тотем стихийного восстановления
27545,Чешуйчатые поножи Менну
27546,Петля предателя
27547,Шнурованный ремень холодного шепота
27548,Ремень Множества Благодатей
27549,Сапоги ярости волн
27550,Боевой железно-чешуйчатый плащ
27551,Костяное ожерелье боевой ярости
27552,Мягкий кожаный жилет
27553,Багровый энергетический напиток
27590,Тестовое зеленое снаряжение 63 уровня - Доспех - Охотник 2
27631,Сюрикен-нож
27632,Перо Терокка
27633,Маска Терокка
27634,Сказание о Терокке
27635,Стейк из рысятины
27636,Закуска из летучей мыши
27637,Кушак Тенелова
27638,Кушак Жреца
27639,Воинский пояс убийцы
27640,Руки перекрестного огня Аргуса
27641,Трость воздаятеля
27643,Ремень Рассекателя туч
27644,Воинский пояс Мстителя
27645,Кушак ловчего снов
27646,Пояс снайпера
27647,Набедренники снайпера
27648,Поножи ловчего снов
27649,Поножи Жреца
27650,Поножи Тенелова
27651,Закуска из канюка
27652,Поножи Рассекателя туч
27653,Поножи убийцы
27654,Ножные латы Мстителя
27655,Сосиска из мяса опустошителя
27656,Закуска спорлингов
27657,Копченый василиск
27658,Жареное мясо копытня
27659,Котлета из прыгуаны
27660,Стейк из талбука
27661,Копченая форель
27662,Лакомство из сквернохвоста
27663,Копченый спороус
27664,Жареная ильница
27665,Вареный луфарь
27666,Палочки из золотой рыбки
27667,Рак с пряностями
27668,Рысье мясо
27669,Плоть летучей мыши
27671,Мясо канюка
27672,Ремень Недвижимых
27673,Фосфоресцирующий клинок
27674,Плоть опустошителя
27676,Странные споры
27677,Шмат мяса василиска
27678,Мясо копытня
27679,Возвышенный мистический зоревик
27680,Сумка Халаани
27681,Плоть прыгуаны
27682,Мясо дикого талбука
27683,Око Зыбуна
27684,Рецепт: закуска из канюка
27685,Рецепт: стейк из рысятины
27686,Рецепт: жареная вырезка лунного оленя
27687,Рецепт: закуска из летучей мыши
27688,Рецепт: сосиска из мяса опустошителя
27689,Рецепт: закуска спорлингов
27690,Рецепт: копченый василиск
27691,Рецепт: жареное мясо копытня
27692,Рецепт: котлета из прыгуаны
27693,Рецепт: стейк из талбука
27694,Рецепт: копченая форель
27695,Рецепт: лакомство из сквернохвоста
27696,Рецепт: копченый спороус
27697,Рецепт: жареная ильница
27698,Рецепт: вареный луфарь
27699,Рецепт: палочки из золотой рыбки
27700,Рецепт: рак с пряностями
27702,Ламеллярный нагрудник гладиатора
27703,Ламеллярные рукавицы гладиатора
27704,Ламеллярный шлем гладиатора
27705,Ламеллярные набедренники гладиатора
27706,Ламеллярные наплечники гладиатора
27707,Атласные перчатки гладиатора
27708,Атласный капюшон гладиатора
27709,Атласные поножи гладиатора
27710,Атласная мантия гладиатора
27711,Атласное одеяние гладиатора
27712,Кандалы Зыбуна
27713,Наплечье опустошения
27714,Лампа Болотного огонька
27715,Стойкий шлем круга
27716,Защитная броня
27717,Экспедиционные поножи фуражира
27718,Ножные латы поборника Алдоров
27719,Алдорские поножи могущества
27720,Одеяния Алдоров
27721,Экспедиционная обувь
27722,Перчатки болотоходца
27723,Пояс лунного совуха
27724,Буйные наплечные пластины
27725,Экспедиционное оплечье
27726,Дружеский кенарийский поясок
27727,Кенарийская обувь стремительности
27728,Мягкие кенарийские башмаки
27729,Череп гуманоида
27730,Плащ бдительности смотрителя
27731,Плащ воздаятеля
27732,Шпионский плащ
27733,Кольцо точности стража
27734,Кольцо экспедиционного заклинателя
27735,Подвеска болот
27736,Поварская книга
27737,Наплечники Лунной поляны
27738,Наплечье Ведуна
27739,Наплеч праведника
27740,Кольцо Урсола
27741,Боевой молот Кровавой Глазницы
27742,Ремень Магической ярости
27743,Ремень живого жара
27744,Идол Урсока
27745,Рукавицы из шкуры Хундры
27746,Поручи Чародейской печати
27747,Катар из болотных шипов
27748,Ряса Верного
27749,Посох чащоб
27750,Молот Спорофитов
27751,Пика выживающего
27752,Клеймор Зангартопи
27753,Заколдованный клинок болотного клыка
27754,Остро отточенный тесак болотного терзателя
27755,Ремень галантности
27756,Кровавый топор болотного клыка
27757,Большой посох левиафана
27758,Ожерелье из клыков гидры
27759,Головной убор приливов
27760,Кушак Барханного ветра
27761,Кольцо бездны теней
27762,Видавшее виды кольцо Болотного Лорда
27763,Корона Лесного Властелина
27764,Краги Солнца
27765,Наручные обмотки презрения
27766,Ожерелье Болотного камня
27767,Болотный разбойник
27768,Пояс безвременной тайны оракула
27769,Вестник Гибели
27770,Аргуссианский компас
27771,Наплечные щитки Роковой Брони
27772,Щит обновления
27773,Варварские ножные ремни
27774,СТАРЫЙ Могущественный кровавый гранат
27775,Благословенное наплечье
27776,Наплечные пластины ликвидации
27777,Застывший кровавый гранат
27778,Наплеч Забвения
27779,Костяное ожерелье-цепь
27780,Кольцо легендарной надежды
27781,Ритуальный шлем Демонического клыка
27783,Ремень лунного гнева
27784,Искрометное коралловое кольцо
27785,Зубчатый хризолит
27786,Шершавый хризолит
27787,Нагрудный доспех бессовестности
27788,Боевые сапоги клятвы крови
27789,Плащ шепчущих раковин
27790,Маска Кары
27791,Увенчанный змеем посох Жизни
27792,Парошарнирная цепь доблести
27793,Повязки земной мантии
27794,Безоткатный реактивный потрошитель X-54
27795,Кушак Серпентры
27796,Пропитанный маной наплеч
27797,Наплечные пластины странника пустошей
27798,Рукавицы оправдания
27799,Гранатовые одеяния господствования
27800,Брюки духа земли
27801,Мантия Владыки зверей
27802,Наплечные щитки Яростного прилива
27803,Наплечные щитки могучего
27804,Накидка Дьявольской Акулы
27805,Кольцо Серебряной длани
27806,Рукавицы Глубокого сердца
27807,Пар элементалей воздуха
27809,Шершавый хризолит
27811,СТАРЫЙ Могущественный кровавый гранат
27812,Застывший кровавый гранат
27813,Сапоги Колосса
27814,Двойной клинок мастерства
27815,Тотем астральных ветров
27816,Наплечье Ярости разума
27817,Длинный лук Звездострела
27818,Лучистые одеяния Полумесяца
27820,Зубчатый хризолит
27821,Экстравагантные сапоги Злобы
27822,Хрустальное кольцо доблести
27823,Инкрустированная осколками кираса
27824,Одеяние Великой запредельной тьмы
27825,Хищные перчатки
27826,Мантия морского волка
27827,Наручи Ясных снов
27828,Покореженная скарабеем брошь
27829,Топор Соправителей
27830,Венец победителя
27831,Мантия Непрощенных
27832,Кольцо победителя
27833,Кольцо победителя
27834,Венец победителя
27835,Ремень тихой заводи
27837,Поножи Странника пустошей
27838,Брюки Ведуна
27839,Ножные латы праведника
27840,Скипетр Ша\'тар
27841,Отрубленный коготь Матриарха
27842,Великий скипетр Соправителей
27843,Расписанный знаками кушак
27844,Наплечье стремительного возмездия
27845,Сапоги выброса магмы
27846,Коготь Стража
27847,Мечекрылое наплечье
27848,Вышитые сапоги огня
27854,Копченый дикий талбук
27855,Зерновой хлеб маг\'харов
27856,Скетильские ягоды
27857,Гарадарская закуска
27858,Карп из Солнечного Ключа
27859,Зангарские шляпки
27860,Очищенная дренейская вода
27861,Украденные товары Латрая
27863,Брианит повышенной ценности
27864,Копия брианита повышенной ценности
27865,Наручи Ширрака
27866,Искрометный головной убор ясновидения
27867,Сапоги несправедливых
27868,Кинжал рунической песни
27869,Кольцо решимости духовного пастыря
27870,Набедренники Роковой Брони
27871,Благословенный пернатый убор Маладаара
27872,Собиратель душ
27873,Штаны Лунной поляны
27874,Поножи Владыки зверей
27875,Благословенные брюки
27876,Завещание поверженного Экзарха
27877,Дренейский лесной посох
27878,Аукенайские пелены
27879,Чешуйчатый нагрудник гладиатора
27880,Чешуйчатые рукавицы гладиатора
27881,Чешуйчатый шлем гладиатора
27882,Чешуйчатые набедренники гладиатора
27883,Чешуйчатые наплечники гладиатора
27884,Изысканные сапоги Освященных
27885,Жезл души Алдоров
27886,Идол Изумрудной Королевы
27887,Платиновый щит доблести
27888,Шлем Крыла сна
27889,Джеденитские перчатки истребления
27890,Жезл стаи Крыльев Пустоты
27891,Адамантиновая статуэтка
27892,Плащ подстрекателя
27893,Изысканные поножи
27895,Кольцо многих призм
27896,Перегонный куб мощи преисподней
27897,Кираса множества благодатей
27898,Ручная пушка Яростного пламени
27899,Гнев маны
27900,Самоцвет таинственного чудотворца
27901,Буздыхан затмения
27902,Бесшумные туфли медитации
27903,Звуковое копье
27904,Восхваляемое кольцо Славы
27905,Большой меч ночных кошмаров
27906,Кираса багровой кузни
27907,Пропитанные маной кюлоты
27908,Поножи ликвидации
27909,Килт Яростного прилива
27910,Луносветский рыцарский щит
27911,Кушак Шепчущей эпохи
27912,Куртка Глубоких событий
27913,Шуршащий клинок истребления
27914,Сапоги Лунного бродяги
27915,Стремительные сапоги небесного охотника
27916,Сетеккские перодротики
27917,Манускрипт вечного отдыха
27918,Поручи Сита
27919,Светотканные туфли
27920,Знак Покорения
27921,Знак Покорения
27922,Знак неповиновения
27924,Знак неповиновения
27925,Кольцо Когтеврана
27926,Знак оправдания
27927,Знак оправдания
27928,Отсекающее лезвие
27929,Отсекающее лезвие
27930,Осколочный знак
27931,Осколочный знак
27932,Бритвенный коготь
27933,Зазубренный зуб
27934,Стрижающий коготь
27935,Игольчатый клык
27936,Наголенники опустошения
27937,Неболом
27938,Ужасная маска Лорда Рысей
27939,Пламеносный жезл
27940,Восхитительный безумный камень Бессмертия
27941,Амулет друга животных
27942,Пламеносный жезл
27943,Тотем вождя Муммаки
27944,Талисман поиска Истинных Сокровищ
27945,Акулий зуб истинно стремительного движения
27946,Птичий плащ Перьев
27947,Тотем столкновения
27948,Брюки Забвения
27949,Манускрипт рвения
27965,ТЕСТ 130 Превосходный - паладин - грудь DPS
27976,Полированная подвеска поглощаемой энергии
27977,Ножные латы могучего
27978,Мыло на веревке
27979,Камень Изумительного Броска
27980,Ночная палица Терокка
27981,Плащ оракула Сетекка
27982,Амулет заветных и страстных желаний
27983,Манускрипт рвения
27984,Тотем столкновения
27985,Ремень Кузницы смерти
27986,Жнец Воронье крыло
27987,Сумеречный длинный лук Мелморта
27988,Бурнус Изменчивых Веков
27989,Идол свирепости
27990,Идол свирепости
27991,Ключ Темного лабиринта
27992,Оберег от тикбалангов
27993,Маска Внутреннего огня
27994,Мантия Трех Ужасов
27995,Золоченые солнцем накладки на плечи
27996,Кольцо духовной верности
28023,Monster - Throwing Axe Poison
28024,Донесение Ориона
28026,Безумный кенарийский плащ
28027,Колье безумца
28028,Лунные поручи
28029,Напульсники золотой лозы
28030,Защитник созидателя чар
28031,Тканый плащ кочевника
28032,Изысканное зеленое пончо
28033,Исцелитель Эпохи
28034,Песочные часы Расплетающего
28038,Сефориевый модулятор Пустоты PU-36
28039,Примитивная взрывчатка
28040,Отмщение иллидари
28041,Кристалл Острорука
28042,Монарший протекторат
28045,Плащ ловчего демонов
28047,Ключ Некрогга
28048,Сырые Взрывчатые вещества
28050,Священный перистый жилет
28051,Жакет неукротимого духа
28052,Златотканый мундир
28053,Жуткая стрела
28054,Кровавая бригантина шкуродера
28055,Роскошная багровая бригантина
28056,Стрела с черным оперением
28057,Жилет костеглода-берсерка
28058,Изорванное крыло змея
28059,Радужный глаз
28060,Импульсный патрон
28061,Патрон Железного зуба
28062,Экспедиционный скорострельный арбалет
28063,Жезл выживающего
28064,Идол леса
28065,Манускрипт разрушения
28066,Тотем Молнии
28068,Гримуар Мук Ранг 6
28069,Золотые кенарийские наголенники
28070,Зеленеющие повязки
28071,Гримуар Муки Ранг 1
28072,Гримуар Муки Ранг 2
28073,Гримуар Муки Ранг 3
28074,Украшенные зеленые повязки на щиколотку
28075,Оплечье разрушителей
28099,Распоряжения военного инструктора Зурока
28100,Флакон с летучим лечебным зельем
28101,Флакон с нестойким зельем маны
28102,Эликсир натиска
28103,Эликсир адепта
28104,Эликсир власти
28105,Донесение Дурона
28106,Запалы Кингстона
28108,Могущественный гриб
28109,Гриб Сущности
28111,Вечная ветвь подспорника
28112,Плод подспорника
28116,Обломки дирижабля
28117,СТАРЫЙ Рельефный изысканный рубин
28118,Рунический изысканный рубин
28119,Гладкий изысканный зоревик
28120,Искристый изысканный зоревик
28121,Хоругвь непреклонной отваги
28122,СТАРЫЙ Покрытый письменами изысканный топаз
28123,Могущественный изысканный топаз
28124,Шнурованный ремень лжеца
28126,Перчатки гладиатора из драконьей шкуры
28127,Шлем гладиатора из драконьей шкуры
28128,Набедренники гладиатора из драконьей шкуры
28129,Наплеч гладиатора из драконьей шкуры
28130,Мундир гладиатора из драконьей шкуры
28132,Сюрприз из Зоны 52
28134,Брошь Повышенного Потенциала
28136,Перчатки гладиатора из шкуры змея
28137,Шлем гладиатора из шкуры змея
28138,Набедренники гладиатора из шкуры змея
28139,Наплеч гладиатора из шкуры змея
28140,Мундир гладиатора из шкуры змея
28141,Кушак следопыта
28142,Пояс странника
28143,Ржавый плетеный ремень
28144,Перчатки охотника на троллей
28145,Транквиллионские повязки
28146,Напульсники гонца
28147,Наручи разведчика Транквиллиона
28148,Бронзовые кольчужные наручи
28149,Транквиллионские брюки
28150,Пыльный плащ Рензитена
28151,Жезл чародея
28152,Кель\'Таласский изогнутый лук
28153,Щит странника
28154,Красные шелковые брюки
28155,Боевой пояс аптекаря
28156,Гниющие повязки
28157,Черный кожаный жакет
28158,Пояс из кожи летучей мыши
28159,Перчатки гробовщика
28160,Чешуйчатая антеласская рубашка
28161,Транквиллионские чешуйчатые поножи
28162,Ремень поборника Транквиллиона
28163,Боевые рукавицы Малтендиса
28164,Транквиллионская шпага
28166,Щит Бездны
28167,Боевые наручи Ша\'тар
28168,Знак героя маг\'харов
28169,Рогатый шлем ритуалиста маг\'харов
28170,Аукенайские наручи
28171,Накулачники хозяйки шпионов
28172,Мундир разведчика маг\'харов
28173,Поножи охотника маг\'харов
28174,Шаттратские напульсники
28175,Ножные латы вождя маг\'харов
28176,Скованные Ша\'тар наголенники
28177,Аукенайские сапоги
28178,Сапоги хозяйки шпионов
28179,Шаттратские прыгуны
28180,Головной убор мирмидона
28181,Капюшон хранителя земли
28182,Шлем когтя
28183,Тюрбан гидроманта
28184,Тысячелетний клинок
28185,Килт отречения Кадгара
28186,Боевая куртка Веселого Черепа
28187,Лампада Звездного сердца
28188,Большой посох кровавого огня
28189,Изменчивый меч Латро
28190,Скарабей бесконечного Цикла
28191,Пропитанные маной одежды
28192,Шлем опустошения
28193,Пропитанная маной корона
28194,Наручи первой волны
28202,Одеяние Лунной поляны
28203,Кираса праведника
28204,Мундир Ликвидации
28205,Кираса могучего
28206,Клобук безвинных
28207,Наплечье Багрового рода
28209,Подвеска Старого Белоствола
28210,Разрушитель Кровавый череп
28211,Кольцо лейтенанта Лордерона
28212,Волшебные брюки Арана
28213,Медицинский справочник Лордерона
28214,Захваты лунного затмения
28215,Боевая маска Мок\'Натал
28216,Церемониальный молот Датрохана
28217,Медальон жизненной силы Мельницы Таррен
28218,Пророческие штаны Понтиффа
28219,Наголенники Изумрудной чешуи
28220,Лунновенчаные рога
28221,Сапоги Бдительного сердца
28222,Разрушитель бесконечностей
28223,Камень чародея
28224,Шлем странника пустошей
28225,Боевой шлем Роковой Брони
28226,Рассекатель времени
28227,Искрящееся арканитовое кольцо
28228,Панцирь владыки зверей
28229,Одеяние Ведуна
28230,Благословенные облачения
28231,Нагрудник Яростного прилива
28232,Одеяние Забвения
28233,Ожерелье ослепительной надежды
28234,Медальон Альянса
28235,Медальон Альянса
28236,Медальон Альянса
28237,Медальон Альянса
28238,Медальон Альянса
28239,Медальон Орды
28240,Медальон Орды
28241,Медальон Орды
28242,Медальон Орды
28243,Медальон Орды
28244,Подвеска триумфа
28245,Подвеска господства
28246,Кольцо триумфа
28247,Кольцо господства
28248,Тотем Бездны
28249,Калибровочный плащ Конденсарона
28250,Благостное наплечье Вестии
28251,Сапоги Хранителя Рощи
28252,Кроваво-огненные одеяния Истребления
28253,Суперкоса Плазменной Крысы
28254,Радужная цепь военного инженера
28255,Наплечье Лунного когтя
28256,Ториевотканый плащ
28257,Молот покаяния
28258,Сюрикен Пустоты
28259,Космическое кольцо Жизни
28260,Учебник Хаоманта
28262,Кираса нефритового черепа
28263,Стелларис
28264,Мундир Странника пустошей
28265,Кольцо защиты Дат\'Ремара
28266,Килт оплавленной земли
28267,Кромка Космоса
28268,Природные напульсники исцеляющего
28269,Чародейский плащ Бабы
28270,Формула чар для нагрудника - устойчивость I
28271,Формула чар для перчаток - точные удары
28272,Формула чар для перчаток - сила заклинаний I
28273,Формула чар для перчаток - лечение I
28274,Формула чар для плаща - проникающая способность заклинаний
28275,Шлем владыки зверей
28276,Формула чар для плаща - сопротивление тайной магии I
28277,Формула чар для плаща - сопротивление темной магии II
28278,Клобук ведуна
28279,Формула чар для обуви - проворство кошки
28280,Формула чар для обуви - быстрота вепря
28281,Формула чар для оружия - лечение I
28282,Формула чар для щита - выносливость V
28283,Зеркало Души
28284,Текила дона Карлоса
28285,Шлем праведных
28286,Телескопическая точная винтовка
28287,Фиал с сонной сывороткой
28288,Абак Сильных расхождений
28290,Гладкий золотой дренит
28291,Эскиз: гладкий золотой дренит
28292,Посох верховного мага Варгота
28293,Клеймор верховного вождя
28294,Тяжелый арбалет гладиатора
28295,Тесак гладиатора
28296,Манускрипт Светоносного
28297,Чародейский клинок гладиатора
28298,Лабрисса гладиатора
28299,Костомол гладиатора
28300,Зазубренная глефа гладиатора
28301,Мистический блеск Сиранниса
28302,Костолом гладиатора
28303,Перстень заклинателя
28304,Радужные полуперчатки лечения
28305,Пробойник гладиатора
28306,Вздымающаяся мантия погони
28307,Быстрый клинок гладиатора
28308,Колун гладиатора
28309,Крушитель гладиатора
28310,Нож гладиатора
28311,Мщение
28312,Заточка гладиатора
28313,Правый потрошитель гладиатора
28314,Левый потрошитель гладиатора
28315,Боевой клинок бушующего шторма
28316,Эгида Солнечной Птицы
28317,Наручи Энергии
28318,Обсидиановые тяжелоступы
28319,Боевое лезвие гладиатора
28320,Касание поражения гладиатора
28321,Заколдованное ториевое ожерелье
28322,Рунический кинжал утешения
28323,Кольцо мрачной судьбы
28324,Рукавицы жестоких намерений
28325,Драконий посох Дремлющего
28327,Чародейское кольцо Пустоты
28328,Мифриловый плащ
28331,Плетеный шлем гладиатора
28332,Плетеные поножи гладиатора
28333,Плетеный наплеч гладиатора
28334,Плетеный доспех гладиатора
28335,Плетеные рукавицы гладиатора
28336,Фолиант Белмары
28337,Кираса праведного неистовства
28338,Прошитые демоном поножи
28339,Сапоги Зыбучих песков
28340,Мантия Осени
28341,Кривой посох тайны
28342,Покоробленная пелерина
28343,Подвеска из шершавой коры
28344,Наплечье ярости змея
28345,Шип Узлодревеня
28346,Эндшпиль Гладиатора
28347,Поножи из покоробленной чешуи
28348,Клобук Лунной поляны
28349,Шлем Яростного прилива
28350,Боевой шлем могучего
28351,Клинок Датрика
28352,Мантия Люминрата
28353,Шляпа Колиена
28355,Идол упорства гладиатора
28356,Манускрипт правосудия гладиатора
28357,Тотем третьего ветра гладиатора
28358,Осадный щит гладиатора
28359,Записки Пустолога
28360,Могущественный кровавый гранат
28361,Могущественный кровавый гранат
28362,Рельефный изысканный рубин
28363,Покрытый письменами изысканный топаз
28364,Эфирлитиевый матричный кристалл
28367,Большой меч Предвидения
28368,Печать Краса
28369,Устройство для перезарядки батарей
28370,Браслет Нескончаемого Блаженства
28371,Накидка ярости пустоты
28372,Идол Диких Теней
28373,Плащ Сияющих аур
28374,Наплечные щитки сферы маны
28375,Рубиевый боевой ремень
28376,Список персонала Б\'наара
28377,Тяжелый плащ сержанта
28378,Тяжелая накидка сержанта
28379,Тяжелая накидка сержанта
28380,Тяжелый плащ сержанта
28381,Латные наручи генерала
28383,Латные наголенники генерала
28384,Походные сапоги Запределья
28385,Латный пояс генерала
28386,Контрольный стержень ядра Пустоты
28387,Лампада мирного отдыха
28388,TCHILTON тестовый рубин
28389,TCHILTON тестовый зоревик
28390,Самовосстанавливающиеся рукавицы Татиа
28391,Нагрудный доспех Мирового пожара
28392,Отражающие клинки
28393,Боевой молот Пронизанного света
28394,Хитроумное кольцо Ринго
28395,Ключ Разрушенных залов
28396,Перчатки освобождения
28397,Арбалет угольного ястреба
28398,Шнурованный ремень Спящего
28399,Фильтрованная дренейская вода
28400,Искореженый бурей боевой клинок
28401,Хауберк опустошения
28402,Ботфорты генерала из ткани ужаса
28403,Нагрудный доспех Роковой Брони
28404,Пояс генерала из ткани ужаса
28405,Манжеты генерала из ткани ужаса
28406,Сапоги знаковой шнуровки
28407,Элементиевое кольцо Стража
28408,Сломанная серебряная звезда
28409,Шелковый пояс генерала
28410,Прочные шелковые ботинки генерала
28411,Шелковые манжеты генерала
28412,Лампада Мирного сияния
28413,Благословенная корона
28414,Шлем ликвидации
28415,Капюшон забвения
28416,Алчущий потрошитель
28417,Шип ската Пустоты
28418,Астральный рог Шиффара
28419,Колье Текучих дум
28420,Грузило Скверны
28421,Адамантитовое грузило
28422,Кожаные сапоги генерала
28423,Кожаный пояс генерала
28424,Кожаные наручи генерала
28425,Огненный страж
28426,Пылкий страж
28427,Пламенное неистовство
28428,Клинок Львиного сердца
28429,Защитник Львиного сердца
28430,Палач Львиного сердца
28431,Плоскостная кромка
28432,Черная плоскостная кромка
28433,Гибельный край миров
28434,Лунный Серп
28435,Лунный колун
28436,Кровавая луна
28437,Молот Драконьей длани
28438,Драконья Пасть
28439,Драконий удар
28440,Гром
28441,Глубокий гром
28442,Штормовестник
28443,Пояс генерала из драконьей шкуры
28444,Сапоги генерала из драконьей шкуры
28445,Наручи генерала из драконьей шкуры
28446,Пояс генерала из шкуры змея
28447,Сапоги генерала из шкуры змея
28448,Наручи генерала из шкуры змея
28449,Плетеные башмаки Генерала
28450,Плетеный ремень генерала
28451,Плетеные наручи генерала
28452,Осколок камня Крови
28453,Наручи Белого Оленя
28454,Боевые поручи преследователя
28455,Посох верховного мага Варгота
28457,Астральная технология
28458,Рельефный турмалин
28459,Хрупкий турмалин
28460,Каплевидный турмалин
28461,Рунический турмалин
28462,Яркий турмалин
28463,Цельный циркон
28464,Искрящийся циркон
28465,Блестящий циркон
28466,Сверкающий янтарь
28467,Гладкий янтарь
28468,Прочный янтарь
28469,Искристый янтарь
28470,Матовый янтарь
28472,Руководство Краса - Глава 1
28473,Руководство Краса - Глава 2
28474,Руководство Краса - Глава 3
28475,Гелиотропное око
28476,Кувалда гладиатора
28477,Поручи вестника
28478,Запалы То\'арха
28479,Камень Студенора
28481,Бурый элекк
28482,Большой элитный элекк
28483,Кираса Королей
28484,Оплот королей
28485,Оплот древних королей
28486,Изумительный кекс Мозера
28489,"Monster - Work Wrench, Ethereal Red Glow"
28490,Обмотки Шаффара
28491,Обмотки ветроступа
28492,Сапоги коганта
28493,Наголенники ястреба-воителя
28494,Наголенники ворона-стража
28495,Кушак ветроступа
28496,Пояс коганта
28497,Ремень Ястреба-воителя
28498,Перевязь Ворона-стража
28499,Запасы охотника на араккоа
28500,Нефть
28501,Омлет из яйца опустошителя
28502,Тяжелые наручи отваги
28503,Наручи Вихря
28504,Арбалет Стального ястреба
28505,Рукавицы возрожденной надежды
28506,Перчатки ловкого управления
28507,Повязки живой мысли
28508,Перчатки святой молитвы
28509,Ожерелье когтя воргена
28510,Призрачное кольцо Бодрости
28511,Поручи Обитания
28512,Наручи Справедливости
28513,Камень с рунами демонов
28514,Наручи Злобности
28515,Поручи бесчестных дел
28516,Колючее колье послушания
28517,Сапоги предсказания
28518,Железные рукавицы Госпожи
28519,Перчатки предвосхищения
28520,Перчатки Сосредоточения
28521,Полуперчатки Резчика по дереву
28522,Осколок добродетели
28523,Тотем целительных ливней
28524,Изумрудный потрошитель
28525,Перстень незыблемой веры
28526,Астралитиевые матричные кристаллы
28527,Сущность призрака магии
28528,Карманные часы удачи Мороуз
28529,Королевский плащ правителей Арати
28530,Брошь неугасимой ярости
28531,Острый сюрикен
28532,Серебряные метательные ножи
28533,Деревянный бумеранг
28534,Обмакнутый в скверну дротик
28535,Метательный топорик Амани
28536,Зазубренный сюрикен
28537,Метательный топорик Громового Молота
28538,Раздвоенный сюрикен
28539,Бумеранг с острой кромкой
28540,Топор-коготь араккоа
28541,Пилокинжал
28542,Пронзающие сердце ножи
28543,Метательный топорик Отребья
28544,Сюрикен убийцы
28545,Высокие сапоги краехода
28547,Экстрактор силы элементалей
28548,Сила стихии
28550,Горящий факел
28551,Деталь сквернобота
28552,Таинственный фолиант
28553,Кольцо экзорциста
28554,Запчасти крошшера
28555,Печать Экзорциста
28556,Стремительный алмаз огненного ветра
28557,Стремительный алмаз Звездного огня
28558,Осколок духа
28559,Латный шлем экзорциста
28560,Ламеллярный шлем экзорциста
28561,Кожаный шлем экзорциста
28562,Боевой рог непреклонных
28563,Рука Когтя Рока
28564,Энергоизоляционный куб
28565,Ремень осколка Пустоты
28566,Багровый ремень упорства
28567,Пояс ураганной силы
28568,Идол птичьего сердца
28569,Сапоги храбрости
28570,Тенеплащ Даларана
28571,Чистый свиток
28572,Клинок Неотмщенного
28573,Отчаяние
28574,Шлем экзорциста из драконьей шкуры
28575,Шлем экзорциста экзорциста из шкуры змея
28576,Плетеный шлем экзорциста
28577,Клепаный шлем экзорциста
28578,Маскарадное платье
28579,Флакон с ядом Ромуло
28580,Описание панели управления Б\'наара
28581,Снайперская винтовка истребителя волков
28582,Плащ Красной Шапочки
28583,Голова плохого большого волка
28584,Лапа злого и страшного серого волка
28585,Рубиновые туфли
28586,Гибельная ведьминская шляпа
28587,Наследие
28588,Колдовская палочка из синего алмаза
28589,Наплечье Звериной пасти
28590,Лента жертвоприношения
28591,Поножи духа земли
28592,Манускрипт искупленных душ
28593,Этерниевый великий шлем
28594,Брюки Испытания огнем
28595,Яркий кровавый гранат
28596,Эскиз: яркий кровавый гранат
28597,Кираса Панзар-тар
28599,Чешуйчатая кираса резни
28600,Жилет Каменной ветви
28601,Нагрудный доспех Интригана
28602,Одеяние Старших писцов
28603,Талисман Ночной погибели
28604,Ночной посох бессмертного
28605,Клепаные наручи генерала
28606,Щит нерушимой тьмы
28607,Маскировка под воина клана Ярости Солнца
28608,Железноступы Быстроты
28609,Талисман Горящей Шпоры
28610,Тяжелые ботинки свирепости
28611,Пламенный щит драконьего сердца
28612,Наплечье Утешителя
28613,Плетеный доспех Главнокомандующего
28614,Плетеные рукавицы главнокомандующего
28615,Плетеный шлем главнокомандующего
28616,Плетеные поножи главнокомандующего
28617,Плетеный наплеч главнокомандующего
28618,Перчатки главнокомандующего из драконьей шкуры
28619,Шлем главнокомандующего из драконьей шкуры
28620,Набедренники главнокомандующего из драконьей шкуры
28621,Наголенники династии Риннов
28622,Наплеч главнокомандующего из драконьей шкуры
28623,Мундир главнокомандующего из драконьей шкуры
28624,Перчатки главнокомандующего из ткани ужаса
28625,Капюшон главнокомандующего из ткани ужаса
28626,Поножи главнокомандующего из ткани ужаса
28627,Мантия главнокомандующего из ткани ужаса
28628,Одеяние главнокомандующего из ткани ужаса
28629,Клепаный ремень генерала
28630,Клепаные башмаки генерала
28631,Наплечные щитки Драконоборца
28632,Чертеж: адамантитовое грузило
28633,Посох Бесконечных тайн
28634,Устройство управления утилизатором Х6000
28635,Одеяния чародеев клана Ярости Солнца
28636,Перчатки ученого клана Ярости Солнца
28637,Медальон охранника из клана Ярости Солнца
28638,Кольчужные наручи генерала
28639,Кольчужный ремень генерала
28640,Кольчужные башмаки генерала
28641,Ламеллярный пояс генерала
28642,Ламеллярные наголенники генерала
28643,Ламеллярные наручи генерала
28644,Чешуйчатый пояс генерала
28645,Чешуйчатые наголенники генерала
28646,Чешуйчатые наручи генерала
28647,Наплечные пластины лесного ветра
28649,Перстень-печатка Гароны
28651,Боевой рог непреклонных
28652,Опояска воли
28653,Сумрачный плащ Внушения
28654,Ремень Пагубы
28655,Шнурованный ремень сил Природы
28656,Ремень лесного хищника
28657,Погибель дураков
28658,Посох-душитель Терестиана
28659,Ксавианский стилет
28660,Роскошный ториевый плащ
28661,Кольцо исцеляющего сердца
28662,Кираса Скрепляющего Свет
28663,Сапоги неразвращенных
28664,Указания Нитрина
28665,Глаз горного гронна
28666,Наплечье ищущего правосудия
28667,Безупречный клюв большого ветруха
28668,Сальник старого копытня
28669,Сапоги пройдохи
28670,Сапоги жуткого шабаша
28671,Большой шлем Сердцестали
28672,Пелерина темных разбойников
28673,Тирисфальский жезл Влияния
28674,Талисман Саблекогтя
28675,Великое кольцо Шерманара
28676,Сердце Уртака
28677,"\""Книга мертвых\"""
28679,Ламеллярный нагрудник главнокомандующего
28680,Ламеллярные рукавицы главнокомандующего
28681,Ламеллярный шлем главнокомандующего
28683,Ламеллярные наплечники главнокомандующего
28684,Кожаные перчатки главнокомандующего
28685,Кожаный шлем главнокомандующего
28686,Кожаные набедренники главнокомандующего
28687,Кожаный наплеч главнокомандующего
28688,Кожаный мундир главнокомандующего
28689,Клепаный доспех главнокомандующего
28690,Клепаные рукавицы главнокомандующего
28691,Клепаный шлем главнокомандующего
28692,Клепаные поножи главнокомандующего
28693,Клепаный наплеч главнокомандующего
28694,Кольчужный доспех главнокомандующего
28695,Кольчужные рукавицы главнокомандующего
28696,Кольчужный шлем главнокомандующего
28697,Кольчужные поножи главнокомандующего
28698,Кольчужный наплеч главнокомандующего
28699,Латный нагрудник главнокомандующего
28700,Латные рукавицы главнокомандующего
28701,Латный шлем главнокомандующего
28702,Латные набедренники главнокомандующего
28703,Латные наплечники главнокомандующего
28704,Атласные перчатки главнокомандующего
28705,Атласный капюшон главнокомандующего
28706,Атласные поножи главнокомандующего
28707,Атласная мантия главнокомандующего
28708,Атласное одеяние главнокомандующего
28709,Чешуйчатый нагрудник главнокомандующего
28710,Чешуйчатые рукавицы главнокомандующего
28711,Чешуйчатый шлем главнокомандующего
28712,Чешуйчатые набедренники главнокомандующего
28713,Чешуйчатые наплечники главнокомандующего
28714,Шелковый нарамник главнокомандующего
28715,Шелковый клобук главнокомандующего
28716,Шелковые боевые рукавицы главнокомандующего
28717,Шелковое облачение главнокомандующего
28718,Шелковые брюки главнокомандующего
28719,Перчатки главнокомандующего из шкуры змея
28720,Шлем главнокомандующего из шкуры змея
28721,Набедренники главнокомандующего из шкуры змея
28722,Наплеч главнокомандующего из шкуры змея
28723,Мундир главнокомандующего из шкуры змея
28724,Ламеллярные набедренники главнокомандующего
28725,Устройство пробуждения рун
28726,Мантия Мозгохлеста
28727,Подвеска Аметистового Ока
28728,Умиротворяющий сапфир Арана
28729,Клинок недоброжелательства
28730,Мифриловое кольцо Невредимых
28731,Сияющая цепь загробного мира
28732,Клобук неповиновения
28733,Ремень Истины
28734,Самоцвет бесконечных вероятностей
28735,Землекровный нагрудный доспех
28738,"Monster - Staff, Benediction"
28739,"Monster - Staff, Anathema"
28740,Поножи Живодера
28741,Наголенники Таящегося
28742,Кюлоты покаяния
28743,Мантия Абрамиса
28744,Головной убор единства
28745,Мифриловая цепь героизма
28746,Бесовские сапоги убийцы
28747,Сапоги Боевого Шрама
28748,Ножные латы невинного
28749,Королевский поборник
28750,Ремень Вероломства
28751,Поножи Пламенного сердца
28752,Походные сапоги Лесного лорда
28753,Кольцо повторения
28754,Троичный щит Древних
28755,Кровавые наплечные пластины беспощадного
28756,Головной убор Высокого властителя
28757,Кольцо тысячи знаков
28758,Кольчужный шлем экзорциста
28759,Капюшон экзорциста из ткани ужаса
28760,Шелковый капюшон экзорциста
28761,Чешуйчатый шлем экзорциста
28762,Украшение Похищенных Душ
28763,Нефритовое кольцо бессмертного
28764,Мохнатый плащ дальнего путника
28765,Незапятнанный плащ чистых сердцем
28766,Рубиновый покров мистика
28767,Лабрисса
28768,Малчазин
28769,Краеугольный камень
28770,Натрезимский клинок
28771,Правосудие Света
28772,Фениксовый лук Ярости Солнца
28773,Кровавый вой
28774,Глефа бездны
28775,Громовой великий шлем
28776,Перчатки лживого языка
28777,Плащ Покорителя Бездны
28778,Ремень Кошмарной бездны
28779,Ремень Бездонной пропасти
28780,Повязки пожирателя душ
28781,Караборский талисман
28782,Вибрирующий посох Хрустального сердца
28783,Уничтожающий жезл Эредара
28784,Непреклонный кусок флага
28785,Конденсатор молний
28786,Кристальное средоточие Камнегора
28787,Аннигиляторный сервопривод
28788,Гербовая накидка Защитника
28789,Глаз Магтеридона
28790,Кольцо Стража Света наару
28791,Кольцо непокорных
28792,Перстень Защиты А\'дала
28793,Кольцо Багровой Ярости
28794,Топор лордов Гронна
28795,Поручи Камнерогов
28796,Пагубная маска Теней
28797,Воинский плащ огров-магов
28799,Пояс божественного вдохновения
28800,Молот наару
28801,Боевой шлем Молгара
28802,Магический клинок Кровавой Утробы
28803,Клобук дыхания природы
28804,Воротник Чо\'Галла
28805,Плетеный доспех верховного вождя
28806,Плетеные рукавицы верховного вождя
28807,Плетеный шлем верховного вождя
28808,Плетеные поножи верховного вождя
28809,Плетеный наплеч верховного вождя
28810,Сапоги Ветрорезов
28811,Перчатки верховного вождя из драконьей шкуры
28812,Шлем верховного вождя из драконьей шкуры
28813,Набедренники верховного вождя из драконьей шкуры
28814,Наплеч верховного вождя из драконьей шкуры
28815,Мундир верховного вождя из драконьей шкуры
28817,Перчатки верховного вождя из ткани ужаса
28818,Капюшон верховного вождя из ткани ужаса
28819,Поножи верховного вождя из ткани ужаса
28820,Мантия верховного вождя из ткани ужаса
28821,Одеяние верховного вождя из ткани ужаса
28822,Зубы Груула
28823,Глаз Груула
28824,Рукавицы Военного совершенства
28825,Наследная защита Алдори
28826,Сюрикен Неверия
28827,Рукавицы истребителя драконов
28828,Прошитый Гронном ремень
28829,Кристалл-артефакт Арклона
28830,Трофей из драконьего хребта
28831,Ламеллярный нагрудник верховного вождя
28832,Ламеллярные рукавицы верховного вождя
28833,Ламеллярный шлем верховного вождя
28834,Ламеллярные набедренники верховного вождя
28835,Ламеллярные наплечники верховного вождя
28836,Кожаные перчатки верховного вождя
28837,Кожаный шлем верховного вождя
28838,Кожаные набедренники верховного вождя
28839,Кожаный наплеч верховного вождя
28840,Кожаный мундир верховного вождя
28841,Клепаный доспех верховного вождя
28842,Клепаные рукавицы верховного вождя
28843,Клепаный шлем верховного вождя
28844,Клепаные поножи верховного вождя
28845,Клепаный наплеч верховного вождя
28846,Кольчужный доспех верховного вождя
28847,Кольчужные рукавицы верховного вождя
28848,Кольчужный шлем верховного вождя
28849,Кольчужные поножи верховного вождя
28850,Кольчужный наплеч верховного вождя
28851,Латный нагрудник верховного вождя
28852,Латные рукавицы верховного вождя
28853,Латный шлем верховного вождя
28854,Латные набедренники верховного вождя
28855,Латные наплечники верховного вождя
28856,Атласные перчатки верховного вождя
28857,Атласный капюшон верховного вождя
28858,Атласные поножи верховного вождя
28859,Атласная мантия верховного вождя
28860,Атласное одеяние верховного вождя
28861,Чешуйчатый нагрудник верховного вождя
28862,Чешуйчатые рукавицы верховного вождя
28863,Чешуйчатый шлем верховного вождя
28864,Чешуйчатые набедренники верховного вождя
28865,Чешуйчатые наплечники верховного вождя
28866,Шелковый нарамник верховного вождя
28867,Шелковый клобук верховного вождя
28868,Шелковые боевые рукавицы верховного вождя
28869,Шелковое облачение верховного вождя
28870,Шелковые брюки верховного вождя
28871,Перчатки верховного вождя из шкуры змея
28872,Шлем верховного вождя из шкуры змея
28873,Набедренники верховного вождя из шкуры змея
28874,Наплеч верховного вождя из шкуры змея
28875,Мундир верховного вождя из шкуры змея
28878,Начертание веры
28881,Начертание дисциплины
28882,Начертание защиты
28885,Начертание отмщения
28886,Великое начертание дисциплины
28887,Великое начертание веры
28888,Великое начертание отмщения
28889,Великое начертание защиты
28903,Начертание сферы
28904,Начертание оракула
28905,"Monster - Claw, Badass"
28907,Начертание клинка
28908,Начертание рыцаря
28909,Великое начертание сферы
28910,Великое начертание клинка
28911,Великое начертание рыцаря
28912,Великое начертание оракула
28913,Ящик с геодезическим снаряжением
28915,Поводья черного верхового талбука
28917,Костомол верховного вождя
28918,Секира верховного вождя
28919,Кувалда верховного вождя
28920,Колун верховного вождя
28921,Крушитель верховного вождя
28922,Левый резак верховного вождя
28923,Зазубренная глефа верховного вождя
28924,Большой костолом верховного вождя
28925,Пробойник верховного вождя
28926,Быстрый клинок верховного вождя
28927,Красный крылобег
28928,Правый резак верховного вождя
28929,Заточка верховного вождя
28930,Нож верховного вождя
28931,Чародейский клинок верховного вождя
28933,Тяжелый арбалет верховного вождя
28934,Геодезическое снаряжение
28935,Воинский посох верховного вождя
28936,Стремительный розовый крылобег
28937,Тесак верховного вождя
28938,Военный фолиант верховного вождя
28939,Баррикада верховного вождя
28940,Баррикада главнокомандующего
28941,Военный фолиант главнокомандующего
28942,Костомол главнокомандующего
28943,Боевой клинок главнокомандующего
28944,Колун главнокомандующего
28945,Лабрисса главнокомандующего
28946,Крушитель главнокомандующего
28947,Левый потрошитель главнокомандующего
28948,Кувалда главнокомандующего
28949,Зазубренная глефа главнокомандующего
28950,Костолом главнокомандующего
28951,Пробойник главнокомандующего
28952,Быстрый клинок главнокомандующего
28953,Правый потрошитель главнокомандующего
28954,Заточка главнокомандующего
28955,Нож главнокомандующего
28956,Тесак главнокомандующего
28957,Чародейский клинок главнокомандующего
28959,Воинский посох главнокомандующего
28960,Тяжелый арбалет главнокомандующего
28962,Триангуляционный прибор
28963,Корона Пустого сердца
28964,Одеяние Пустого сердца
28966,Поножи Пустого сердца
28967,Мантия Пустого сердца
28968,Перчатки Пустого сердца
28969,Аккумулятор телепортатора
28970,Сущность дракона Пустоты
28971,Яйцо дракона Пустоты
28972,Метательный топорик Летающего Клинка
28973,Плетеные наручи маршала
28974,Плетеный ремень маршала
28975,Плетеные башмаки маршала
28976,Пояс маршала из драконьей шкуры
28977,Сапоги маршала из драконьей шкуры
28978,Наручи маршала из драконьей шкуры
28979,Легкий метательный нож
28980,Пояс маршала из ткани ужаса
28981,Манжеты маршала из ткани ужаса
28982,Ботфорты марашала из ткани ужаса
28983,Ламеллярный пояс маршала
28984,Ламеллярные наручи маршала
28985,Ламеллярные наголенники маршала
28986,Кожаный пояс маршала
28987,Кожаные сапоги маршала
28988,Кожаные наручи маршала
28989,Клепаные наручи маршала
28990,Клепаный ремень маршала
28991,Клепаные башмаки маршала
28992,Кольчужные наручи маршала
28993,Кольчужный ремень маршала
28994,Кольчужные башмаки маршала
28995,Латный пояс маршала
28996,Латные наручи маршала
28997,Латные наголенники маршала
28998,Чешуйчатый пояс маршала
28999,Чешуйчатые наручи маршала
29000,Чешуйчатые наголенники маршала
29001,Шелковый пояс маршала
29002,Шелковые манжеты маршала
29003,Прочные шелковые ботинки маршала
29004,Пояс маршала из шкуры змея
29005,Сапоги маршала из шкуры змея
29006,Наручи маршала из шкуры змея
29007,Утяжеленный метательный топорик
29008,Острый метательный топорик
29009,Тяжелый метательный кинжал
29010,Гибельный метательный кинжал
29011,Великий шлем вестника войны
29012,Нагрудный доспех вестника войны
29013,Зазубренный метательный топорик
29014,Метательный кинжал из вороненой стали
29015,Набедренники вестника войны
29016,Наплечные щитки вестника войны
29017,Боевые рукавицы вестника войны
29018,Триангуляционный прибор
29019,Кираса вестника войны
29020,Рукавицы вестника войны
29021,Боевой шлем вестника войны
29022,Наголенники вестника войны
29023,Латные наплечники вестника войны
29024,Почетный знак Ока Бури
29026,Кристалл Ата\'мала
29027,Нестабильный генератор астральных провалов
29028,Головной убор смерча
29029,Хауберк смерча
29030,Килт смерча
29031,Наплечные пластины смерча
29032,Перчатки смерча
29033,Нагрудный доспех смерча
29034,Боевые рукавицы смерча
29035,Большой шлем смерча
29036,Набедренники смерча
29037,Наплечные щитки смерча
29038,Кираса смерча
29039,Рукавицы смерча
29040,Шлем смерча
29041,Повелевающий кристалл дренетиста
29042,Боевой килт смерча
29043,Латные наплечники смерча
29044,Маска Клинка Пустоты
29045,Нагрудник Клинка Пустоты
29046,Брюки Клинка Пустоты
29047,Наплечные пластины клинка Пустоты
29048,Перчатки Клинка Пустоты
29049,Ошейник Света Воплощенного
29050,Одеяния Воплощенного
29051,Пыль Пустоты
29053,Брюки Воплощенного
29054,Легкая мантия Воплощенного
29055,Повязки Воплощенного
29056,Накидка воплощенного
29057,Перчатки Воплощенного
29058,Ошейник Души Воплощенного
29059,Поножи Воплощенного
29060,Покров души Воплощенного
29061,Диадема вершителя правосудия
29062,Нагрудник вершителя правосудия
29063,Поножи вершителя правосудия
29064,Наплечье вершителя правосудия
29065,Перчатки вершителя правосудия
29066,Нагрудный доспех вершителя правосудия
29067,Боевые рукавицы вершителя правосудия
29068,Большой шлем вершителя правосудия
29069,Набедренники вершителя правосудия
29070,Наплечные щитки вершителя правосудия
29071,Кираса вершителя правосудия
29072,Рукавицы вершителя правосудия
29073,Корона вершителя правосудия
29074,Наголенники вершителя правосудия
29075,Латные наплечники вершителя правосудия
29076,Ворот Алдоров
29077,Одежды Алдоров
29078,Бриджи Алдоров
29079,Наплечье Алдоров
29080,Перчатки Алдоров
29081,Великий шлем Ловчего демонов
29082,Куртка Ловчего демонов
29083,Наголенники Ловчего демонов
29084,Наплечные щитки Ловчего демонов
29085,Рукавицы Ловчего демонов
29086,Корона Малорна
29087,Нагрудный доспех Малорна
29088,Набедренники Малорна
29089,Наплечные щитки Малорна
29090,Боевые рукавицы Малорна
29091,Зерцало Малорна
29092,Перчатки Малорна
29093,Рога Малорна
29094,Брюки Малорна
29095,Наплечье Малорна
29096,Кираса Малорна
29097,Рукавицы Малорна
29098,Рогатый шлем Малорна
29099,Наголенники Малорна
29100,Мантия Малорна
29101,Рог вызова Синих Драконов
29102,Поводья кобальтового боевого талбука
29103,Поводья белого боевого талбука
29104,Поводья серебристого боевого талбука
29105,Поводья рыжего боевого талбука
29106,Кристалл Ата\'мала
29108,Клинок непреклонных
29109,Жезл непреклонных
29110,Испорченная ароматическая свеча
29111,Коробка с завалявшейся конфетой
29112,Кенарийская настойка
29113,Демоническая сущность
29115,Самострел Консорциума
29116,Поножи кочевника
29117,Жилет Штормового Утеса
29118,Подсумок контрабандиста
29119,Сделка Харамада
29120,Выкройка: одежды истинной веры
29121,Коварство Хораади
29122,Клобук гонца Пустоты
29123,Медальон Светоносного
29124,Клеймо воздаятеля
29125,Клинок маркитанта
29126,Перстень Провидца
29127,Хауберк воздаятеля
29128,Кольцо Стража Света
29129,Одеяния Анахорета
29130,Аукенайский посох
29131,Поножи маркитанта
29132,Камень крови Провидцев
29133,Палка Провидца
29134,Рукавицы Избранного
29135,Головной убор заклинателя земли
29136,Шлем говорящего с духами
29137,Воля Адского Крика
29138,Дар Арехрона
29139,Парадный убор
29140,Плащ Древних Духов
29141,Поножи урагана
29142,Куренайский килт
29143,Колчан из шкуры копытня
29144,Колчан из шкуры ворга
29145,Кольцо духов предков
29146,Кольцо духов стихии
29147,Наплеч из шкуры талбука
29148,Черненый кожаный наплеч
29149,Спорлингская огнепалка
29150,Закаленный каменный осколок
29151,Мушкет ветерана
29152,Снайперский лук
29153,Клинок верховного мага
29154,Пушка Легиона
29155,Зовущий бурю
29156,Зов Чести
29157,Золотое кольцо власти
29158,Кольцо командора из истинного серебра
29159,Светящееся ториевое кольцо
29160,Изумрудное кольцо льва
29161,Осколок души Пустынного обрыва
29162,Осколок души Галаксиса
29163,Сырой фаралит
29164,Фаралитовое ядро
29165,Вестник Войны
29166,Кованая алебарда Преисподней
29167,Черненое копье
29168,Кольцо предков
29169,Кольцо исцеления
29170,Сфера призывателя ветров
29171,Хранитель земли
29172,Дар Ашьена
29173,Сила Неукрощенных
29174,Клобук смотрителя
29175,Молоток Чистого света
29176,Гребень Ша\'тар
29177,Приказ А\'дала
29179,Дар Ксири
29180,Благословенный чешуйчатый ремень
29181,Осколок Разрыва Времени
29182,Пробойник
29183,Наручники Странника Времени
29184,Поножи стража времени
29185,Клинок непрерывности
29186,Магический знак защитника
29187,Начертание выносливости
29189,Магический знак обновления
29190,Магический знак обновления
29191,Магический знак силы
29192,Магический знак ярости
29193,Магический знак гладиатора
29194,Магический знак защиты от сил природы
29195,Магический знак защиты от тайной магии
29196,Магический знак защиты от огня
29197,Магический знак защиты от огня
29198,Магический знак защиты от льда
29199,Магический знак защиты от темной магии
29200,Самострел Фалфиндера
29201,Утолщенные бронзовые дротики
29202,Крутящиеся стальные топоры
29203,Зачарованные ториевые клинки
29204,Шепчущие ножи из оскверненной стали
29205,Герб инквизитора - верхняя половина
29206,Герб инквизитора - нижняя половина
29207,Волшебный порошок
29209,Знак отличия братства Заксис
29210,Метательный топорик убийцы
29211,Метательный топорик Фитца
29212,Сбалансированный каменный кортик
29213,Выкройка: пояс ловца Скверны
29214,Выкройка: наручи ловца Скверны
29215,Выкройка: кираса ловца Скверны
29216,Осколок безупречного кристалла
29217,Выкройка: пояс неистовства пустоты
29218,Выкройка: сапоги неистовства пустоты
29219,Выкройка: поножи неистовства пустоты
29220,Синий крылобег
29221,Черный крылобег
29222,Лиловый крылобег
29223,Стремительный зеленый крылобег
29224,Стремительный лиловый крылобег
29225,zzOLDРезвый боевой сокол-бегунок
29226,Генератор астральных провалов
29227,Поводья кобальтового боевого талбука
29228,Поводья черного боевого талбука
29229,Поводья серебристого боевого талбука
29230,Поводья рыжего боевого талбука
29231,Поводья белого боевого талбука
29232,Рецепт: трансмутация алмаза небесного огня
29233,Клинок Датрика
29234,Фолиант Белмары
29235,Мантия Люминрата
29236,Шляпа Колиена
29237,Наручи Военной Тропы
29238,Ремень Львиного сердца
29239,Боевые сапоги орлиного герба
29240,Поручи неверия
29241,Пояс Разврата
29242,Сапоги кощунства
29243,Тяжелые наручи Ярости волн
29244,Ремень Песни волн
29245,Сапоги Гребней Волн
29246,Сумрачные накулачники
29247,Ремень торговца смертью
29248,Сапоги шагающего сквозь тень
29249,Поручи Милосердных
29250,Шнурованный ремень посвящения
29251,Сапоги набожных
29252,Наручи Величия
29253,Ремень Доблестных деяний
29254,Сапоги праведного пути
29255,Поручи Исчезающей магии
29257,Кушак Чародейного зрения
29258,Сапоги управления астралом
29259,Наручи Охоты
29260,Сердце сквернобота
29261,Ремень лютости
29262,Сапоги бесконечной погони
29263,Наручи Лесного сердца
29264,Пояс Древоисцелителя
29265,Сапоги щепы
29266,Лазурный щит Хладарры
29267,Светоносный щит Судьбы
29268,Славный щит Мазторила
29269,Кость из крыла Сапфирона
29270,Печать языка пламени
29271,Талисман Калесгоса
29272,Сфера Пожирателя душ
29273,Ранец Кадгара
29274,Слезы Небес
29275,Жгучий солнечный клинок
29276,Фиалковый перстень
29277,Фиалковый перстень
29278,Фиалковый перстень
29279,Фиалковый перстень Великого Защитника
29280,Фиалковый перстень
29281,Фиалковый перстень
29282,Фиалковый перстень
29283,Фиалковый перстень искусного убийцы
29284,Фиалковый перстень
29285,Фиалковый перстень
29286,Фиалковый перстень
29287,Фиалковый перстень верховного мага
29288,Фиалковый перстень
29289,Фиалковый перстень
29290,Фиалковый перстень Восстановления
29291,Фиалковый перстень
29292,Зловепревая ветчина
29294,Кольцо вечности
29295,Кольцо вечности
29296,Кольцо вечности
29297,Кольцо вечного поборника
29298,Кольцо вечности
29299,Кольцо вечности
29300,Кольцо вечности
29301,Кольцо вечного защитника
29302,Кольцо вечности
29303,Кольцо вечности
29304,Кольцо вечности
29305,Кольцо вечного мудреца
29306,Кольцо вечности
29307,Кольцо вечности
29308,Кольцо вечности
29309,Кольцо вечного восстановителя
29312,Убор праведного неистовства
29313,Наголенники землелома
29314,Поножи Третьей монеты
29315,Перчатки раскаяния
29316,Мантия вождя
29317,Касание бури
29318,Тихие сапоги южнобережья
29319,Кушак поборника мельницы Таррен
29320,Кольцо хранителя
29321,Времягнущий самоцвет
29322,Кольцо благочестия хранителя
29323,Слеза Андорму
29324,Сфера Гармонизации отклонений
29325,Металлические наголенники плоти зверя
29326,Регулирующее оплечье Консорциума
29327,Крио-полуперчатки
29328,Платок принца-консорта
29329,Перо Терокка
29330,Сказание о Терокке
29331,Анналы Кирин\'Вара
29332,Маска Терокка
29333,Торк сетеккского пророка
29334,Средоточие оракула Сетекка
29335,Бусы Лорда Когтя
29336,Знак ворона-стража
29337,Защитник наместника
29338,Омерзительные останки
29339,Хауберк аукенайского следопыта
29340,Мундир аукенайского монаха
29341,Одеяние аукенайского отшельника
29342,Латные набедренники Консорциума
29343,Поножи Третьей монеты Харамада
29344,Клепаные кольчужные кюлоты Харамада
29345,Наножи Харамада
29346,Потрошитель Скверны
29347,Талисман Дробителя
29348,Рука-клинок
29349,Адамантиновая цепь Несломленных
29350,Черный Стебель
29351,Длинный лук приливной ярости
29352,Кобальтовое кольцо Тиригозы
29353,Буздыхан ударной волны
29354,Осененная светом стола альтруизма
29355,Тенепосох Терокка
29356,Квантовый клинок
29357,Перчатки Мастера воров
29359,Звериный посох
29360,Зловещий клинок Предателя
29361,Оберег Набериуса
29362,Солнцеед
29363,Детеныш маназмея
29364,Клетка с бурым кроликом
29365,Дробящий молот
29366,Кристалл доступа в Б\'наар
29367,Кольцо загадочных сновидений
29368,Подвеска роста маны
29369,Шаль Смещенной Вероятности
29370,Икона Серебряного Полумесяца
29371,Астральный коготь
29372,Бивень Бездны
29373,Кольцо ореолов
29374,Ожерелье неугасимой надежды
29375,Плащ епископа
29376,Сущность Мученика
29377,Астральное фазовое копье
29378,Дубинка Звездного сердца
29379,Кольцо полководцев Арати
29380,Астральный фазовый клинок
29381,Колье злых намерений
29382,Боевой плащ Кровавого Рыцаря
29383,Брошь Кровожадности
29384,Кольцо неумолимой силы
29385,Защитный плащ странника
29386,Ожерелье слепого поклонения
29387,Гномреганский автоуклонятель 600
29388,Манускрипт покаяния
29389,Тотем трепещущей земли
29390,Вечноцветущий идол
29391,Ударный кинжал
29393,Алмазные ягоды
29394,Хлеб Лири
29395,Небесный мед
29396,Кристалл доступа к Коруу
29397,Кристалл доступа к Даро
29398,Венец изгнания
29399,Жезл призывателя Бездны
29400,Покров Бездны
29401,Игристый сидр с Южнобережья
29410,"Monster - Mace2H, Warhammer Ebony - White Flame"
29411,Кристалл доступа в Ару
29412,Особая похлебка Джессена
29419,"Monster - Glaive - 3 Blade Purple - Ethereal, Ethereum Red Glow"
29425,Знак Кил\'джедена
29426,Перстень Огнекрылов
29428,Колокольчик Бесси
29429,Бомба Бума
29434,Знак справедливости
29443,Забористое пойло Кровавого Молота
29445,Геодезические знаки
29447,Электростимулятор Скверны
29448,Плавленый сыр маг\'харов
29449,Бублик Камнерогов
29450,Телаарский виноград
29451,Грудинка копытня
29452,Зангарская форель
29453,Спореггарский гриб
29454,Серебрянка
29456,Дар Астрала
29457,Осколок Пустоты
29458,Эгида охранника
29459,Данные ретранслятора Эфириума
29460,Ключ от тюрьмы братства Эфириум
29461,Фрагмент мана-бомбы
29463,Янтарные поручи агрессора
29464,Кожа глиношкурого
29465,Черный боевой механодолгоног
29466,Черный боевой кодо
29467,Черный боевой баран
29468,Вороной боевой скакун
29469,Черный боевой волк
29470,Красный боевой конь-скелет
29471,Черный боевой тигр
29472,Черный боевой ящер
29473,Поджигатель Протектората
29474,Кремовый колокольчик
29475,Пыль умиротворения
29476,Осколок алого кристалла
29477,Осколок алого кристалла
29478,Семя возрождения
29480,Образец ткани опаленной гидры
29481,Образец ткани высохшего болотника
29482,Эфириальная сущность
29483,Накладки сопротивления темной магии
29485,Накладки сопротивления огню
29486,Накладки сопротивления магии льда
29487,Накладки сопротивления силам природы
29488,Накладки сопротивления тайной магии
29489,Зачарованные скверночешуйчатые поножи
29490,Зачарованные скверночешуйчатые перчатки
29491,Зачарованные скверночешуйчатые сапоги
29492,Огненночешуйчатые поножи
29493,Огненночешуйчатые сапоги
29494,Огненночешуйчатый пояс
29495,Зачарованные поножи из шкуры копытня
29496,Зачарованные перчатки из шкуры копытня
29497,Зачарованные сапоги из шкуры копытня
29498,Взрывостойкие штаны
29499,Взрывостойкие сапоги
29500,Взрывостойкий пояс
29501,Ключ Ша\'Наараа
29502,Капюшон из чешуи кобры
29503,Перчатки из чешуи кобры
29504,Ветрочешуйчатый капюшон
29505,Капюшон изначальной жизни
29506,Перчатки живого прикосновения
29507,Напульсники ветроубийцы
29508,Животворный шлем из чешуи дракона
29509,Перчатки налетевшего ветра
29510,Шлем дракона Пустоты
29511,Перчатки дракона Пустоты
29512,Сапоги земли из чешуи дракона Пустоты
29513,Посох старейшин Отребья
29514,Плотная кираса из чешуи дракона Пустоты
29515,Черная кираса из чешуи дракона Пустоты
29516,Черный пояс из чешуи дракона Пустоты
29517,Черные наручи из чешуи дракона Пустоты
29518,Ятаган Амани
29519,Кираса удара Пустоты
29520,Пояс удара Пустоты
29521,Наручи удара Пустоты
29522,Хауберк легкокрылого ястреба
29523,Наручи легкокрылого ястреба
29524,Пояс легкокрылого ястреба
29525,Жилет упреждающего удара
29526,Пояс упреждающего удара
29527,Наручи упреждающего удара
29528,Барабаны войны
29529,Барабаны битвы
29530,Барабаны скорости
29531,Барабаны восстановления
29532,Барабаны паники
29533,Накладки для поножей из кожи кобры
29534,Накладки для поножей из шкуры копытня
29535,Накладки для поножей из чешуи кобры
29536,Накладки для поножей из кожи копытня
29539,Чешуя кобры
29540,Укрепленная шахтерская сумка
29545,Военный инструктаж Ярости Солнца
29546,Чародейский инструктаж Ярости Солнца
29547,Чешуя ветра
29548,Чешуя дракона Пустоты
29549,Кодекс: Молитва стойкости III
29550,Фолиант Сотворения воды IX
29553,Печень василиска
29554,Заскорузлая шкура василиска
29555,Мерцающая шкура василиска
29556,Ядовитая железа василиска
29559,Яркое перо
29560,Искрящая чешуя
29561,Драконье бедро
29562,Драконий зуб
29563,Драконий коготь
29564,Драконий клык
29565,Печень ящера
29567,Коготь ящера
29568,Боевое перо ящера
29569,Прочный ларец
29570,Фигурка гнома
29571,Скабрезный любовный роман
29572,Туземные резные изображения
29573,Бальзамировочный состав
29574,Мумифицированные части тела
29575,Тыква-фонарь
29576,Наживка для акулы
29577,Тролльский сувенир
29578,Кристаллизовавшийся камень
29579,Крошки кристаллизовавшегося камня
29580,Осколки кристалла
29581,Странный кристалл
29582,Ячейка данных братства Эфириум
29583,Левосторонний ятаган
29584,Пронзатель глоток
29586,Голова хозяина кузни Остропила
29588,Послание Пылающего Легиона
29589,Послание Пылающего Легиона
29590,Послание Пылающего Легиона
29591,Готовая астральная обертка
29592,Знак различия Орды
29593,Знак различия Альянса
29594,Кольчужные наголенники рыцаря-лейтенанта
29595,Кольчужные перчатки рыцаря-лейтенанта
29596,Кольчужный хауберк рыцаря-капитана
29597,Кольчужные набедренники рыцаря-капитана
29598,Кольчужный шлем лейтенанта-командора
29599,Кольчужное наплечье лейтенанта-командора
29600,Ламеллярные рукавицы кровавого стража
29601,Ламеллярные башмаки кровавого стража
29602,Ламеллярная кираса легионера
29603,Ламеллярные поножи легионера
29604,Ламеллярный шлем защитника
29605,Ламеллярные наплечники защитника
29606,Кольчужные сапоги маршала
29607,Кольчужные рукавицы маршала
29608,Кольчужные поножи маршала
29609,Кольчужный доспех фельдмаршала
29610,Кольчужный шлем фельдмаршала
29611,Кольчужный наплеч фельдмаршала
29612,Ламеллярные сапоги генерала
29613,Ламеллярные перчатки генерала
29614,Ламеллярные ножные латы генерала
29615,Ламеллярная бригантина вождя
29616,Ламеллярный большой шлем вождя
29617,Ламеллярное наплечье вождя
29618,Дезинтегратор Протектората
29624,Первая половина сокретарского камня
29625,Вторая половина сокретарского камня
29645,"Monster - Sword2H, Draenei A02 Rusty"
29664,Выкройка: укрепленная шахтерская сумка
29669,Выкройка: накладки сопротивления темной магии
29672,Выкройка: накладки сопротивления огню
29673,Выкройка: накладки сопротивления магии льда
29674,Выкройка: накладки сопротивления силам природы
29675,Выкройка: накладки сопротивления тайной магии
29677,Выкройка: зачарованные скверночешуйчатые поножи
29682,Выкройка: зачарованные скверночешуйчатые перчатки
29684,Выкройка: зачарованные скверночешуйчатые сапоги
29689,Выкройка: огненночешуйчатые поножи
29691,Выкройка: огненночешуйчатые сапоги
29693,Выкройка: огненночешуйчатый пояс
29698,Выкройка: зачарованные поножи из шкуры копытня
29699,Сокретарский камень Телепортации
29700,Выкройка: зачарованные перчатки из шкуры копытня
29701,Выкройка: зачарованные сапоги из шкуры копытня
29702,Выкройка: взрывостойкие штаны
29703,Выкройка: взрывостойкие сапоги
29704,Выкройка: взрывостойкий пояс
29712,"Monster - Axe, Draenei C01 Ice"
29713,Выкройка: барабаны паники
29714,Выкройка: барабаны восстановления
29717,Выкройка: барабаны битвы
29718,Выкройка: барабаны скорости
29719,Выкройка: накладки для поножей из кожи кобры
29720,Выкройка: накладки для поножей из шкуры копытня
29721,Выкройка: накладки для поножей из кожи копытня
29722,Выкройка: накладки для поножей из чешуи кобры
29723,Выкройка: капюшон из чешуи кобры
29724,Выкройка: перчатки из чешуи кобры
29725,Выкройка: ветрочешуйчатый капюшон
29726,Выкройка: капюшон изначальной жизни
29727,Выкройка: перчатки живого прикосновения
29728,Выкройка: напульсники ветроубийцы
29729,Выкройка: животворный шлем из чешуи дракона
29730,Выкройка: сапоги земли из чешуи дракона Пустоты
29731,Выкройка: перчатки налетевшего ветра
29732,Выкройка: шлем дракона Пустоты
29733,Выкройка: перчатки дракона Пустоты
29734,Выкройка: плотная кираса из чешуи дракона Пустоты
29735,Святая пыль
29736,Чародейская руна
29737,Варево Навууда
29738,Фиал со слизью ужаса Бездны
29739,Чародейский фолиант
29740,Латные перчатки Скверны
29741,Результаты диагностики
29742,Ключ тюремщика
29743,Лиловый элекк
29744,Серый элекк
29745,Большой синий элекк
29746,Большой зеленый элекк
29747,Большой лиловый элекк
29749,Срезанный фаралонский плеточник
29750,Ключ от Палаты стазиса братства Эфириум
29751,Образец рога талбука
29753,Нагрудный доспех павшего заступника
29754,Нагрудный доспех павшего воителя
29755,Нагрудный доспех павшего героя
29756,Перчатки павшего героя
29757,Перчатки павшего воителя
29758,Перчатки павшего заступника
29759,Шлем павшего героя
29760,Шлем павшего воителя
29761,Шлем павшего заступника
29762,Наплечье павшего героя
29763,Наплечье павшего воителя
29764,Наплечье павшего заступника
29765,Поножи павшего героя
29766,Поножи павшего воителя
29767,Поножи павшего заступника
29768,Сердце огромной гидры
29769,Результаты диагностики
29770,Экспериментальный ремонтный аппарат
29771,Пояс подмастерья Кирин\'Вара
29772,Пояс разведчика Кирин\'Вара
29773,Полный шлем боевого мага
29774,Шоссы поборника Кирин\'Вара
29775,Подвеска боевого мага
29776,Сердцевина Ар\'келоса
29777,Плащ доблестного поборника
29778,Фазовый дезинтегратор
29779,Омолаживающий скипетр
29780,Одеяния ученика Кирин-Тора
29781,Сохраняющая жизнь кираса
29782,Капюшон гибели
29783,Набедренники твердого поборника
29784,Прикосновение гармонии
29785,Багровые наручи
29786,Наголенники поборника Кирин\'Вара
29787,Молот кузнеца-мастера
29788,Тонкотканые выделанные чешуйчатые поножи
29789,Искусная работа Андретана
29791,Усиленный топхельм
29792,Плащ рассветной мощи
29793,Перстень Аметистовой башни
29794,Сила Аметистовой башни
29795,Ключ врат Пылающего Легиона
29796,Сокретарский камень Телепортации
29797,Распоряжения Кель\'таса
29798,Сегмент генератора защитного купола
29799,Безжизненный усик
29800,Дурной глаз
29801,Шкура рыси-клыкодера
29803,Диагностический прибор
29804,Сапоги пастуха
29805,Голова Сокретара
29806,Ездовые перчатки ковбоя
29807,Чеканная пряжка скотовода
29808,Блистающие лазурные сапоги
29810,Эполеты драконьего гребня
29811,Наручи с золотыми сцепками
29812,Вороненые стальные рукавицы
29813,Плащ сотканной энергии
29814,Кольцо небесного камня
29815,Цепь из светящихся усиков
29817,Метчик талбуков
29818,Модулятор энергетического поля
29822,Фрагмент Пространствуса
29828,Разбойник 150 - Превосходный тестовый кинжал 1800
29841,QAEnchant Weapon Sunfire
29868,QAEnchant Gloves +26 Attack Power
29871,QAEnchant Chest +15 Spirit
29901,Яйцо синего мотылька
29902,Яйцо красного мотылька
29903,Яйцо желтого мотылька
29904,Яйцо белого мотылька
29905,Неполный фиал Келя
29906,Неполный фиал Вайш
29908,Яростный разрушитель
29909,Вопящий кинжал
29910,Посох двойственных миров
29911,Игла Агамаггана
29912,Финальный код
29913,Разрушитель врагов
29914,Нож Адского Пламени
29915,Жезл опустошения
29916,Скорострельный арбалет железной звезды
29917,Разгромный кулачный щит
29918,Нарукавье Бури разума
29919,Адамантиновый каплевидный щит
29920,Кольцо возрождения Феникса
29921,Кираса Огненного Креста
29922,Кольцо Ал\'ара
29923,Талисман солнечного Короля
29924,Проклятье Пустоты
29925,Плащ из крыльев феникса
29926,Шуршащий мундир
29927,Шляпа путника с затеняющими полями
29928,Прошитые брюки странника
29929,Портупея гневного духа
29930,Прошитый природой килт
29931,Иллюзорный головной убор
29932,Чародейский окольцованный мундир
29933,Чародейские окольцованные наголенники
29934,Шлем влечения
29935,Опаленная кираса
29936,Наголенники небесного огня
29937,Шлем бесконечных видений
29938,Нагрудный доспех искателя битвы
29939,Поножи из свежесодранной шкуры
29940,Большой шлем ветерана
29941,Чешуйчатая клейменая кольчуга
29942,Посеченные в бою поножи
29943,Украшенный шлем легионера
29944,Кираса протектората
29945,Наголенники мирового судьи
29946,Великий шлем завоевателя
29947,Перчатки Огненной хватки
29948,Коготь Феникса
29949,Арканитовый паровой пистолет
29950,Наголенники Хранителя Крови
29951,Сапоги звездного странника
29952,Ветвь Рины
29953,Детеныш золотистого дракондора
29954,Мантия душелова
29955,Наполненные маной накулачники
29956,Детеныш красного дракондора
29957,Детеныш серебряного дракондора
29958,Детеныш синего дракондора
29959,Рукавицы спиритуалиста
29960,Пойманный светляк
29961,Разъяренный бес земли
29962,Сердцерез
29963,Разъяренный бес пламени
29964,Поножи Черной бури
29965,Ремень праведного пути
29966,Тяжелые наручи Окончания
29967,Жилет Пустоты
29968,Поножи Пустоты
29969,Искрящийся выброшенный шлем
29970,Поножи Дикого Пера
29971,Поножи Драконоборца
29972,Брюки звездочета
29973,Кираса извечного шторма
29974,Кираса живых кристаллов
29975,Золотая кираса Драконоборца
29976,Рукавицы мировой бури
29977,Брюки звездной души
29978,Одеяния бойца Консорциума
29979,Глазная повязка Пустоверти
29980,Поножи Среднего королевства
29981,Астральный посох жизни
29982,Жезл забытой звезды
29983,Боевой шлем из оскверненного железа
29984,Ремень Зейтара
29985,Наголенники стража Бездны
29986,Клобук главного инженера
29987,Рукавицы солнечного короля
29988,Астральный ключ
29989,Плащ солнечных лучей
29990,Корона Солнца
29991,Поножи Солнечного Ястреба
29992,Королевский плащ Солнечных Скитальцев
29993,Двойной клинок Феникса
29994,Талассийский мохнатый плащ
29995,Поножи смертоносного намерения
29996,Жезл солнечного короля
29997,Кольцо предводителя следопытов
29998,Луносветские королевские рукавицы
29999,Наплечье переработки
30000,Перчатки бармена
30001,Пояс доки
30002,Бутсы Прибыльца
30003,Перчатки ловчего Пустоты
30004,Сапоги высадки
30005,Наплечники подчинителя
30006,Кольцо торговца ветром
30007,Напоясник Темнителя
30008,Подвеска Утраченных Веков
30009,Пламенный Рыцарь
30010,Имитирующий посох отродья
30011,Импульсный дротикомет Амира
30012,Правосудие Амира
30013,Двулезвийный потрошитель
30014,Поножи пилота X-52
30015,Талисман солнечного короля
30016,Шлем лаборанта X-52
30017,Подвеска резни Телоникуса
30018,Иск лорда Сангвинара
30019,Штаны охранника Зоны 52
30020,Огненный шнурованный ремень Мага
30021,Большой посох буйной ярости
30022,Подвеска Коварства
30023,Тотем Водоворота
30024,Мантия эльфийских королей
30025,Сюрикен-нож Змеиного Святилища
30026,Поручи Небесного лучника
30027,Сапоги бесконечной отваги
30028,Седьмое кольцо Тирисфалена
30029,Лубяные перчатки древней мудрости
30030,Ремень Упавшей звезды
30031,Сапоги красного хаоса
30032,Красный пояс битвы
30033,Сапоги защитника
30034,Пояс хранителя
30035,Сапоги дальней дороги
30036,Пояс дальней дороги
30037,Сапоги взрыва
30038,Пояс взрыва
30039,Сапоги непроглядной тьмы
30040,Пояс глубокой тени
30041,Сапоги природной милости
30042,Пояс природной силы
30043,Сапоги урагана
30044,Пояс сезона дождей
30045,Сапоги багрового ястреба
30046,Пояс черного орла
30047,Поручи Непроглядной Пучины
30048,Яркий шлем правосудия
30049,Глубинный камень
30050,Сапоги зыбучего кошмара
30051,Идол Богини Полумесяца
30052,Смертоносное кольцо
30053,Наплечье танцующего в бою
30054,Нагрудный доспех предводителя следопытов
30055,Наплечные пластины странника
30056,Одеяние злобного эха
30057,Наручи истребления
30058,Молот приливов
30059,Колье Чувственной ярости
30060,Сапоги легкого боя
30061,Кольцо завоеваний предков
30062,Повязки Ремула
30063,Манускрипт абсолютной правды
30064,Шнурованный ремень Вопящего Ужаса
30065,Светящаяся кираса Истины
30066,Сапоги ураганного странника
30067,Бархатные сапоги Стража
30068,Ремень приливного зова
30069,Поножи земной кузни
30070,Закаленные ветрами поножи
30071,Легкий клинок земной кузни
30072,Легкий топор небесной кузни
30073,Легкий углекованный молот
30074,Тяжелая броня земной кузни
30075,Корявый нагрудник древних
30076,Закаленный бурей хауберк
30077,Закаленная ветрами рапира
30079,Наплечные пластины Иллидари
30080,Светящийся жезл наару
30081,Боевые сапоги уничтожения
30082,Коготь Азшары
30083,Кольцо разлученных душ
30084,Наплечье часового Серебряного Рассвета
30085,Мантия неутомимого следопыта
30086,Окованный камнем клеймор
30087,Закаленный бурей топор
30088,Большой топор небесной кузни
30089,Закаленный в лаве боевой молот
30090,Миродробитель
30091,Поручи меткости преследователя
30092,Сапоги из шкуры косатки
30093,Большой молот земной кузни
30094,Тотем духов
30095,Клык левиафана
30096,Ремень Неуязвимости
30097,Кораллово-острые наплечные пластины
30098,Острочешуйчатый боевой плащ
30099,Изношенные узы утопленника
30100,Сапоги охотника за душами
30101,Жилет грабителя Кровавого моря
30102,Кираса Сердца Краккена
30103,Клык Вайш
30104,Сапоги выпада кобры
30105,Длинный лук Змеиного хребта
30106,Пояс Сотни Смертей
30107,Одежды Морской ведьмы
30108,Светосаженный скипетр
30109,Кольцо бесконечных изгибов
30110,Коралловое кольцо Возрожденных
30111,Мантия Рунического Тотема
30112,Знаменитые рукавицы Ниспадающего гребня
30113,Нагрудный доспех разрушителя
30114,Боевые рукавицы разрушителя
30115,Великий шлем Разрушителя
30116,Набедренники Разрушителя
30117,Наплечные щитки Разрушителя
30118,Кираса Разрушителя
30119,Рукавицы Разрушителя
30120,Боевой шлем Разрушителя
30121,Наголенники Разрушителя
30122,Наплечные лезвия Разрушителя
30123,Нагрудный доспех Хрустальной Кузницы
30124,Боевые рукавицы Хрустальной Кузницы
30125,Большой шлем Хрустальной Кузницы
30126,Набедренники Хрустальной Кузницы
30127,Наплечные щитки Хрустальной Кузницы
30129,Кираса Хрустальной Кузницы
30130,Рукавицы Хрустальной Кузницы
30131,Боевой шлем Хрустальной Кузницы
30132,Наголенники Хрустальной Кузницы
30133,Наплечные браслеты Хрустальной Кузницы
30134,Нагрудник Хрустальной Кузницы
30135,Перчатки Хрустальной Кузницы
30136,Великий шлем Хрустальной Кузницы
30137,Поножи Хрустальной Кузницы
30138,Наплечье Хрустальной Кузницы
30139,Хауберк следопыта ущелий
30140,Рукавицы следопыта ущелий
30141,Шлем следопыта ущелий
30142,Поножи следопыта ущелий
30143,Мантия следопыта ущелий
30144,Нагрудный доспех мантии смерти
30145,Боевые рукавицы мантии смерти
30146,Шлем мантии смерти
30148,Набедренники мантии смерти
30149,Наплечные пластины мантии смерти
30150,Одежды Аватары
30151,Перчатки Аватары
30152,Клобук аватары
30153,Брюки Аватары
30154,Мантия Аватары
30155,Батончик из мяса моллюска
30156,Рецепт: батончик из мяса моллюска
30157,Проклятый талисман
30158,Разбитая броня Морка
30159,Накидка Аватары
30160,Боевые рукавицы Аватары
30161,Капюшон Аватары
30162,Поножи Аватары
30163,Крылья Аватары
30164,Нагрудный доспех катаклизма
30165,Перчатки катаклизма
30166,Обруч Катаклизма
30167,Набедренники катаклизма
30168,Наплечные щитки катаклизма
30169,Нагрудник катаклизма
30170,Боевые перчатки катаклизма
30171,Головной убор катаклизма
30172,Поножи катаклизма
30173,Наплечные пластины катаклизма
30174,Пыльца с крыльев волшебных драконов
30175,Мазь Гор\'дрека
30177,Ствол Лесодрева Глубокорня
30183,Воронка Пустоты
30184,Хвост лютого волка клана Громоборцев
30185,Бригантина катаклизма
30186,Нарамник гладиатора из ткани Скверны
30187,Клобук гладиатора из ткани Скверны
30188,Боевые рукавицы гладиатора из ткани Скверны
30189,Рукавицы катаклизма
30190,Шлем катаклизма
30192,Ножные латы катаклизма
30194,Латные наплечники катаклизма
30196,Тирисфальские одеяния
30200,Облачение гладиатора из ткани Скверны
30201,Брюки гладиатора из ткани Скверны
30205,Тирисфальские перчатки
30206,Тирисфальский клобук
30207,Тирисфальские поножи
30210,Тирисфальская мантия
30211,Перчатки Осквернителя
30212,Капюшон осквернителя
30213,Поножи Осквернителя
30214,Одеяние Осквернителя
30215,Мантия Осквернителя
30216,Нагрудный доспех Нордрассила
30217,Перчатки Нордрассила
30218,Третьеразрядные наплечники младшего лаборанта
30219,Шлем Нордрассила
30220,Килт Жизни Нордрассила
30221,Жизненная мантия Нордрассила
30222,Бригантина Нордрассила
30223,Боевые перчатки Нордрассила
30224,Третьеразрядные перчатки младшего лаборанта
30225,Третьеразрядные наручи младшего лаборанта
30226,Изогнутый лук Элли
30227,Сюрикен Маккса Модель V
30228,Головной убор Нордрассила
30229,Грубый килт Нордрассила
30230,Грубая мантия Нордрассила
30231,Нагрудник Нордрассила
30232,Рукавицы Нордрассила
30233,Оголовье Нордрассила
30234,Килт Гнева Нордрассила
30235,Мантия Гнева Нордрассила
30236,Нагрудный доспех поверженного защитника
30237,Нагрудный доспех поверженного заступника
30238,Нагрудный доспех поверженного героя
30239,Перчатки поверженного Защитника
30240,Перчатки поверженного заступника
30241,Перчатки поверженного героя
30242,Шлем поверженного защитника
30243,Шлем поверженного заступника
30244,Шлем поверженного героя
30245,Поножи поверженного защитника
30246,Поножи поверженного заступника
30247,Поножи поверженного героя
30248,Наплечье поверженного Защитника
30249,Наплечье поверженного заступника
30250,Наплечье поверженного героя
30251,Уменьшающий порошок Рины
30252,Выкопанный жезл Энкаата
30253,Астральные перчатки
30254,Пояс Зефириона
30255,Нагрудный доспех Штормовой Вершины
30256,Штаны наару
30257,Шаттратские поножи
30258,Бригантина А\'дала
30259,Присутствие Ворен\'таля
30260,Амуниция Ворен\'таля
30262,Наплечные щитки трепа
30263,Крепкие сапоги инженера
30264,Перчатки инженера Зоны 52
30265,Наручи братства Заксис
30266,Сапоги братства Заксис
30267,Перчатки братства Заксис
30268,Поножи груды
30269,Глазная повязка астрального налетчика
30270,Очищенная кираса
30271,Шляпа Срединных земель
30272,Поножи заповедника
30273,Износостойкая экспедиционная обувь
30274,Поручи папы
30275,Наплечники МехТех
30276,Наследие семьи колесного мастера
30277,Вырывающая клыки лапа
30278,Воровской астральный клинок
30279,Мамашина страховка
30280,Выкройка: пояс взрыва
30281,Выкройка: пояс дальней дороги
30282,Выкройка: сапоги взрыва
30283,Выкройка: сапоги дальней дороги
30284,Вышитые сапоги Оди
30285,Пояс сыщика из МОЗГа
30286,Иномирное наплечье
30287,Мантия чародейского мастерства
30288,Перчатки кенарийского тюремщика
30289,Пояс кенарийского тюремщика
30290,Поножи концентрированной силы
30291,Наплечье астрального стража
30293,Небесное вдохновение
30294,Красная заостренная шляпа
30295,Экзотические шипастые наплечники
30296,Утерянная бригантина почитателя
30297,Венец призывателя звезд
30298,Мундир убийцы из Бездны
30299,Латные набедренники призывателя звезд
30300,Загадка Дабири
30301,Выкройка: пояс природной силы
30302,Выкройка: пояс глубокой тени
30303,Выкройка: пояс черного орла
30304,Выкройка: пояс сезона дождей
30305,Выкройка: сапоги природной милости
30306,Выкройка: сапоги непроглядной тьмы
30307,Выкройка: сапоги багрового ястреба
30308,Выкройка: сапоги урагана
30309,Пиво Камнеломов
30311,Астральный тесак
30312,Клинок Бесконечности
30313,Посох распыления
30314,Фазовый щит
30315,Кристалл дренетиста
30316,Сокрушитель
30317,Вселенский вдохновитель
30318,Длинный лук Края Пустоты
30319,Шип Пустоты
30320,Сверток шипов Пустоты
30321,Чертеж: пояс хранителя
30322,Чертеж: красный пояс битвы
30323,Чертеж: сапоги защитника
30324,Чертеж: сапоги красного хаоса
30326,Образцы крови костеглода
30327,Кровь костеглода
30328,Мундир наемного убийцы протектората
30329,Головной убор мясовода
30330,Латный пояс призывателя звезд
30331,Кушак прорицателя
30332,Свирепые поручи
30333,Наплеч протектората
30334,Латные высокие ботинки призывателя звезд
30335,Сапоги силы друидов
30336,Наручи хирурга
30337,Латный шлем протектората
30338,Плащ прорицателя
30339,Кольцо убийцы протектората
30340,Безделушка звездоубийцы
30341,Рукавицы мясовода
30342,Боевой пояс протектората
30343,Медальон Орды
30344,Медальон Орды
30345,Медальон Орды
30346,Медальон Орды
30348,Медальон Альянса
30349,Медальон Альянса
30350,Медальон Альянса
30351,Медальон Альянса
30352,Наручи разрушителя
30353,Бочонок забористого пойла Кровавого Молота
30354,Ультра-разуплотняющий захват
30355,Жареные клубни долины Призрачной Луны
30356,Клубни долины Призрачной Луны
30357,Корень здоровья Оронока
30358,Корень ловкости Оронока
30359,Корень силы Оронока
30360,Яйцо Урчаля
30361,Корень силы заклинаний Оронока
30362,Энергетический шлем
30363,Хорошо защищающий хауберк
30364,Резонирующий топор
30365,Перстень надзирателя
30366,Кольцо бури маны
30368,Туфли Верховной Жрицы
30369,Очищенное от скверны наплечье
30370,Рукавицы освобожденного охранника
30371,Ремень стража Света
30372,Сокретарский ремень
30373,Оплавленное Пустотой наплечье
30374,Наголенники силы заклинаний
30375,Рукавицы покорителя
30377,Медальон Каржи
30378,Оберег Талодиена
30379,Легкий панцирь воздаятеля
30380,Ремень потерянного охранника
30381,Наплеч Кайлаана
30382,Алдорские напульсники
30383,Пояс мудрости
30384,Наручи яркого рассвета
30386,Наголенники кровостража
30394,Клинок Ярости Солнца
30395,Кувалда мастера искажений
30396,Изукрашенная алебарда
30397,Арбалет главы шпионов
30398,Сапоги милосердия
30399,Накулачники ночного ловца
30400,Наручи Таделла
30401,Укрепленные фаралитом сапоги
30402,Наручи полевого агента
30404,Образец крови орков Кровавой Глазницы
30413,Клинок воздаятельницы Вуулины
30414,"Monster - Axe, 2H Gorehowl GROM HELLSCREAM ONLY"
30415,Щит воздаятельницы Вуулины
30416,Знамя клана Камнерогов
33225,Поводья резвого призрачного тигра
33226,Тыквовинские сладости
33228,Багровый мундир
33229,Дорожный мундир Морганта
33230,Поножи дальней дороги
33231,Огромный капюшон Каменного Молота
33232,Клобук подмастерья
33233,Перчатки с кобальтовыми нитями
33234,Морс из мороженой ягоды
33235,Эполеты подмастерья
33236,"Шипучий энергетический напиток \""Классик\"""
33237,Боевая портупея Брогга
33238,Мясо ворона
33239,Мундир болотного тюремщика
33240,Мундир землепряда племени зловещего тотема
33241,Масляные кожаные поножи
33242,Набедренники из шкуры ящера
33243,Убор рыскателя
33244,Убор странника
33245,Цветастый ремень Мрачника
33246,Рулет
33247,Наплеч быстрого ветра
33248,Гребневый наплечный щиток
33249,Сапоги рыскателя
33250,Накулачники лучника
33251,Окованный сталью хауберк
33252,Искристая чешуйчатая кираса
33253,Золотой шлем
33254,Ножка лесного долгонога
33255,Нержавеющий воинский пояс
33256,Починенные рукавицы борца
33257,Чешуйчатые болотные сапоги
33258,Защитные инженерные поножи
33259,Багровый барбют
33260,Заклятый плащ
33261,Плащ разрушителей
33262,Печать Морланн
33263,Кольцо ока хищника
33264,Светящееся турмалиновое кольцо
33265,Подвеска свирепости
33266,Книга адепта
33267,Шкуродер
33268,Костяной кортик
33269,Кинжал с самоцветами
33270,Меч моряка
33271,Лезвие боевого заклятия
33272,Кусачий топор
33273,Закаленный лук болотного леса
33274,Арбалет наемника
33277,Книга Томаса Томсона
33278,Горящий факел
33279,Ремень Железного бивня
33280,Боевая оперенная петля
33281,Брошь милости природы
33282,Рог призывателя драконов
33283,Аманийский палач
33284,Гьялербронский ключ от клетки
33285,Ярость медведеподобного
33286,Маска мастера амулетов
33287,Наплечье из сучковатого железного дерева
33289,Гьялербронский план нападения
33290,Большой гьялербронский ключ от клетки
33291,Сотканный вуду пояс
33292,Благословенный шлем
33293,Перстень древней магии
33296,Брошь проворства
33297,Колье дикаря
33298,Боевой клинок лесного хищника
33299,Наплеч адвоката
33300,Наплечные пластины танцующих клинков
33303,Боевые сапоги Крушителя черепов
33304,Плащ Порабощенной мощи
33305,Эскиз: сердце дона Хулио
33306,Поводья скаковых баранов
33307,Формула чар для оружия - палач
33308,Ключ от клетки Укротителей драконов
33309,Оплот безжалостного гладиатора
33310,Мачете сержанта
33311,Знак отличия командира Западной Стражи
33312,Сапфир маны
33313,Барьер безжалостного гладиатора
33314,Врайкульский свиток вознесения
33316,Фолиант Чародейской гениальности
33317,Одеяние усопших душ
33321,Факел сержанта
33322,Жилет из мерцающего голья
33323,Сигнальная ракета сержанта
33324,Ботфорты жизненного пути
33325,Трясун вуду
33326,Оплот аманийской империи
33327,Маска Самоанализа
33328,Стрелоотражающий нагрудный доспех
33329,Теневой тролльский кожаный панцирь
33330,Голова Ингвара
33331,Цепь Вырвавшейся Ярости
33332,Эмалевый диск колдунства
33333,Накидка надежды Хармы
33334,Фетиш изначальных богов
33335,Дымовая сигнальная ракета канонира
33336,Подзорная труба сержанта
33337,Гигантская ядовитая железа
33339,Врайкульский свиток вознесения
33340,Эмблема Заиндевевшего Копыта
33341,Подзорная труба Храбреца
33342,Мачете Храбреца
33343,Факел Храбреца
33344,Сигнальная ракета Храбреца
33345,Врайкульский свиток вознесения
33346,Врайкульский свиток вознесения
33347,Гьялербронский план нападения
33348,Пух пятнистого гиппогрифа
33349,Склянки с чумой
33350,Арт-проект Ледяной Скорби
33351,Неповрежденный бараний рог
33352,Жесткое баранье мясо
33354,Проклятый ведьминский клинок Ваба
33355,Табличка Драконьего Черепа
33356,Шлем естественной регенерации
33357,Сапоги безумия
33358,Потертый матерчатый пояс
33359,Потертые матерчатые сапоги
33360,Потертые матерчатые наручи
33361,Потертые матерчатые перчатки
33362,Потертые матерчатые штаны
33363,Потертые матерчатые наплечные пластины
33364,Потертый матерчатый жилет
33365,Заиндевелый матерчатый пояс
33366,Заиндевелые матерчатые сапоги
33367,Заиндевелые матерчатые наручи
33368,Заиндевелые матерчатые перчатки
33369,Заиндевелые матерчатые штаны
33370,Заиндевелый матерчатые наплечные пластины
33371,Заиндевелый матерчатый жилет
33372,Отделанная мехом броня
33373,Отделанный мехом пояс
33374,Отделанные мехом сапоги
33375,Отделанные мехом наручи
33376,Отделанные мехом перчатки
33377,Отделанные мехом штаны
33378,Отделанные мехом наплечные пластины
33379,Застывшая броня
33380,Застывший пояс
33381,Застывшие сапоги
33382,Застывшие наручи
33383,Застывшие перчатки
33384,Застывшие штаны
33385,Застывшие наплечные пластины
33386,Пояс Мэн-кин-до
33387,Сверток Глоренфелда
33388,Бессердечный
33389,Кинжал скверного колдунства
33390,Мерзлая кольчуга
33391,Мерзлый кольчужный пояс
33392,Мерзлые кольчужные сапоги
33393,Мерзлые кольчужные наручи
33394,Мерзлые кольчужные перчатки
33395,Мерзлые кольчужные штаны
33396,Мерзлые кольчужные наплечные пластины
33397,Хладная кольчуга
33398,Хладный кольчужный пояс
33399,Хладные кольчужные сапоги
33400,Хладные кольчужные наручи
33401,Хладные кольчужные перчатки
33402,Хладные кольчужные штаны
33403,Хладные кольчужные наплечные пластины
33404,Скованный льдом латный пояс
33405,Скованные льдом латные сапоги
33406,Скованные льдом латные наручи
33407,Скованный льдом латный нагрудник
33408,Скованные льдом латные перчатки
33409,Скованные льдом латные штаны
33410,Скованные льдом латные наплечные пластины
33411,Карта на шкуре дракона
33412,Заледеневший латный пояс
33413,Заледеневшие латные сапоги
33414,Заледеневшие латные наручи
33415,Заледеневший латный нагрудник
33416,Заледеневшие латные перчатки
33417,Заледеневшие латные штаны
33418,Чумная канистра Тиллингаста
33419,Заледеневшие латные наплечные пластины
33420,Образец плоти зачумленного детеныша протодракона
33421,Изношенный в бою клыкошлем
33422,Переломанный лук
33423,Покрытая инеем палица
33424,Треснувший железный посох
33425,Изъеденный морозом клинок
33426,Надколотый топор дровосека
33427,Обледеневшая винтовка
33428,Затупленный нож
33429,Ледяной колун
33430,Брошенный большой меч
33431,Ледодробилка
33432,Капюшон тропического ловца
33433,Хладный кольчужный венец
33434,Застывший кожаный шлем
33435,Заледеневший латный шлем
33436,Заиндевелая матерчатая шляпа
33437,Мерзлый кольчужный шлем
33438,Потертая шляпа
33439,Отделанный мехом кожаный шлем
33440,Скованный льдом латный шлем
33441,Зачумленное мясо Тилингаста
33443,Кислый козий сыр
33444,Едкая тюленья сыворотка
33445,Мятный чай с медом
33446,Ремень надежды Стромгарда
33447,Рунический флакон с лечебным зельем
33448,Рунический флакон с зельем маны
33449,Хрустящая лепешка
33450,Вырезанный рог
33451,Филе ледоспина
33452,Лишайник с медом
33453,Капюшон проклятий
33454,Соленая оленина
33455,Призовой купон Хмельного фестиваля
33457,Свиток ловкости VI
33458,Свиток интеллекта VI
33459,Свиток защиты VI
33460,Свиток духа VI
33461,Свиток выносливости VI
33462,Свиток силы VI
33463,Капюшон третьего глаза
33464,Вудуистское наплечье Лорда-колдуна
33465,Посох изначального неистовства
33466,Петля Проклятых Костей
33467,Клинок искаженных видений
33468,Темное благословение
33469,Хауберк защитника империи
33470,Ледяная ткань
33471,Дважды подбитые сандалии
33472,Факел Горта
33473,Нагрудный доспех Вождя
33474,Древний длинный лук Амани
33475,Ледяная Скорбь
33476,Колун непрощения
33477,Завтрак гигантского йети
33478,"Джин\'рок, Великий Апокалипсис"
33479,Большой шлем Мрачноухмыла
33480,Шнурованный ремень из сплетенных трольих волос
33481,Наплечье Каменной решимости
33482,Сапоги выпада кобры
33483,Пояс шага жизни
33484,Облачение Дори
33485,Священный артефакт
33486,Ошейник чумного пса
33487,Пойманный зверек
33488,Военные планы клана Укротителей драконов
33489,Мантия дурного намерения
33490,Посох исцеления тьмой
33491,Бивнелом
33492,Троллебой
33493,Мрачный нож
33494,Аманийский пророческий посох
33495,Гнев
33496,Перстень Первобытной ярости
33497,Кольцо созвучия маны
33498,Перстень Тихого Леса
33499,Перстень последнего поборника
33500,Перстень вечной жизни
33501,Наголенники кровавой жажды
33502,Манускрипт лечения
33503,Манускрипт божественного правосудия
33504,Манускрипт божественного замысла
33505,Тотем живой воды
33506,Тотем Зова небес
33507,Тотем Камнеломов
33508,Идол Расцветающей Жизни
33509,Идол ужаса
33510,Идол Невидимой луны
33512,Захваты Яростной смерти
33513,Этерниевые оковы гнева
33514,Наплечье Жестокой судьбы
33515,Стойкие набедренники
33516,Наручи древнего строя
33517,Рукавицы Костяного кулака
33518,Ножные латы высшего вершителя правосудия
33519,Боевые рукавицы храмовника
33520,Тяжелые наручи наару
33522,Нагрудный доспех мужественного стража
33523,Башмаки праведного поборника
33524,Ремень Охранителя
33527,Изменчивые маскирующие штаны
33528,Рукавицы снайперской стрельбы
33529,Наручи Неизменности
33530,Поножи Естественной жизни
33531,Полированные водночешуйчатые перчатки
33532,Блестящие наручи земли
33533,Лавинные поножи
33534,Захваты Гнева природы
33535,Наручи землетрясения
33536,Бурепояс
33537,Ботфорты громовых раскатов
33538,Брюки неглубокой могилы
33539,Липкие пальцы фокусника
33540,Напульсники мастера-асассина
33541,Дворфийский бочонок
33545,Древняя тайнопись
33546,Зловещий клык
33547,Загрубевший коготь
33548,Мерзлое копыто
33549,Прочный хвостовой волос
33550,Толстый панцирь
33551,Бритвенно-острая клешня
33552,Штаны удивительного исцеления
33553,Зазубренная клешня
33554,Костяная пила Грика
33555,Бронированый панцирь
33556,Кусок жемчужной раковины
33557,Наручи мирной дремы Гаргона
33558,Мозг спятившего исследователя
33559,Боевой пояс Звездного огня
33560,Огромная челюсть
33561,Загрубевший плавник
33562,Громадная челюсть
33563,Знамя Отрекшихся
33566,Благословенные элунитовые покрывала
33567,Обрывки борейской кожи
33568,Борейская кожа
33569,Колючий клык
33571,Разрывающий коготь
33575,Обледеневший коготь
33576,Корявый рог
33577,Луноходы
33578,Наручи защитника калдорай
33579,Одежды Спячки
33580,Кольцо мягких лап
33581,Врайкульское оскорбление
33582,Обмотки Глубинного вторжения
33583,Воинский пояс Великого зверя
33584,Кюлоты чародейского истребления
33585,Неокрашенные брюки наару
33586,Наручи ученого
33587,Благословенные Светом узы
33588,Рунические чароманжеты
33589,Накулачники спокойного рассуждения
33590,Плащ бесов
33591,Пелерина Темного чародея
33592,Плащ Древних Ритуалов
33593,Умиротворяющий плащ Сликка
33599,Образец крови укротителя драконов
33604,Чумострел
33605,Ледяное ядро
33606,Подвеска Луриэль
33607,Зачарованное сердце льда
33610,Сердце косматого вепря
33611,Жила черпорога
33612,Килограмм свежего мяса
33613,Набор для создания поганища
33614,Пустой аптекарский флакон
33615,Флакон крови врайкула
33616,Нестабильная смесь
33617,Равномерная смесь
33618,Личина ворга
33619,Выжимка Лисандера
33620,Сверток аптекаря
33621,Распылитель чумы
33622,Эскиз: алмаз жестокой земной бури
33627,Особая смесь Пеппи
33628,Северная рыба-шип
33629,Обмерзшая паутинная железа
33630,Мерзлый клык
33631,Обмерзший коготь
33632,Обледеневший клык
33634,Верные бомбы Рудомолота
33635,Мешочек с реагентами
33637,Курильница
33638,Рунический хрусталь
33639,Светящийся рунический камень
33640,Неистовство
33661,Барьер мстительного гладиатора
33662,Костолом мстительного гладиатора
33663,Костомол мстительного гладиатора
33664,Плетеный доспех мстительного гладиатора
33665,Плетеные рукавицы мстительного гладиатора
33666,Плетеный шлем мстительного гладиатора
33667,Плетеные поножи мстительного гладиатора
33668,Плетеный наплеч мстительного гладиатора
33669,Колун мстительного гладиатора
33670,Лабрисса мстительного гладиатора
33671,Перчатки мстительного гладиатора из драконьей шкуры
33672,Шлем мстительного гладиатора из драконьей шкуры
33673,Набедренники мстительного гладиатора из драконьей шкуры
33674,Наплеч мстительного гладиатора из драконьей шкуры
33675,Мундир мстительного гладиатора из драконьей шкуры
33676,Перчатки мстительного гладиатора из ткани ужаса
33677,Капюшон мстительного гладиатора из ткани ужаса
33678,Поножи мстительного гладиатора из ткани ужаса
33679,Мантия мстительного гладиатора из ткани ужаса
33680,Одеяние мстительного гладиатора из ткани ужаса
33681,Эндшпиль мстительного гладиатора
33682,Нарамник мстительного гладиатора из ткани Скверны
33683,Клобук мстительного гладиатора из ткани Скверны
33684,Боевые рукавицы мстительного гладиатора из ткани Скверны
33685,Облачение мстительного гладиатора из ткани Скверны
33686,Брюки мстительного гладиатора из ткани Скверны
33687,Молоток мстительного гладиатора
33688,Большой меч мстительного гладиатора
33689,Крушитель мстительного гладиатора
33690,Перчатки мстительного гладиатора из шкуры кодо
33691,Шлем мстительного гладиатора из шкуры кодо
33692,Набедренники мстительного гладиатора из шкуры кодо
33693,Наплеч мстительного гладиатора из шкуры кодо
33694,Мундир мстительного гладиатора из шкуры кодо
33695,Ламеллярный нагрудник мстительного гладиатора
33696,Ламеллярные рукавицы мстительного гладиатора
33697,Ламеллярный шлем мстительного гладиатора
33698,Ламеллярные набедренники мстительного гладиатора
33699,Ламеллярные наплечники мстительного гладиатора
33700,Кожаные перчатки мстительного гладиатора
33701,Кожаный шлем мстительного гладиатора
33702,Кожаные набедренники мстительного гладиатора
33703,Кожаный наплеч мстительного гладиатора
33704,Кожаный мундир мстительного гладиатора
33705,Левый потрошитель мстительного гладиатора
33706,Клепаный доспех мстительного гладиатора
33707,Клепаные рукавицы мстительного гладиатора
33708,Клепаный шлем мстительного гладиатора
33709,Клепаные поножи мстительного гладиатора
33710,Клепаный наплеч мстительного гладиатора
33711,Кольчужный доспех мстительного гладиатора
33712,Кольчужные рукавицы мстительного гладиатора
33713,Кольчужный шлем мстительного гладиатора
33714,Кольчужные поножи мстительного гладиатора
33715,Кольчужный наплеч мстительного гладиатора
33716,Посох мстительного гладиатора
33717,Перчатки мстительного гладиатора из луноткани
33718,Капюшон мстительного гладиатора из луноткани
33719,Поножи мстительного гладиатора из луноткани
33720,Мантия мстительного гладиатора из луноткани
33721,Одеяние мстительного гладиатора из луноткани
33722,Украшенный нагрудный доспех мстительного гладиатора
33723,Украшенные перчатки мстительного гладиатора
33724,Украшенный шлем мстительного гладиатора
33725,Украшенные ножные латы мстительного гладиатора
33726,Украшенный наплеч мстительного гладиатора
33727,Зазубренная глефа мстительного гладиатора
33728,Латный нагрудник мстительного гладиатора
33729,Латные рукавицы мстительного гладиатора
33730,Латный шлем мстительного гладиатора
33731,Латные набедренники мстительного гладиатора
33732,Латные наплечники мстительного гладиатора
33733,Пробойник мстительного гладиатора
33734,Быстрый клинок мстительного гладиатора
33735,Оплот мстительного гладиатора
33736,Отсрочка мстительного гладиатора
33737,Правый потрошитель мстительного гладиатора
33738,Кольчатый доспех мстительного гладиатора
33739,Кольчатые рукавицы мстительного гладиатора
33740,Кольчатый шлем мстительного гладиатора
33741,Кольчатые поножи мстительного гладиатора
33742,Кольчатый наплеч мстительного гладиатора
33743,Спасение мстительного гладиатора
33744,Атласные перчатки мстительного гладиатора
33745,Атласный капюшон мстительного гладиатора
33746,Атласные поножи мстительного гладиатора
33747,Атласная мантия мстительного гладиатора
33748,Атласное одеяние мстительного гладиатора
33749,Чешуйчатый нагрудник мстительного гладиатора
33750,Чешуйчатые рукавицы мстительного гладиатора
33751,Чешуйчатый шлем мстительного гладиатора
33752,Чешуйчатые набедренники мстительного гладиатора
33753,Чешуйчатые наплечники мстительного гладиатора
33754,Заточка мстительного гладиатора
33755,Осадный щит мстительного гладиатора
33756,Нож мстительного гладиатора
33757,Шелковый нарамник мстительного гладиатора
33758,Шелковый клобук мстительного гладиатора
33759,Шелковые боевые рукавицы мстительного гладиатора
33760,Шелковое облачение мстительного гладиатора
33761,Шелковые брюки мстительного гладиатора
33762,Тесак мстительного гладиатора
33763,Чародейский клинок мстительного гладиатора
33764,Касание поражения мстительного гладиатора
33765,Боевое лезвие мстительного гладиатора
33766,Воинский посох мстительного гладиатора
33767,Перчатки мстительного гладиатора из шкуры змея
33768,Шлем мстительного гладиатора из шкуры змея
33769,Набедренники мстительного гладиатора из шкуры змея
33770,Наплеч мстительного гладиатора из шкуры змея
33771,Мундир мстительного гладиатора из шкуры змея
33774,Курильница
33778,Книга Рун - Глава 1
33779,Книга Рун - Глава 2
33780,Книга Рун - Глава 3
33781,Книга Рун
33782,Неизменный талассит
33783,Эскиз: неизменный талассит
33784,Фрагмент темной руны
33791,Тяжелый медный длинный меч
33792,Чертеж: тяжелый медный длинный меч
33794,Резной инструмент дворфов Железной Руны
33796,Руна подчинения
33797,Переносной холодильник для пива
33801,Расчленитель мстительного гладиатора
33803,Адамантитовое жало
33804,Чертеж: изготовитель адамантитовых стрел
33805,Ботфорты тенеохотника
33806,Кирка поиска рун
33808,Шлем Всадника
33809,Аманийский боевой медведь
33810,Аманийская маска смерти
33811,Латный пояс воздаятеля
33812,Латные наголенники воздаятеля
33813,Латные наручи воздаятеля
33814,Украшенный перьями посох Келидана
33815,Печать Острорука
33816,Ведро с Зубастиком
33818,Ведро со смердыхом
33819,Рунический образец
33820,Видавшая виды рыболовная шапка
33821,Сердце Зыбуна
33823,Зубатка афиохаракс
33824,Серпохвостая рыба-череп
33825,Суп из рыбы-черепа
33826,Яйцо Черной Охотницы
33827,Трактат полководца
33828,Фолиант Дьявольского лекарства
33829,Усохшая проклятая голова
33830,Древний акирский артефакт
33831,Зов берсерка
33832,Решимость военачальника
33833,Ездовой хлыст Назана
33834,Головные перья Айкисса
33835,Чудесный амулет Шаффара
33836,Самоцвет души экзарха
33837,Котелок
33838,Крыло гигантской совы-калири
33839,Похлебка из калири
33840,Шепот Бормотуна
33841,Идол упорства мстительного гладиатора
33842,Манускрипт правосудия мстительного гладиатора
33843,Тотем третьего ветра мстительного гладиатора
33844,Бочка с рыбой
33846,Испорченная рыболовная сеть
33847,Голова Охотника Вечности
33848,Невероятная демоническая похлебка
33849,Манаягода
33850,Суп предков
33851,Котелок
33852,Котелок
33853,Кольцо господства воздаятеля
33854,Непонятно чей глаз
33855,Потускневшее серебряное кольцо
33856,Список товаров
33857,Ящик мяса
33858,Песочные часы Эонуса
33859,Отросток Узлодревеня
33860,Проектор Паталеона
33861,Свиток Скайрисса
33862,Регалии Хмельного фестиваля
33863,Платье Хмельного фестиваля
33864,Коричневая шляпа Хмельного фестиваля
33865,Колдовская палочка Амани
33866,Буреветчина
33867,Зажаренный на открытом огне афиохаракс
33868,Сапоги Хмельного фестиваля
33869,Рецепт: зажаренный на открытом огне афиохаракс
33870,Рецепт: суп из рыбы-черепа
33871,Рецепт: буреветчина
33872,Острый стейк из талбука
33873,Рецепт: острый стейк из талбука
33874,"\""Кит и кот\"""
33875,"Рецепт: \""Кит и кот\"""
33876,Плетеные наручи воздаятеля
33877,Плетеный ремень воздаятеля
33878,Плетеные башмаки воздаятеля
33879,Пояс воздаятеля из драконьей шкуры
33880,Сапоги воздаятеля из драконьей шкуры
33881,Наручи воздаятеля из драконьей шкуры
33882,Пояс воздаятеля из ткани ужаса
33883,Манжеты воздаятеля из ткани ужаса
33884,Ботфорты воздаятеля из ткани ужаса
33885,Пояс воздаятеля из шкуры кодо
33886,Сапоги воздаятеля из шкуры кодо
33887,Наручи воздаятеля из шкуры кодо
33888,Ламеллярный пояс воздаятеля
33889,Ламеллярные наручи воздаятеля
33890,Ламеллярные наголенники воздаятеля
33891,Кожаный пояс воздаятеля
33892,Кожаные сапоги воздаятеля
33893,Кожаные наручи воздаятеля
33894,Клепаные наручи воздаятеля
33895,Клепаный ремень воздаятеля
33896,Клепаные башмаки воздаятеля
33897,Кольчужные наручи воздаятеля
33898,Кольчужный ремень воздаятеля
33899,Кольчужные башмаки воздаятеля
33900,Пояс воздаятеля из луноткани
33901,Манжеты воздаятеля из луноткани
33902,Туфли воздаятеля из луноткани
33903,Украшенный пояс воздаятеля
33904,Украшенные наручи воздаятеля
33905,Украшенные наголенники воздаятеля
33906,Кольчатые наручи воздаятеля
33907,Кольчатый ремень воздаятеля
33908,Кольчатые башмаки воздаятеля
33909,Чешуйчатый пояс воздаятеля
33910,Чешуйчатые наручи воздаятеля
33911,Чешуйчатые наголенники воздаятеля
33912,Шелковый пояс воздаятеля
33913,Шелковые манжеты воздаятеля
33914,Прочные шелковые ботинки воздаятеля
33915,Пояс воздаятеля из шкуры змея
33916,Сапоги воздаятеля из шкуры змея
33917,Наручи воздаятеля из шкуры змея
33918,Кольцо спасения воздаятеля
33919,Кольцо триумфа воздаятеля
33920,Подвеска завоеваний воздаятеля
33921,Подвеска господства воздаятеля
33922,Подвеска спасения воздаятеля
33923,Подвеска триумфа воздаятеля
33924,Вкусный шоколадный торт
33925,Рецепт: вкусный шоколадный торт
33926,Запечатанный контейнер со свитками
33927,Небольшой бочонок
33928,Сосуд из полой кости
33929,Отменное пивко
33930,Оберег Кровопускателя Амани
33931,Оберег Могучего волшебства Амани
33932,Целительский оберег Амани
33933,Оберег Яростного защитника Амани
33934,Хрустальный флакон с лечебным зельем
33935,Хрустальный флакон с зельем маны
33936,Манускрипт стойкости гладиатора
33937,Манускрипт стойкости безжалостного гладиатора
33938,Манускрипт стойкости мстительного гладиатора
33939,Тотем неукротимости гладиатора
33940,Тотем неукротимости безжалостного гладиатора
33941,Тотем неукротимости мстительного гладиатора
33942,Идол непреклонности гладиатора
33943,Идол непреклонности безжалостного гладиатора
33944,Идол непреклонности мстительного гладиатора
33945,Идол решимости гладиатора
33946,Идол решимости безжалостного гладиатора
33947,Идол решимости мстительного гладиатора
33948,Манускрипт отмщения гладиатора
33949,Манускрипт отмщения безжалостного гладиатора
33950,Манускрипт отмщения мстительного гладиатора
33951,Тотем выживания гладиатора
33952,Тотем выживания безжалостного гладиатора
33953,Тотем выживания мстительного гладиатора
33954,Чертеж: молот праведной мощи
33955,Купон на получение кружки Хмельного фестиваля
33956,Светлый эль с островов Эха
33957,Ведьмино кольцо
33959,Кольцо довольства вурдалака
33960,Пульт управления смертоносным кристаллом
33961,Устройство Плети
33962,Устройство Плети
33964,Шлем Зовущего бурю
33965,Хауберк яростных стихий
33966,Туфли Хмельного фестиваля
33967,Зеленая шляпа Хмельного фестиваля
33968,Синяя шляпа Хмельного фестиваля
33969,Лиловая шляпа Хмельного фестиваля
33970,Наплечье Яростных стихий
33971,Прочные элунитовые поножи
33972,Маска изначальной силы
33973,Наплечье Племенной ярости
33974,Напоясник лунного совуха
33976,Баран Хмельного фестиваля
33977,Стремительный баран Хмельного фестиваля
33978,"Штамп \""Почетный пивовар\"""
33985,Мрачная свеча
33987,Кольцо Индаламара: +200 к критическому урону от заклинаний
33993,Моджо
33997,Кольцо Индаламара - 400 к силе атаки
33999,Кенарийский боевой гиппогриф
34000,Маска эльфийки крови
34001,Женская маска дренея
34002,Маска эльфа крови
34003,Мужская маска дренея
34008,Улучшающие зрение романтические очки Бликса
34009,Молот правосудия
34010,Накидка умиротворения Пепе
34011,Рунический щит Иллидари
34012,Накидка последней битвы
34013,Приманка из свежей рыбы-шипа
34014,Секира мстительного гладиатора
34015,Секач мстительного гладиатора
34016,Леворежущий воздаятель мстительного гладиатора
34017,"Пиво \""Не спеша\"""
34018,"Пиво \""Дальний путь\"""
34019,"\""Путь Пивовара\"""
34020,Речная вода из джунглей
34021,"\""Магия пива\"""
34022,Забористый портер
34023,Пустой аптекарский флакон
34024,Флакон крови врайкула
34025,Clayton\'s Test Item
34026,Оперенный амулет
34027,Глаза орлицы
34028,"Штамп \""Почетный пивовар\"""
34029,Крошечная маска вуду
34030,Clayton\'s Test Item Two
34031,Инструкция по пользованию гарпуном
34032,Механизм управления гарпуном
34033,Гримуар мстительного гладиатора
34035,Трезубец Гниложабера
34040,"\""Сага о близнецах\"""
34041,"\""Сага о проклятии зимы\"""
34042,"\""Сага о валькирии\"""
34043,Древняя кость врайкула
34044,Мяч
34049,Отвага военачальника
34050,Настойчивость военачальника
34051,Флаг Альянса
34052,Осколок грез
34053,Малый осколок грез
34054,Абсолютная пыль
34055,Великая космическая субстанция
34056,Простая космическая субстанция
34057,Кристалл Пропасти
34059,Светящийся жезл мстительного гладиатора
34060,Управление ветролетом
34061,Управление турбоветролетом
34062,Сотворенный бисквит из маны
34063,Вяленая колбаска
34064,Сочная колбаска
34065,Острый луковый сыр
34066,Пронзающее прикосновение мстительного гладиатора
34067,Потрепанный мешок из проклятой ткани
34068,Утяжеленный фонарь из тыквы
34069,Аманийская ваза
34070,Статуэтка орла
34073,Перстень-печатка Всадника
34074,Ведьмино кольцо
34075,Кольцо довольства вурдалака
34076,Рыбий желчный пузырь
34077,Грубо завернутый подарок
34078,Пульт управления гарпуном Ледяного Молота
34081,Вальгардский ящик с припасами
34082,Шлем водолаза
34083,Жезл пробуждения
34084,Медвежья мускусная железа
34085,Красные зимние одежды
34086,Зимние сапоги
34087,Зеленые зимние одежды
34088,Узелок Максорфа
34089,Стишок Алисии
34090,Записи Мезхена
34091,Записи Мезхена
34092,Безжалостный дракон Пустоты
34099,Подсумок из узловатой кожи
34100,Колчан из узловатой кожи
34101,Рог химеры
34102,Фьордский червь
34105,Колчан тысячи оперений
34106,Подсумок из чешуи дракона Пустоты
34107,Потрепанные наплечные пластины
34109,Истрепанный журнал
34111,Обученный скальный сокол
34112,Фьордовая индейка
34113,Полевой ремонтный робот 110G
34114,Схема: полевой ремонтный робот 110G
34115,"Долг Гарри \""Луносвета\"""
34116,Долг Джека Адамса
34118,Сокровище Блэка Конрада
34119,Сокровище Блэка Конрада
34120,Ястреб фьорда
34121,Обученный скальный сокол
34122,Сальник Большого Роя
34123,Яйцо ястреба фьорда
34124,Обученный скальный сокол
34125,Суп из черпорога
34126,Рецепт: суп из черпорога
34127,Вкусная рифовая рыба
34128,Подзорная труба Ионы Стерлинга
34129,Стремительный боевой крылобег
34130,Эликсир восстановления пловца
34131,Строительный инструмент
34132,Письмо Донни
34133,Большая бочка
34134,Крепкий промышленный канат
34135,Слитки черного железа
34136,Безупречная шкура черпорога
34137,Стальной каркас
34138,Зачарованный белый жезл
34139,Зачарованный багровый жезл
34140,Кружка Черного Железа
34141,Бочонок эля Черного Железа
34142,Абсолютная сфера
34143,Всецветная сфера
34144,Ветвь разрушения
34145,Жезл сокрушения
34146,Красная смерть
34147,Серебристый жезл
34148,Очищенный серебристый жезл
34149,Жезл света
34157,Голова Кель\'таса
34158,Гербовая накидка команды А
34160,Перстень-печатка принца Кель\'таса
34162,Порочность военачальника
34163,Жестокость военачальника
34164,"Длинный меч, украшенный драконьей чешуей"
34165,Клык Калесгоса
34166,Кольцо сияющих лучей
34167,Священные ножные латы слепого поклонения
34168,Набедренники звездного охотника
34169,Брюки природной ярости
34170,Кюлоты затишья в бою
34171,Зимний портрет
34172,Выкройка: барабаны скорости
34173,Выкройка: барабаны скорости
34174,Выкройка: барабаны восстановления
34175,Выкройка: барабаны восстановления
34176,Власть Горя
34177,Шнурок гибели
34178,Ошейник властителя преисподней
34179,Сердце Бездны
34180,Ножные латы ярости Скверны
34181,Поножи бедствия
34182,Магистерский посох ливневых потоков
34183,Погибель Хребтоскверна
34184,Брошь высокорожденных
34185,Оплот крушителя мечей
34186,Клепаные кольчужные поножи яростной бури
34187,Драконий череп
34188,Поножи вечной ночи
34189,Кольцо упоения смертью
34190,Накидка алого самоцвета
34191,Горсть снежинок
34192,Наплечье настойчивости
34193,Наплеч Талассийского Спасителя
34194,Оплечье Золотого леса
34195,Наплечные пластины горячности
34196,Золотой лук Кель\'Таласа
34197,Нож кровопускания
34198,Посох первобытных инстинктов
34199,Молоток Архона
34200,Выкройка: колчан тысячи оперений
34201,Выкройка: подсумок из чешуи дракона Пустоты
34202,Наплечная накидка изумления
34203,Хватка Маннорота
34204,Амулет безудержной магии
34205,Накидка искупления души
34206,Книга гимнов высокорожденных
34207,Упрочнения для перчаток
34208,Эполеты равновесия
34209,Наплеч освоения
34210,Амикт созывающего
34211,Куртка основного инстинкта
34212,Жилет солнечного сияния
34213,Кольцо твердой решимости
34214,Мурамаса
34215,Нагрудный доспех безрассудной ярости
34216,Нагрудный доспех героического ревнителя
34218,Выкройка: подсумок из чешуи дракона Пустоты
34219,Armor Test Item
34220,Хаотический алмаз небесного огня
34221,Эскиз: хаотический алмаз небесного огня
34222,Улика Фенгира
34223,Улика Родина
34224,Улика Исулдофа
34225,Улика Ветрана
34226,Узелок Орфуса
34227,Рука мертвеца
34228,Хауберк злобного долгонога
34229,Облачение безмятежных берегов
34230,Кольцо всемогущества
34231,Эгида ангельского удела
34232,Одеяния темного завоевателя
34233,Одеяния неверного света
34234,Затемненные перчатки пароксизма
34235,Гадальный шар син\'дорай
34236,Посох Неистовства Бури
34237,Ледяное сердце Исулдофа
34238,Щит Эсиритса
34239,Древняя броня Квалдира
34240,Рукавицы душевного умиротворения
34241,Плащ смертного греха
34242,Потрепанная накидка Антонидаса
34243,Шлем обжигающей праведности
34244,Маска Двуличия
34245,Покров Урсола Мудрого
34246,Контрабандный контейнер с маной
34247,Аполион Проявитель Душ
34248,Синхронизатор Баш\'ира
34249,Кукла-танцовщица
34253,Раскаленные угли
34254,Корень острого шипа
34255,Железа острошипа-живодера
34256,Зачарованный самоцвет Амани
34257,Конденсатор Скверны
34258,Романтический фейерверк
34259,Кровь демонов
34261,Выкройка: зеленые зимние одежды
34262,Выкройка: зимние сапоги
34319,Выкройка: красные зимние одежды
34329,Крест Апокалипсиса
34330,Накладки из толстой узловатой кожи
34331,Рука Искусителя
34332,Клобук Гул\'дана
34333,Капюшон Аллерии
34334,"Тори\'дал, Звeздная Ярость"
34335,Молот посвящения
34336,Солнечное сияние
34337,Син\'дорайский золотой посох
34338,Клочки маны
34339,Клобук чистейшего света
34340,Бармица Темного кудесника
34341,Боевые захваты Приграничья
34342,Боевые рукавицы рассвета
34343,Кольчужные рукавицы талассийского следопыта
34344,Боевые рукавицы оскверненных миров
34345,Корона Анастериана
34346,Длань Отмщения
34347,Жезл демонической души
34348,Жезл очищающего света
34349,Лезвие течения жизни
34350,Рукавицы предков Призрачной Луны
34351,Повязки спокойного величия
34352,Захваты пограничной крепости
34353,Очки квадрисмертельного удара X44
34354,Проекционные очки резни
34355,Иссеченные молниями очки
34356,Очки верного удара модель 3.0
34357,Очки из закаленного кория
34358,Колье из закаленного кория
34359,Подвеска солнечного огня
34360,Амулет бьющего ключа
34361,Кольцо из закаленного кория
34362,Кольцо скованной мощи
34363,Кольцо бьющего ключа
34364,Одеяние солнечного огня
34365,Одеяние вечного света
34366,Повязки солнечного огня
34367,Перчатки вечного света
34368,Настроенные кристаллы-сердечники
34369,Панцирь Солнца и Тени
34370,Перчатки вечного сумрака
34371,Кожаный нагрудный доспех солнца
34372,Кожаные рукавицы Солнца
34373,Облачение Феникса
34374,Стрелецкие перчатки Феникса
34375,Пронизанный солнцем нагрудный доспех
34376,Пронизанные солнцем чешуйчатые перчатки
34377,Боевой доспех из закаленного кория
34378,Кулачные перчатки из закаленного кория
34379,Кираса солнечного благословения
34380,Рукавицы солнечного благословения
34381,Ножные латы силы Скверны
34382,Набедренники ревнителя
34383,Килт духовного возрождения
34384,Брюки врожденного величия
34385,Поножи бессмертного зверя
34386,Кюлоты разгорающейся вражды
34387,Бочка с порохом
34388,Наплечье боевого исступления
34389,Наплеч талассийского защитника
34390,Эполеты внезапности
34391,Наплеч сокрушения
34392,Наплечные пластины демонова зуба
34393,Наплечные пластины поиска знания
34394,Кираса отвращения к боли
34395,Нагрудный доспех благородного ревнителя
34396,Облачения опасного побережья
34397,Лезвийный мундир Хаоса
34398,Идеальный мундир Элуны
34399,Одеяния глубокой ненависти
34400,Корона Датремара
34401,Шлем твердости Утера
34402,Капюшон вождя Нер\'зула
34403,Убор Урсока Могущественного
34404,Маска яростного охотника
34405,Шлем чистоты тайного знания
34406,Перчатки могущества Тири
34407,Повязки спокойного лунного света
34408,Перчатки лесного скитальца
34409,Рукавицы предка Северного Волка
34410,Праздничная ветчина в меду
34411,Горячий яблочный сидр
34412,Газированный яблочный сидр
34413,Рецепт: горячий яблочный сидр
34414,Знамя Расколотого Солнца
34415,Щит из осколка кристалина
34416,Перчатки дюн
34417,Повязки мародера
34418,Жезл прозрения
34419,Летающий ториевый клинок
34420,Захваченный свиток Легиона
34421,Ботфорты пещерного краба
34422,Закаленные ториевые сапоги
34423,Сила великого вождя
34424,Мощь великого вождя
34425,Заводной ракетобот
34426,Подарок к Зимнему Покрову
34427,Почерневшая лента наару
34428,Стальная лента наару
34429,Переливчатая лента наару
34430,Мерцающая лента наару
34431,Поручи Светоносного
34432,Наручи Светоносного
34433,Накулачники Светоносного
34434,Наручи отпущения грехов
34435,Манжеты отпущения грехов
34436,Наручи пагубы
34437,Поручи Небокрушителя
34438,Наручи Небокрушителя
34439,Накулачники Небокрушителя
34440,Зелье безумного алхимика
34441,Наручи натиска
34442,Накулачники натиска
34443,Наручи охотника на гроннов
34444,Накулачники Громового Сердца
34445,Наручи громового сердца
34446,Поручи Громового Сердца
34447,Наручи урагана
34448,Наручи убийцы
34468,Сокровища Сорлофа
34469,Странная деталь мотора
34470,Фокусирующий кристалл Тимбала
34471,Флакон воды из Солнечного Колодца
34472,Осколок презрения
34473,Рекомендация Кель\'таса
34474,Странная деталь мотора
34475,Чародейские заряды
34476,Сломанная деталь мотора
34477,Ключ от сундука клана Черноспинов
34478,Маленький спороскат
34479,Железная руда Черноспинов
34480,Корзинка для романтического пикника
34482,Сумка кожевника
34483,Сфера контроля мурлока
34484,Старый сталезуб
34485,Ремень Светоносного
34486,Старый хитрюга
34487,Пояс Светоносного
34488,Воинский пояс Светоносного
34489,Горящее масло
34490,Сумка множества шкур
34491,Выкройка: сумка множества шкур
34492,Турбоцыпленок
34493,Воздушный змей в виде дракона
34494,Бумажный дирижабль
34497,Бумажный ветролет
34498,Набор бумажного дирижабля
34499,Складной бумажный ветролет
34500,Оружие Ата\'мала
34501,Очищенный металл Ата\'мала
34502,Кровяника
34504,Станок для адамантитовых патронов
34518,Монетка золотого поросенка
34519,Серебряная монетка Свиньи
34527,Пояс отпущения грехов
34528,Шнурованный ремень отпущения грехов
34529,Длинный лук мстительного гладиатора
34530,Винтовка мстительного гладиатора
34533,Кристалл звездочета
34535,Лазурный дракончик
34537,Эликсир из кровяники
34538,Эмульсия благословенного оружия
34539,Эмульсия праведного оружия
34540,Боевой посох мстительного гладиатора
34541,Пояс пагубы
34542,Шнурованный ремень Небокрушителя
34543,Пояс Небокрушителя
34544,Сущность Бессмертных
34545,Ремень Небокрушителя
34546,Тесьма натиска
34547,Воинский пояс натиска
34548,Запасы Расколотого Солнца
34549,Пояс охотника на гроннов
34554,Пояс Громового Сердца
34555,Шнурованный ремень Громового Сердца
34556,Воинский пояс Громового Сердца
34557,Пояс урагана
34558,Пояс убийцы
34559,Кованые сапоги Светоносного
34560,Высокие ботинки Светоносного
34561,Сапоги Светоносного
34562,Сапоги отпущения грехов
34563,Ботфорты отпущения грехов
34564,Сапоги пагубы
34565,Сапоги Небокрушителя
34566,Ботфорты Небокрушителя
34567,Наголенники Небокрушителя
34568,Сапоги натиска
34569,Кованые сапоги натиска
34570,Сапоги охотника на гроннов
34571,Сапоги Громового Сердца
34572,Обмотки Громового Сердца
34573,Ботфорты Громового Сердца
34574,Сапоги урагана
34575,Сапоги убийцы
34576,Жестокость военачальника
34577,Порочность военачальника
34578,Решимость военачальника
34579,Отвага военачальника
34580,Настойчивость военачальника
34581,Таинственная стрела
34582,Таинственный патрон
34583,Упаковка с припасами Алдоров
34584,Упаковка с припасами Провидцев
34585,Упаковка с припасами Провидцев
34587,Упаковка с припасами Алдоров
34589,"Monster - Shield, Shattered Sun D01 Red"
34590,"Monster - Shield, Shattered Sun D01 Yellow"
34591,"Monster - Shield, Shattered Sun D01 White"
34592,Упаковка с припасами Алдоров
34593,Упаковка с припасами Провидцев
34594,Упаковка с припасами Провидцев
34595,Упаковка с припасами Алдоров
34597,Моллюск Зимних Плавников
34598,Пустая королевская раковина
34599,Факел жонглера
34600,Ключ Ургргрла
34601,Латные наплечники непрекращающейся боли
34602,Манжеты Вечной Песни
34603,Отвлекающие клинки
34604,Потускневший хрустальный кинжал
34605,Кираса борьбы за жизнь
34606,Лезвие Подавления
34607,Оплечье с налетом скверны
34608,Жезл пылающего света
34609,Ускоряющий клинок Принца
34610,Алые одеяния син\'дорай
34611,Деревянная рапира освящения
34612,Наголенники кающегося рыцаря
34613,Наплечные пластины приверженца Луносвета
34614,Мундир предводителя следопытов
34615,Бригантина силы Пустоты
34616,Кровавая комета
34617,Голова Глрггла
34618,Мясистый сальник косатки
34619,Запасной костюм короля Мргла-Мргла
34620,Запасной костюм короля Мргла-Мргла
34621,Коготь Клаксимуса
34622,Спинорез
34623,Наполненная ракушка короля
34624,Мешок с врайкульскими артефактами
34625,Кольцо судьбы Хармы
34627,Тяжелый танковый доспех
34648,Наголенники рыцаря Акеруса
34649,Рукавицы рыцаря Акеруса
34650,Мундир рыцаря Акеруса
34651,Ремень рыцаря Акеруса
34652,Шлем рыцаря Акеруса
34653,Накулачники рыцаря Акеруса
34655,Наплечье рыцаря Акеруса
34656,Ножные латы рыцаря Акеруса
34657,Колье проклятия
34658,Кольцо чумы
34659,Капюшон рыцаря Акеруса
34661,Смертоубийственный меч
34664,Частица солнца
34665,Клинок бомбардира
34666,Солнцекрушитель
34667,Коварство верховного мага
34669,Тайнометр
34670,Молоток Искателя
34671,Предвестник К\'иру
34672,Клинок Инууро
34673,Враг Легиона
34674,Арбалет точного выстрела
34675,Герб Солнца
34676,Защита Солнечного Горна
34677,Подвеска восстановления воина Расколотого Солнца
34678,Подвеска проницательности воина Расколотого Солнца
34679,Подвеска мощи воина Расколотого Солнца
34680,Подвеска решительности воина Расколотого Солнца
34683,Сандалии лета
34684,Горсть летних лепестков
34685,Одеяния лета
34686,Жаровня танцующего пламени
34688,Берилловый магический ключ
34689,Эскиз: хаотический алмаз небесного огня
34690,Знамя клана Песни Войны
34691,Магические оковы
34692,Факел Десницы Гнева
34694,"Monster - Sword2H, Horde PvP Green"
34695,Воинское удостоверение
34697,Наручники яростного огня
34698,Наручи лесного скитальца
34699,Выплавленный на солнечном жаре колун
34700,Латные перчатки божественного благословения
34701,Поножи обманутого
34702,Плащ быстрого исцеления
34703,Танцующий клинок Латро
34704,Кольцо чародейского отклика
34705,Наручи божественного вливания
34706,Кольцо решительности
34707,Сапоги оживления
34708,Плащ надвигающейся ночи
34709,Боеприпасы Песни Войны
34710,Связка глубинных сефориевых зарядов
34711,Средоточие порока
34713,Клыкаррский ритуальный предмет
34714,Кул-тирасское вино
34715,Клыкаррский ритуальный предмет
34716,Серебряные запонки
34718,Черные кожаные ботинки
34719,Дневник Лютера
34720,Записка Бартуса
34721,Бинты из ледяной ткани
34722,Плотные бинты из ледяной ткани
34735,Нордскольское мясо 01
34736,Кусок мяса мамонта
34737,Нордскольское мясо 03
34738,Нордскольское мясо 04
34739,Нордскольское мясо 05
34740,Нордскольское мясо 06
34741,Нордскольское мясо 07
34742,Нордскольское мясо 08
34743,Нордскольское мясо 09
34744,Нордскольское мясо 10
34745,Нордскольское мясо 11
34746,Нордскольское мясо 12
34747,Северная похлебка
34748,Кушанье из мамонта
34749,Стейк из черпорога
34750,Деликатес из змея
34751,Жареный ворг
34752,Сосиски из люторога
34753,"\""Пир на весь мир\"""
34754,Сытное кушанье из мамонта
34755,Нежный стейк из черпорога
34756,Котлета из змея с пряностями
34757,Пережаренное мясо ворга
34758,Сочные сосиски из люторога
34759,Копченый камнеперый окунь
34760,Костечешуйный луциан – гриль
34761,Соте из бычков
34762,Подкаменщик-гриль
34763,Копченый лосось
34764,Вареная медуза
34765,Маринованная клыкозубая сельдь
34766,Вареный северный подкаменщик
34767,Лосось с дымком
34768,Синяя медуза с пряностями
34769,Стейк из королевского ската
34772,Гномская граната
34773,Останки Печального Путника
34774,Оскверненная Плетью земля
34775,Оскверненная Плетью шкура мамонта
34777,Отвердевший панцирь Ит\'рикса
34778,Изначальная сущность Империан
34779,Изначальная сущность Империан
34780,Рацион наару
34781,Амулет Каганишу
34782,Прочная накидка Плети
34783,Удар ночи
34784,"Monster - Item, Fishing Pole Tuskarr"
34785,Танковая пневматическая трансзажиматрица
34786,Сверхпрочная металлическая пластина
34787,Вещи Умейки
34788,Оплечье Почитательницы Тени
34789,Наручи бойни
34790,Боевая палица верховной жрицы
34791,Рукавицы спокойных волн
34792,Плащ обманутого
34793,Шнурованный ремень возрождения
34794,Топор разбитых мечтаний
34795,Шлем посвящения
34796,Одеяния летнего великолепия
34797,Наполненный солнцем посох сосредоточения
34798,Кольцо проворства
34799,Хауберк Вестника Войны
34800,Частица бури
34801,Список Умейки
34802,Инструменты Умейки
34804,Горсть песка Рокнара
34806,Тотем ведуньи Эйри
34807,Боевые сапоги Солнечного Скитальца
34808,Перчатки чародейского восприятия
34809,Ботфорты Гнева Солнца
34810,Плащ отражения клинков
34811,Генератор боли
34812,Прототип ультрасовременного укорачивающего излучателя Умейки
34813,Рог старого морехода
34814,Реликвия клыкарров
34815,Фиал свежей крови
34822,Древняя монета
34823,Прекрасный стеклянный глаз
34824,Серебряная статуэтка
34825,Мифриловая бритва
34826,Золотое обручальное кольцо
34827,Монокль аристократа
34828,Старинные серебряные запонки
34829,Узорчатая пивная кружка
34830,Клыкаррский факел
34831,Глаз Моря
34832,Светлое пиво капитана Ромси
34833,Незажженные факелы
34834,Рецепт: светлое пиво капитана Ромси
34836,Крученая рыболовная леска из истинного серебра
34837,Второе кольцо
34838,Дневник моряка
34839,Гладкий брус сплавного леса
34840,Сломанная подзорная труба
34841,Кусок металлолома
34842,Униформа клана Песни Войны
34843,Зуб гигантской акулы
34844,Рог старого морехода
34845,Сумка властителя преисподней
34846,Черный мешок с самоцветами
34847,Голографические очки аннигиляции
34848,Наручи забытого завоевателя
34850,Земляной цветок праздника Огненного солнцеворота
34851,Наручи забытого защитника
34852,Наручи забытого покорителя
34853,Пояс забытого завоевателя
34854,Пояс забытого защитника
34855,Пояс забытого покорителя
34856,Сапоги забытого завоевателя
34857,Сапоги забытого защитника
34858,Сапоги забытого покорителя
34859,Острый как бритва разделочный нож
34860,Ржавый замок
34861,Заостренный рыболовный крючок
34862,Тренировочные факелы
34863,Мешок рыбацких сокровищ
34864,Детеныш кроколиска
34865,Черноперый ерш
34866,Гигантская пресноводная креветка
34867,Чудовищный сквернокровный луциан
34868,Величайшая ильная рыба в мире
34869,Знамя клана Песни Войны
34870,Набор для переодевания в орка Песни Войны
34871,Мешок Умейки
34872,Формула: дробление кристалла Бездны
34880,"Monster - Sword, 1H Outland Raid D02"
34887,Отмщение Ангелисты
34888,Кольцо стойкого защитника
34889,Кольцо растопленного хаотического зелья
34890,Прикосновение Анвины
34891,Клинок вестников
34892,Арбалет завершающего удара
34893,Правый кулак жестокости Ванира
34894,Зазубренный клинок
34895,Клинок сосредоточения Провидца
34896,Молот благословений наару
34897,Разрушитель бериллового щита
34898,Посох лесного властелина
34900,Накидка Гармонии природы
34901,Поножи лесовика
34902,Боевые рукавицы дубовых листьев
34903,Облачение звездного света
34904,Шипастые перчатки мудреца
34905,Поножи хрустального ветра
34906,Облачение вечной доблести
34907,Осколки самоцвета
34908,Ключ от клетки Плети
34909,Сломанный ключ Салранд
34910,Брюки Неукротимого
34911,Перчатки захватчика
34912,Чешуйчатый нагрудный доспех из шкуры дракона
34913,Очистительные семена ведуньи Высокий Холм
34914,Поножи преследования
34915,Лечебный порошок Бикси
34916,Рукавицы Стремительности
34917,Накидка Лорениала
34918,Бриджи жаркого пламени
34919,Сапоги магических формул
34920,Карта Поля Гейзеров
34921,Священнический панцирь
34922,Наголенники умиротворения
34923,Воинский пояс возмещения
34924,Платье духовного чуда
34925,Украшенные небесные бриджи
34926,Туфли всестороннего совершенствования
34927,Мундир черного дня
34928,Брюки провидца-охранителя
34929,Пояс тихого пути
34930,Нагрудный доспех волны жизни
34931,Рунические чешуи старины
34932,Объятие освежающего бриза
34933,Хауберк вихря ярости
34934,Броня безудержного урагана
34935,Воинский пояс повторного удара
34936,Одеяния страдающей души демона
34937,Поврежденные кюлоты из ткани душ
34938,Перчатки порабощенного стражника ужаса
34939,Бригантина стоицизма
34940,Ножные латы солнечного стража
34941,Ремень бесстрашных
34942,Кираса ярости
34943,Ножные латы вечной славы
34944,Ремень кипящей ярости
34945,Кираса шатраттского защитника
34946,Покрытые письменами ножные латы Алдоров
34947,Синие наголенники праведного хранителя
34948,Ключ Салранд
34949,Быстрый клинок сомнения
34950,Левый кулак свирепости Ванира
34951,Левый кулак жестокости Ванира
34952,Расчленитель
34953,Тотем магмы Служителей Земли
34954,Уздечка Торпа для кодо
34955,Опаленный камень
34956,Сердце элементаля
34957,Кристалл энергетического ядра
34958,Магический гироскоп
34959,Направляющий камень Плети
34960,Легенда о Роге
34961,Ключ Бурблгубля
34962,Ключ Гурглбугля
34963,Нижняя половина рога
34964,Верхняя половина рога
34967,Juno\'s Test Gem
34968,Рог неистовства стихий
34971,Сигнальное ружье Песни Войны
34972,Запасные детали Выкрутеня
34973,Перепроклинальная передачниковая инъекция
34974,Кровоспоровый плодолистик
34975,Портативный нефтесборник
34976,Пыльца кровоспоровых мотыльков
34977,Толстая шкура мамонта
34978,Опыленный цветок кровоспора
34979,Мешочек растертого кровоспора
34980,Голова Гаммотры
34981,Пульт управления Страх-и-ужасом 5000
34982,Массивное светящееся яйцо
34983,Мешочек горлокских специй
34984,Ультразвуковая отвертка
34985,Светящийся жезл жестокого гладиатора
34986,Барьер жестокого гладиатора
34987,Боевой посох жестокого гладиатора
34988,Костолом жестокого гладиатора
34989,Костомол жестокого гладиатора
34990,Плетеный доспех жестокого гладиатора
34991,Плетеные рукавицы жестокого гладиатора
34992,Плетеный шлем жестокого гладиатора
34993,Плетеные поножи жестокого гладиатора
34994,Плетеный наплеч жестокого гладиатора
34995,Секач жестокого гладиатора
34996,Колун жестокого гладиатора
34997,Лабрисса жестокого гладиатора
34998,Перчатки жестокого гладиатора из драконьей шкуры
34999,Шлем жестокого гладиатора из драконьей шкуры
35000,Набедренники жестокого гладиатора из драконьей шкуры
35001,Наплеч жестокого гладиатора из драконьей шкуры
35002,Мундир жестокого гладиатора из драконьей шкуры
35003,Перчатки жестокого гладиатора из ткани ужаса
35004,Капюшон жестокого гладиатора из ткани ужаса
35005,Поножи жестокого гладиатора из ткани ужаса
35006,Мантия жестокого гладиатора из ткани ужаса
35007,Одеяние жестокого гладиатора из ткани ужаса
35008,Эндшпиль жестокого гладиатора
35009,Нарамник жестокого гладиатора из ткани Скверны
35010,Клобук жестокого гладиатора из ткани Скверны
35011,Боевые рукавицы жестокого гладиатора из ткани Скверны
35012,Облачение жестокого гладиатора из ткани Скверны
35013,Брюки жестокого гладиатора из ткани Скверны
35014,Молоток жестокого гладиатора
35015,Большой меч жестокого гладиатора
35016,Гримуар жестокого гладиатора
35017,Крушитель жестокого гладиатора
35018,Тяжелый арбалет жестокого гладиатора
35019,Идол решимости жестокого гладиатора
35020,Идол непреклонности жестокого гладиатора
35021,Идол упорства жестокого гладиатора
35022,Перчатки жестокого гладиатора из шкуры кодо
35023,Шлем жестокого гладиатора из шкуры кодо
35024,Набедренники жестокого гладиатора из шкуры кодо
35025,Наплеч жестокого гладиатора из шкуры кодо
35026,Мундир жестокого гладиатора из шкуры кодо
35027,Ламеллярный нагрудник жестокого гладиатора
35028,Ламеллярные рукавицы жестокого гладиатора
35029,Ламеллярный шлем жестокого гладиатора
35030,Ламеллярные набедренники жестокого гладиатора
35031,Ламеллярные наплечники жестокого гладиатора
35032,Кожаные перчатки жестокого гладиатора
35033,Кожаный шлем жестокого гладиатора
35034,Кожаные набедренники жестокого гладиатора
35035,Кожаный наплеч жестокого гладиатора
35036,Кожаный мундир жестокого гладиатора
35037,Леворежущий воздаятель жестокого гладиатора
35038,Левый потрошитель жестокого гладиатора
35039,Манускрипт стойкости жестокого гладиатора
35040,Манускрипт правосудия жестокого гладиатора
35041,Манускрипт отмщения жестокого гладиатора
35042,Клепаный доспех жестокого гладиатора
35043,Клепаные рукавицы жестокого гладиатора
35044,Клепаный шлем жестокого гладиатора
35045,Клепаные поножи жестокого гладиатора
35046,Клепаный наплеч жестокого гладиатора
35047,Длинный лук жестокого гладиатора
35048,Кольчужный доспех жестокого гладиатора
35049,Кольчужные рукавицы жестокого гладиатора
35050,Кольчужный шлем жестокого гладиатора
35051,Кольчужные поножи жестокого гладиатора
35052,Кольчужный наплеч жестокого гладиатора
35053,Перчатки жестокого гладиатора из луноткани
35054,Капюшон жестокого гладиатора из луноткани
35055,Поножи жестокого гладиатора из луноткани
35056,Мантия жестокого гладиатора из луноткани
35057,Одеяние жестокого гладиатора из луноткани
35058,Расчленитель жестокого гладиатора
35059,Украшенный нагрудный доспех жестокого гладиатора
35060,Украшенные перчатки жестокого гладиатора
35061,Украшенный шлем жестокого гладиатора
35062,Украшенные ножные латы жестокого гладиатора
35063,Украшенный наплеч жестокого гладиатора
35064,Зазубренная глефа жестокого гладиатора
35065,Пронзающее прикосновение жестокого гладиатора
35066,Латный нагрудник жестокого гладиатора
35067,Латные рукавицы жестокого гладиатора
35068,Латный шлем жестокого гладиатора
35069,Латные набедренники жестокого гладиатора
35070,Латные наплечники жестокого гладиатора
35071,Пробойник жестокого гладиатора
35072,Быстрый клинок жестокого гладиатора
35073,Оплот жестокого гладиатора
35074,Отсрочка жестокого гладиатора
35075,Винтовка жестокого гладиатора
35076,Правый потрошитель жестокого гладиатора
35077,Кольчатый доспех жестокого гладиатора
35078,Кольчатые рукавицы жестокого гладиатора
35079,Кольчатый шлем жестокого гладиатора
35080,Кольчатые поножи жестокого гладиатора
35081,Кольчатый наплеч жестокого гладиатора
35082,Спасение жестокого гладиатора
35083,Атласные перчатки жестокого гладиатора
35084,Атласный капюшон жестокого гладиатора
35085,Атласные поножи жестокого гладиатора
35086,Атласная мантия жестокого гладиатора
35087,Атласное одеяние жестокого гладиатора
35088,Чешуйчатый нагрудник жестокого гладиатора
35089,Чешуйчатые рукавицы жестокого гладиатора
35090,Чешуйчатый шлем жестокого гладиатора
35091,Чешуйчатые набедренники жестокого гладиатора
35092,Чешуйчатые наплечники жестокого гладиатора
35093,Заточка жестокого гладиатора
35094,Осадный щит жестокого гладиатора
35095,Нож жестокого гладиатора
35096,Шелковый нарамник жестокого гладиатора
35097,Шелковый клобук жестокого гладиатора
35098,Шелковые боевые рукавицы жестокого гладиатора
35099,Шелковое облачение жестокого гладиатора
35100,Шелковые брюки жестокого гладиатора
35101,Тесак жестокого гладиатора
35102,Чародейский клинок жестокого гладиатора
35103,Посох жестокого гладиатора
35104,Тотем неукротимости жестокого гладиатора
35105,Тотем выживания жестокого гладиатора
35106,Тотем третьего ветра жестокого гладиатора
35107,Касание поражения жестокого гладиатора
35108,Боевое лезвие жестокого гладиатора
35109,Воинский посох жестокого гладиатора
35110,Боевой топор жестокого гладиатора
35111,Перчатки жестокого гладиатора из шкуры змея
35112,Шлем жестокого гладиатора из шкуры змея
35113,Набедренники жестокого гладиатора из шкуры змея
35114,Наплеч жестокого гладиатора из шкуры змея
35115,Мундир жестокого гладиатора из шкуры змея
35116,Ультразвуковая отвертка
35119,Противоядие Хауторна
35121,Волчья приманка
35122,Сектантское воззвание
35123,Микропленка
35125,Око экзорциста
35126,Значок пилота станции Выкрутеня
35127,Охапка искусственных шкур
35128,Закаленный корий
35129,Кольцо господства стража
35130,Кольцо спасения стража
35131,Кольцо триумфа стража
35132,Подвеска завоеваний стража
35133,Подвеска господства стража
35134,Подвеска спасения стража
35135,Подвеска триумфа стража
35136,Плетеные ботинки стража
35137,Сапоги стража из драконьей шкуры
35138,Ботфорты стража из ткани ужаса
35139,Сапоги стража из шкуры кодо
35140,Ламеллярные наголенники стража
35141,Кожаные сапоги стража
35142,Клепаные ботинки стража
35143,Кольчужные ботинки стража
35144,Туфли стража из луноткани
35145,Украшенные наголенники стража
35146,Латные наголенники стража
35147,Кольчатые ботинки стража
35148,Чешуйчатые наголенники стража
35149,Прочные шелковые ботинки стража
35150,Сапоги стража из шкуры змея
35151,Плетеный ремень стража
35152,Пояс стража из драконьей шкуры
35153,Пояс стража из ткани ужаса
35154,Пояс стража из шкуры кодо
35155,Ламеллярный пояс стража
35156,Кожаный пояс стража
35157,Клепаный ремень стража
35158,Кольчужный ремень стража
35159,Пояс стража из луноткани
35160,Украшенный пояс стража
35161,Латный пояс стража
35162,Кольчатый ремень стража
35163,Чешуйчатый пояс стража
35164,Шелковый пояс стража
35165,Пояс стража из шкуры змея
35166,Плетеные наручи стража
35167,Наручи стража из драконьей шкуры
35168,Манжеты стража из ткани ужаса
35169,Наручи стража из шкуры кодо
35170,Ламеллярные наручи стража
35171,Кожаные наручи стража
35172,Клепаные наручи стража
35173,Кольчужные наручи стража
35174,Манжеты стража из луноткани
35175,Украшенные наручи стража
35176,Латные наручи стража
35177,Кольчатые наручи стража
35178,Чешуйчатые наручи стража
35179,Шелковые манжеты стража
35180,Наручи стража из шкуры змея
35181,Линза могущественного целителя-9000
35182,Гиперувеличивающие лунные очки
35183,Исцеляющий рассеиватель теней XT68
35184,Очки изначальной гармонии
35185,"Очки \""Воздаятель-3000\"""
35186,Схема: голографические очки аннигиляции
35187,"Схема: очки \""Воздаятель-3000\"""
35188,Ухо прихвостня Эрнестуэя
35189,Схема: линза могущественного целителя-9000
35190,Схема: гиперувеличивающие лунные очки
35191,Схема: исцеляющий рассеиватель теней XT68
35192,Схема: очки изначальной гармонии
35193,Схема: иссеченные молниями очки
35194,Схема: очки верного удара модель 3.0
35195,Схема: проекционные очки резни
35196,Схема: очки из закаленного кория
35197,Схема: очки квадрисмертельного удара X44
35198,Эскиз: кольцо скованной мощи
35199,Эскиз: кольцо бьющего ключа
35200,Эскиз: кольцо из закаленного кория
35201,Эскиз: подвеска солнечного огня
35202,Эскиз: амулет бьющего ключа
35203,Эскиз: колье из закаленного кория
35204,Выкройка: повязки солнечного огня
35205,Выкройка: перчатки вечного света
35206,Выкройка: одеяние солнечного огня
35207,Выкройка: одеяние вечного света
35208,Чертеж: рукавицы солнечного благословения
35209,Чертеж: кулачные перчатки из закаленного кория
35210,Чертеж: кираса солнечного благословения
35211,Чертеж: боевой доспех из закаленного кория
35212,Выкройка: кожаные рукавицы Солнца
35213,Выкройка: стрелецкие перчатки Феникса
35214,Выкройка: перчатки вечного сумрака
35215,Выкройка: пронизанные солнцем чешуйчатые перчатки
35216,Выкройка: кожаный нагрудный доспех солнца
35217,Выкройка: облачение Феникса
35218,Выкройка: панцирь Солнца и Тени
35219,Выкройка: пронизанный солнцем нагрудный доспех
35221,Гербовая накидка Расколотого Солнца
35222,Груз рогов и копыт
35223,Старомодное лакомство для питомцев от Папаши Хюммеля
35224,Горелка для аварийных ситуаций
35225,Ракета Пустоты X-51
35226,ИКС-ключительная ракета Пустоты X-51
35227,Гоблинская метеоустановка - прототип 01-B
35228,Уничтожитель ловушек Д.Э.Г.О.Ж.
35229,Пыль Пустоты
35230,Свиток телепортации Дарнариана
35231,План нападения клана Ярости Солнца
35232,Припасы Расколотого Солнца
35233,Мультифазовые спектрографические очки
35234,Боевая алебарда Кау
35237,Сфера краба
35238,Эскиз: сбалансированный аметист Песни Теней
35239,Эскиз: светящийся аметист Песни Теней
35240,Эскиз: заряженный аметист Песни Теней
35241,Эскиз: королевский аметист Песни Теней
35242,Эскиз: изменчивый аметист Песни Теней
35243,Эскиз: царственный аметист Песни Теней
35244,Эскиз: рельефная пунцовая шпинель
35245,Эскиз: яркая пунцовая шпинель
35246,Эскиз: хрупкая пунцовая шпинель
35247,Эскиз: блистательная пунцовая шпинель
35248,Эскиз: руническая пунцовая шпинель
35249,Эскиз: изящная пунцовая шпинель
35250,Эскиз: каплевидная пунцовая шпинель
35251,Эскиз: ослепительный морской изумруд
35252,Эскиз: отверделый морской изумруд
35253,Эскиз: зазубренный морской изумруд
35254,Эскиз: светозарный морской изумруд
35255,Эскиз: сверкающий львиный глаз
35256,Эскиз: искристый львиный глаз
35257,Эскиз: великий львиный глаз
35258,Эскиз: мистический львиный глаз
35259,Эскиз: прочный львиный глаз
35260,Эскиз: гладкий львиный глаз
35261,Эскиз: матовый львиный глаз
35262,Эскиз: блестящий неземной сапфир
35263,Эскиз: цельный неземной сапфир
35264,Эскиз: искрящийся неземной сапфир
35265,Эскиз: грозовой неземной сапфир
35266,Эскиз: блистающий огнекамень
35267,Эскиз: покрытый письменами огнекамень
35268,Эскиз: светоносный огнекамень
35269,Эскиз: могущественный огнекамень
35270,Эскиз: сокрытый огнекамень
35271,Эскиз: гибельный огнекамень
35272,Свисток Дженни
35273,Секреты выплавки металлов
35275,Сфера син\'дорай
35276,Гномский ремонтный набор
35277,Сумеречная корреспонденция
35278,Укрепленная сеть
35279,Гербовая накидка летних небес
35280,Гербовая накидка летнего пламени
35281,Тотем духа ветра
35282,Син\'дорайское кольцо господства
35283,Син\'дорайское кольцо спасения
35284,Син\'дорайское кольцо триумфа
35285,Гигантская рыба-луна
35286,Раздувшаяся гигантская рыба-луна
35287,Сверкающий синехвост
35288,Необработанная шкура карибу
35289,Пропаренная шкура
35290,Син\'дорайская подвеска Завоевания
35291,Син\'дорайская подвеска спасения
35292,Син\'дорайская подвеска триумфа
35293,Кенарийский рог
35294,Рецепт: эликсир подавления
35295,Рецепт: зелье ускорения
35296,Чертеж: адамантитовая оружейная цепь
35297,Формула чар для обуви - быстрота вепря
35298,Формула чар для обуви - живучесть I
35299,Формула чар для обуви - проворство кошки
35300,Выкройка: перчатки налетевшего ветра
35301,Выкройка: перчатки дракона Пустоты
35302,Выкройка: перчатки из чешуи кобры
35303,Выкройка: перчатки живого прикосновения
35304,Эскиз: безупречная Звезда Элуны
35305,Эскиз: рунический животворный рубин
35306,Эскиз: яркий животворный рубин
35307,Эскиз: твердый зоревик
35308,Выкройка: наручи непреклонности
35309,Выкройка: ремень непреклонности
35310,Схема: набор для лечебных инъекций
35311,Схема: набор для инъекций маны
35313,Раздувшаяся колючеусая форель
35314,Полупереваренные растения
35315,Мягкий зоревик
35316,Тревожный благородный топаз
35317,Подвеска помилования воздаятеля
35318,Мощный талассит
35319,Подвеска порабощения воздаятеля
35320,Кольцо порабощения воздаятеля
35321,Плащ чародейской расторопности
35322,Эскиз: мягкий зоревик
35323,Эскиз: тревожный благородный топаз
35324,Плащ краткой передышки
35325,Эскиз: мощный талассит
35326,Готовность военачальника
35327,Готовность военачальника
35328,Перчатки из ткани ужаса
35329,Капюшон из ткани ужаса
35330,Поножи из ткани ужаса
35331,Мантия из ткани ужаса
35332,Одеяние из ткани ужаса
35333,Клобук из луноткани
35334,Набедренники из луноткани
35335,Полуперчатки из луноткани
35336,Наплечные пластины из луноткани
35337,Облачение из луноткани
35338,Атласные перчатки
35339,Атласный капюшон
35340,Атласные поножи
35341,Атласная мантия
35342,Атласное одеяние
35343,Шелковый нарамник Пробудителя
35344,Шелковый клобук пробудителя
35345,Шелковые боевые рукавицы пробудителя
35346,Шелковое облачение Пробудителя
35347,Шелковые брюки Пробудителя
35348,Мешок рыбацких сокровищ
35349,Ведро Ворчуна
35350,Ведро Проглота
35352,Жезл молний ведуна
35353,Свиток верховного жреца Наферсета
35354,Свиток верховного жреца Талет-Ка
35355,Свиток верховного жреца Андората
35356,Перчатки из драконьей шкуры
35357,Шлем из драконьей шкуры
35358,Набедренники из драконьей шкуры
35359,Наплеч из драконьей шкуры
35360,Одеяние из драконьей шкуры
35361,Перчатки из шкуры кодо
35362,Шлем из шкуры кодо
35363,Набедренники из шкуры кодо
35364,Наплеч из шкуры кодо
35365,Одеяние из шкуры кодо
35366,Кожаные перчатки Противоречащего
35367,Кожаный шлем Противоречащего
35368,Кожаные набедренники Противоречащего
35369,Кожаный наплеч Противоречащего
35370,Кожаный мундир Противоречащего
35371,Перчатки из шкуры змея
35372,Шлем из шкуры змея
35373,Набедренники из шкуры змея
35374,Наплеч из шкуры змея
35375,Одеяние из шкуры змея
35376,Плетеный доспех преследователя
35377,Плетеные рукавицы преследователя
35378,Плетеный шлем преследователя
35379,Плетеные поножи преследователя
35380,Плетеный наплеч преследователя
35381,Клепаный браслет Провидца
35382,Клепаные рукавицы Провидца
35383,Клепаный шлем Провидца
35384,Клепаные поножи Провидца
35385,Клепаный наплеч Провидца
35386,Кольчужный доспех Провидца
35387,Кольчужные рукавицы Провидца
35388,Кольчужный шлем Провидца
35389,Кольчужные поножи Провидца
35390,Кольчужный наплеч Провидца
35391,Кольчатый нагрудный доспех Провидца
35392,Кольчатые перчатки Провидца
35393,Кольчатый головной убор Провидца
35394,Кольчатые набедренники Провидца
35395,Кольчатые наплечные пластины провидца
35396,Зачаровать двуручное оружие - Крупная Ловкость
35397,Зачаровать двуручное оружие - Жестокость
35398,Зачаровать ботинки - Скорость кабана
35399,Зачаровать ботинки - Стремительность кошки
35400,Зачаровать ботинки - Проворство
35401,Ловец душ Великой Матери
35402,Украшенная бригантина рыцаря
35403,Украшенные перчатки рыцаря
35404,Украшенный шлем рыцаря
35405,Украшенные поножи рыцаря
35406,Украшенный наплеч рыцаря
35407,Латный нагрудник свирепости
35408,Латные рукавицы свирепости
35409,Латный шлем свирепости
35410,Латные набедренники свирепости
35411,Латные наплечники свирепости
35412,Чешуйчатый нагрудник рыцаря
35413,Чешуйчатые рукавицы рыцаря
35414,Чешуйчатый шлем рыцаря
35415,Чешуйчатые набедренники рыцаря
35416,Чешуйчатые наплечники рыцаря
35417,Зачаровать ботинки - Стойкость
35418,Зачаровать ботинки - Быстроногий
35419,Зачаровать ботинки - Живучесть
35420,Зачаровать наручи - Мускулы
35421,Зачаровать наручи - Стойкость
35422,Зачаровать наручи - Основы обороны
35423,Зачаровать наручи - Большой интелект
35424,Зачаровать наручи - Восстановление маны
35425,Зачаровать наручи - Сила заклинаний
35426,Зачаровать наручи - Характеристики
35427,Зачаровать наручи - Превосходное исцеление
35428,Зачаровать доспех - Необыкновенное здоровье
35429,Зачаровать доспех - Необыкновенные характеристики
35430,Зачаровать доспех - Крупная устойчивость
35431,Зачаровать доспех - Сильный дух
35432,Зачаровать плащ - Крупная ловкость
35433,Зачаровать плащ - Большая защита от тайной магии
35434,Зачаровать плащ - Большая защита от темной магии
35435,Зачаровать плащ - Крупное сопротивление
35436,Зачаровать плащ - Сильное проникновение
35437,Зачаровать плащ - Большая защита
35438,Зачаровать перчатки - Атака
35439,Зачаровать перчатки - Порча
35440,Зачаровать перчатки - Сильное исцеление
35441,Зачаровать перчатки - Большая Сила заклинаний
35442,Зачаровать перчатки - Большая сила
35443,Зачаровать перчатки - Поражение заклинанием
35444,Зачаровать кольцо - Сила исцеления
35445,Зачаровать кольцо - Сила заклинаний
35446,Зачаровать кольцо - Характеристики
35447,Зачаровать кольцо - Поражение
35448,Зачаровать щит - Интелект
35449,Зачаровать щит - Крупная выносливость
35450,Зачаровать щит - Сопротивление
35451,Зачаровать щит - Блок щитом
35452,Зачаровать оружие - Мастер битв
35453,Зачаровать оружме - Великая ловкость
35454,Зачаровать оружие - Крупное исцеление
35455,Зачаровать оружие - Большой интелект
35456,Зачаровать оружие - Крупная сила заклинаний
35457,Зачаровать оружие - Крупное поражение
35458,Зачаровать оружие - Мангуст
35459,Зачаровать оружие - Могущество
35460,Зачаровать оружие - Ледяная душа
35461,Зачаровать оружие - Всплеск сил
35462,Зачаровать оружие - Огонь солнца
35464,Одеяние из ткани ужаса
35465,Шелковый нарамник Пробудителя
35466,Атласный капюшон
35467,Облачение из луноткани
35468,Кожаные перчатки Противоречащего
35469,Одеяние из драконьей шкуры
35470,Наплеч из шкуры кодо
35471,Перчатки из шкуры змея
35472,Кольчужный доспех Провидца
35473,Кольчатые перчатки Провидца
35474,Клепаный шлем Провидца
35475,Плетеные рукавицы преследователя
35476,Украшенный наплеч рыцаря
35477,Чешуйчатые рукавицы рыцаря
35478,Латный шлем свирепости
35479,Восстановитель измерений
35481,"Поля, заводы и мастерские"
35483,Ледяной осколок
35484,Щепка зачарованного древа
35486,Голова Механозода
35487,Яркая пунцовая шпинель
35488,Руническая пунцовая шпинель
35489,Каплевидная пунцовая шпинель
35490,Магический обломок
35491,Факел Венди
35492,Снежевика
35493,Субстанция маны Нексуса
35494,Накидка зимней стужи
35495,Боевой плащ Повелителя Холода
35496,Плащ оков льда
35497,Плащ леденящих ветров
35498,Формула чар для оружия - смертельный мороз
35500,Формула чар для нагрудника - защита I
35501,Вечный алмаз земной бури
35502,Эскиз: вечный алмаз земной бури
35503,Угасающий алмаз небесного огня
35504,Птенец феникса
35505,Эскиз: угасающий алмаз небесного огня
35506,Копье Релораза
35507,Амулет Жгучей ненависти
35508,Колье Ледяного потока
35509,Амулет ледяного спокойствия
35511,Подвеска Града
35512,Полный карман снега
35513,Стремительный белый крылобег
35514,Ледяная коса повелителя Ахуна
35516,Сумка солнечного блика
35528,Выкройка: наплечники молниеносного удара
35530,Чертеж: наплечники рассветной стали
35532,Чертеж: наплечники из быстростали
35555,Чертеж: кираса солнечного благословения
35557,Снежный ком
35562,Бок медведя
35563,Кебаб из медвежатины на углях
35564,Рецепт: кебаб из медвежатины на углях
35565,Сочная котлета из медвежатины
35566,Рецепт: сочная котлета из медвежатины
35568,Пламя Луносвета
35569,Пламя Экзодара
35570,Дающий силу клинок Келесета
35571,Рукавицы убийцы драконов
35572,Укрепленный бархатный шлем
35573,Ударный клинок Аугельмира
35574,Бригантина северного сияния
35575,Драконья кольчуга Скарвальда
35576,Монолитный рассекатель Ингвара
35577,Цельношитые кожаные брюки
35578,Верхний плетеный наплеч
35579,Врайкульские оковы
35580,Оплечье из скатанной шерсти
35581,Облегченные экстремальные реактивные сапоги
35582,Схема: облегченные экстремальные реактивные сапоги
35583,Лесной посох знахаря
35584,Вышитое платье Зул\'Драка
35585,Набедренники каннибала
35586,Застывший топор
35587,Застывший скипетр некромантии
35588,Выброшенная кираса войны
35589,Чародейский фокальный перстень
35590,Охотничий лук Драккари
35591,Наплечные щитки ледяного тролля
35592,Хауберк повелителя тотемов
35593,Наручи ловчего медведей
35594,Шелковый кушак таяния снегов
35595,Ледниковый заостренный злоклинок
35596,Выточенные кристаллические сапоги
35597,Кольцо вечной мерзлоты
35598,Фолиант Хранителей знаний
35599,Рукавицы из змеиной чешуи
35600,Сапоги-ледоломы
35601,Ударный клинок драконида
35602,Выдолбленное из сталагмита наплечье
35603,Наголенники голубого крыла
35604,Защитные наручники
35605,Пояс драконьих рун
35606,Клинок Надокса
35607,Ан\'кахарские повязки
35608,Пояс с крабовидной эмблемой
35609,Талисман господства Плети
35610,Амулет кромсателя
35611,Перчатки кровавого принца
35612,Оплечье перекликающихся нетопырей
35613,Богато изукрашенный пояс
35614,Башмаки Волажа
35615,Наручники Пещеры светляка
35616,Наплеч со споровыми усиками
35617,Жезл сверкающей чешуи
35618,Мясорез троллей
35619,Набедренники защиты от заражения
35620,Рогатый шлем берсерка
35622,Извечная вода
35623,Извечный воздух
35624,Извечная земля
35625,Извечная жизнь
35627,Извечная тьма
35628,Лазурный кодекс
35629,Мерцающая руна
35630,Каменный чекан призывателя
35631,Хрустальная подвеска защиты
35632,Одеяния Новоса
35633,Посох короля рептилий
35634,Шлем из грубой кожи
35635,Брюки смотрителя стойл
35636,Эгида Тарон\'жа
35637,Утерянные наголенники Мурадина
35638,Шлем живой плоти
35639,Яркий шлем защиты
35640,Темнопутые наручники
35641,Сапоги смертехвата
35642,Щит Бунта
35643,Наплеч Гнойрон
35644,Пояс Ксевозза
35645,Дробовик тюремщика
35646,Перчатки Раскаленной лавы
35647,Боевые рукавицы лихорадочного преследования
35648,Искрометный обломок
35649,Дубинка тюремщика
35650,Сапоги Стража портала
35651,Латные когти дракона
35652,Вечногорящий факел
35653,Ремень из таинственного подземелья
35654,Тюремные наручники
35655,Мачете-паутинорез
35656,Рукавицы собранности
35657,Изысканные туфли из паучьего шелка
35658,Паучий посох жизни
35659,Ботфорты парящих высот
35660,Эполеты паука-прядильщика
35661,Перстень повелителя арахнитидов
35662,Ремень из надкрыльев
35663,Зачарованный шелковый шнурованный ремень
35664,Молот неизвестного археолога
35665,Напульсники лишайника спокойствия
35666,Знак паука
35668,Тюремная обшивка
35669,Энергетическое ядро
35670,Потерянная шахтерская каска Бранна
35671,Усиленная магическая клетка
35672,Шлем полой сферы
35673,Поножи горячей искры
35675,Клепаная броня сферы
35676,Поножи созвездия
35677,Одежды космоса
35678,Ножные латы Литейщика
35679,Клобук статичности
35680,Амулет желаний
35681,Клинок неумолимости
35682,Наручники великана рун
35683,Палладиевое кольцо
35685,Осколок кристаллизованной маны
35686,Украденные припасы Моа\'ки
35687,Талисман Танатала
35688,Кровь Логуна
35690,Средоточие тайной магии
35691,Металлолом
35692,Щенок Поляны Снегопада
35693,Статуэтка неземной черепахи
35694,Статуэтка кориевого вепря
35695,Эскиз: статуэтка неземной черепахи
35696,Эскиз: статуэтка кориевого вепря
35697,Эскиз: статуэтка багровой змейки
35698,Эскиз: статуэтка пантеры Песни Теней
35699,Эскиз: статуэтка морского альбатроса
35700,Статуэтка багровой змейки
35701,Тотем Иссилрука
35702,Статуэтка пантеры Песни Теней
35703,Статуэтка морского альбатроса
35704,Зажигательная взрывчатка
35705,Ключ от повозки
35706,Ящик руды из Далечья
35707,Монаршее око ночи
35708,Эскиз: монаршее око ночи
35709,Труп Сарагосы
35711,Припасы Каскала
35716,Шатраттский настой чистой смерти
35717,Шатраттский настой Слепящего света
35718,Сигнальная ракета Релораза
35720,Любимое пиво Повелителя Холода
35722,Утиратель-нейтрализатор Форора
35723,Осколки Ахуна
35725,Благовония лета
35726,Ордынское оружие
35728,Великое начертание клинка
35729,Великое начертание рыцаря
35730,Великое начертание оракула
35731,Великое начертание сферы
35733,Кольцо гармоничной красоты
35734,Валун
35736,Клетка охотника за головами
35737,Недостающая страница дневника
35738,Потерянный дневник Бранна Бронзоборода
35739,Неполный дневник
35746,Рунический краеугольный камень
35747,Фрагмент рунического краеугольного камня
35748,Алхимический камень стража
35749,Алхимический камень чародея
35750,Алхимический камень искупителя
35751,Алхимический камень убийцы
35752,Рецепт: алхимический камень стража
35753,Рецепт: алхимический камень чародея
35754,Рецепт: алхимический камень искупителя
35755,Рецепт: алхимический камень убийцы
35756,Формула чар для плаща - стальная ткань
35757,"Monster - Sword2H, Northrend C02 Red Red Flame"
35758,Неизменный морской изумруд
35759,Мощный морской изумруд
35760,Тревожный огнекамень
35761,Мягкий львиный глаз
35762,Эскиз: тревожный огнекамень
35763,Эскиз: мягкий львиный глаз
35764,Эскиз: неизменный морской изумруд
35765,Эскиз: мощный морской изумруд
35766,Эскиз: неизменный морской изумруд
35767,Эскиз: тревожный огнекамень
35768,Эскиз: мягкий львиный глаз
35769,Эскиз: мощный морской изумруд
35774,Трезубец Наз\'жана
35777,Скадирская навигационная карта - часть 3
35782,Мерцающий снежный гриб
35783,Планы из Садов Лунного Покоя
35784,Клятва крови Орды
35788,Сломанный магический предмет
35790,Порванные одеяния
35791,Испорченные реагенты
35792,Личный скарб охотника на магов
35794,Мясо серебристого оленя
35795,Сплетение водорослей
35796,Старый добрый самогон
35797,Эликсир Дракуру
35798,Глаз ледяного змея
35799,Застывший настой
35800,Останки Му\'фы Торговца Ветром
35801,Чешуя Горамоша
35802,Крабовая ловушка Туа\'кеа
35803,Скалавагская лягушка
35806,Око пророка
35807,Ежевичный колючий большой посох
35808,Абордажная сабля холодного камня
35809,Острозем
35810,Пробойник подавления
35811,Арбалет из бивня элекка
35812,Скалотряс
35813,Блестящий нож
35814,Капюшон щедрости
35815,Расшитая костями куртка
35816,Плетеные поножи в кровавых пятнах
35817,Внутренний панцирь неруба
35818,Наплеч из эластичной кожи
35819,Сведения о состоянии Тор Модана
35820,Напульсники Дикона
35821,Закругленные высокие ботинки
35822,Отслужившие тирасские латы
35823,Заиндевелый кинжал
35824,Тесак с каменным лезвием
35826,Шокер из черепа дракончика
35827,Монарший скипетр
35828,Тотем-маяк
35829,Длинный лук ледяного шипа
35830,Сносившийся сокрушитель врайкулов
35831,"Мясо матриарха \""Огромные Клешни\"""
35832,Торжественные перчатки Бловельта
35833,Шлем власти из шкуры ворга
35834,Чешуйчатые перчатки ловкости рук
35835,Древние укрепленные набедренники
35836,Настой Зим\'бо
35837,Портативный сейсмограф
35838,Наживка Ту\'у\'гвара
35839,Руническое колье из раковины
35840,Отколотый кусок горгульи
35841,Рукавицы с морозными узорами
35842,Лазурный плетеный хауберк
35843,Украшенные рогами наплечники
35844,Капюшон защиты от шока
35845,Кристаллический сюрикен
35846,Кольчато-пластинчатые перчатки
35848,Набедренники необыкновенной щедрости
35849,Легковесный клеймор
35850,Трезубец Наз\'жана
35851,Изъеденный кислотой кастет
35852,Чеканный кинжал из хладостали
35854,Алая печать
35856,Мушкетон со взрывателем
35857,Оплот щедрости
35858,Фолиант Рвения
35859,Мундир очищения огнем
35860,Сапоги из мягкой кожи
35861,Ремень неизбежности
35862,Выкованный светом нагрудный доспех
35863,Поножи силы земли
35864,Запатентованная ушанка Выкрутеня
35865,Магический щит
35866,Сапоги главного артиллериста
35867,Кольцо ловкости рук
35868,Штаны сухохода
35869,Кольчужный шлем с королевским плетением
35870,Скалоруб
35871,Фиолетовое одеяние восполнения
35872,Обшитые железом поножи
35873,Ремень двойного плетения
35875,Благотворный шлем
35876,Талбукская накидка
35877,Наплечники из шкуры ворга
35878,Плетеные сумеречные поножи
35879,Позолоченный ремень из хладостали
35880,Землистые обмотки
35881,Перстень пропавшего врайкула
35882,Шлем магического пика
35883,Рукавицы из сребростали
35884,Монаршие кюлоты
35885,Племенной нагрудный доспех
35886,Подвеска из зуба ворга
35887,Измазанные глиной наголенники
35888,Тисненый ремень из шкуры горностая
35889,Инкрустированные костью наручи
35890,Магданский наплеч
35891,Рунический латный шлем
35892,Перчатки прядильщицы пламени
35893,Инкрустированный холодным камнем воинский пояс
35894,Наручи точного удара
35895,Наплечье из изумрудной чешуи
35896,Поручи ледобоя
35897,Покрытая льдом накидка
35898,Укрепленный шкурой моржа хауберк
35899,Ремень кровоплета
35900,Мягкие замшевые мокасины
35901,Омолаживающий шнурованный ремень
35902,Наплеч сковывающего шока
35903,Ониксовые захваты
35904,Наделяющая властью подвеска
35905,Плетеный из лозы мундир
35906,Черный боевой элекк
35907,Спиритические благовония Тоалу\'у
35908,Темный грог Мака
35909,Солнечные огнеступы
35910,Сланцевые наручи
35911,Кольцо ретивости
35912,Трескучий плащ
35913,Гхоламские поножи
35914,Наплеч из зубов протодракона
35915,Кольчатые наголенники из темной стали
35916,Хауберк ворга-берсеркера
35917,Гневошитые наплечные пластины
35918,Шипастый защитный шлем
35919,Боевые рукавицы из шепчущей стали
35920,Обшитые перьями наплечные пластины
35921,Усиленный кварцем наплеч
35922,Перстень из черного железа
35923,Поручи мерзлого камня
35924,Наделенные магией наручи
35925,Мерцающее кольцо из хладного железа
35926,Мастерски выделанные поножи
35927,Кираса из поющей чешуи
35928,Закаленные льдом бронзовые ножные латы
35929,Гхоламская перевязь
35930,Покрытые письменами ботинки из шкуры ворга
35931,Специальные чешуйчатые поножи
35932,Восстанавливающее кольцо землепряда
35933,Рогатый великий шлем
35934,Ботинки-вурдалакодавы
35935,Заряженная руна холодного камня
35936,Талисман из клыка ворга
35937,Бутыль самогона Браксли
35938,Пелерина необыкновенной щедрости
35941,Письмо от Саурфанга
35943,Инструмент Иеремии
35944,Кости Лурида
35945,Сверкающая драгоценность
35946,Тренировочный парашют Выкрутеня
35947,Искрящийся морозный гриб
35948,Пряная снежная слива
35949,Тундровая ягода
35950,Бататовый хлеб
35951,Вареный императорский лосось
35952,Соленый сыр
35953,Карибу в медовом соусе
35954,Подслащенное козье молоко
35955,Далеченский пояс
35956,Далеченские сапоги
35957,Далеченское одеяние
35958,Далеченские перчатки
35959,Далеченский капюшон
35960,Далеченские штаны
35961,Далеченские наплечные пластины
35962,Далеченские манжеты
35963,Кровоспоровый кушак
35964,Кровоспоровые сандалии
35965,Кровоспоровое одеяние
35966,Кровоспоровые перчатки
35967,Кровоспоровый капюшон
35968,Кровоспоровые поножи
35969,Кровоспоровое оплечье
35970,Кровоспоровые браслеты
35971,Мур\'далакский ремень
35972,Мур\'далакские сапоги
35973,Мур\'далакскиое одеяние
35974,Мур\'далакские повязки
35975,Мур\'далакский шлем
35976,Мур\'далакские поножи
35977,Мур\'далакские наплечные пластины
35978,Мур\'далакские напульсники
35979,Пояс опоры
35980,Сапоги опоры
35981,Одеяние опоры
35982,Перчатки опоры
35983,Капюшон опоры
35984,Штаны опоры
35985,Наплечные пластины опоры
35986,Манжеты опоры
35987,Шнурованный ремень барабанчей
35988,Сандалии барабанчей
35989,Одеяние барабанчей
35990,Повязки барабанчей
35991,Головной убор барабанчей
35992,Поножи барабанчей
35993,Наплечные пластины барабанчей
35994,Наручи барабанчей
35995,Волдрунский кушак
35996,Волдрунские туфли
35997,Волдрунское одеяние
35998,Волдрунские перчатки
35999,Волдрунская корона
36000,Волдрунские поножи
36001,Волдрунское оплечье
36002,Волдрунские браслеты
36003,Кушак Ледяной Пыли
36004,Туфли Ледяной Пыли
36005,Одеяние Ледяной Пыли
36006,Перчатки Ледяной Пыли
36007,Венец Ледяной Пыли
36008,Штаны Ледяной Пыли
36009,Оплечье Ледяной Пыли
36010,Браслеты Ледяной Пыли
36011,Кушак Тетиса
36012,Туфли Тетиса
36013,Одеяние Тетиса
36014,Перчатки Тетиса
36015,Капюшон Тетиса
36016,Поножи Тетиса
36017,Оплечье Тетиса
36018,Браслеты Тетиса
36019,Волшебный пояс
36020,Волшебные сапоги
36021,Волшебное одеяние
36022,Волшебные перчатки
36023,Волшебный головной убор
36024,Волшебные штаны
36025,Волшебные наплечные пластины
36026,Волшебные наручи
36027,Пояс оракула
36028,Туфли оракула
36029,Одеяние оракула
36030,Перчатки оракула
36031,Венец оракула
36032,Поножи оракула
36033,Оплечье оракула
36034,Браслеты оракула
36035,Пояс кондора
36036,Сандалии кондора
36037,Одеяние кондора
36038,Перчатки кондора
36039,Головной убор кондора
36040,Штаны кондора
36041,Наплечные пластины кондора
36042,Наручники кондора
36043,Кушак Хрустальной Песни
36044,Туфли Хрустальной Песни
36045,Одеяние Хрустальной Песни
36046,Перчатки Хрустальной Песни
36047,Корона Хрустальной Песни
36048,Поножи Хрустальной Песни
36049,Оплечье Хрустальной Песни
36050,Браслеты Хрустальной Песни
36051,Кушак визиря
36052,Туфли визиря
36053,Одеяние визиря
36054,Перчатки визиря
36055,Капюшон визиря
36056,Поножи визиря
36057,Оплечье визиря
36058,Браслеты визиря
36059,Кушак хладного духа
36060,Сапоги хладного духа
36061,Одеяние хладного духа
36062,Повязки хладного духа
36063,Клобук хладного духа
36064,Штаны хладного духа
36065,Оплечье хладного духа
36066,Наручники хладного духа
36067,Боевой пояс бухты Кинжалов
36068,Сапоги бухты Кинжалов
36069,Жакет бухты Кинжалов
36070,Перчатки бухты Кинжалов
36071,Капюшон бухты Кинжалов
36072,Брюки бухты Кинжалов
36073,Наплеч бухты Кинжалов
36074,Наручи бухты Кинжалов
36075,Шнурованный ремень Зимних Плавников
36076,Сапоги Зимних Плавников
36077,Нагрудник Зимних Плавников
36078,Перчатки Зимних Плавников
36079,Клобук Зимних Плавников
36080,Набедренники Зимних Плавников
36081,Наплечные щитки Зимних Плавников
36082,Наручники Зимних Плавников
36083,Пояс Терзающего Бича
36084,Сапоги Терзающего Бича
36085,Жакет Терзающего Бича
36086,Перчатки Терзающего Бича
36087,Шлем Терзающего Бича
36088,Поножи Терзающего Бича
36089,Наплечье Терзающего Бича
36090,Накулачники Терзающего Бича
36091,Вилдерварский пояс
36092,Вилдерварские сапоги
36093,Вилдерварский мундир
36094,Вилдерварские перчатки
36095,Вилдерварский шлем
36096,Вилдерварские штаны
36097,Вилдерварские наплечные щитки
36098,Вилдерварские боевые наручи
36099,Боевой пояс карибу
36100,Сапоги карибу
36101,Жилет карибу
36102,Перчатки карибу
36103,Клобук карибу
36104,Брюки карибу
36105,Наплечники карибу
36106,Поручи карибу
36107,Шнурованный ремень злотерзания
36108,Сапоги злотерзания
36109,Броня злотерзания
36110,Перчатки злотерзания
36111,Капюшон злотерзания
36112,Поножи злотерзания
36113,Наплечье злотерзания
36114,Наручи злотерзания
36115,Пояс таунка
36116,Сапоги таунка
36117,Мундир таунка
36118,Перчатки таунка
36119,Шапка таунка
36120,Набедренники таунка
36121,Наплеч таунка
36122,Боевые наручи таунка
36123,Пояс Мурадина
36124,Сапоги Мурадина
36125,Нагрудник Мурадина
36126,Перчатки Мурадина
36127,Капюшон Мурадина
36128,Штаны Мурадина
36129,Наплечники Мурадина
36130,Наручники Мурадина
36131,Ремень росомахи
36132,Сапоги росомахи
36133,Жакет росомахи
36134,Перчатки росомахи
36135,Шлем росомахи
36136,Поножи росомахи
36137,Наплечные щитки росомахи
36138,Боевые наручи росомахи
36139,Пояс призрачного носорога
36140,Сапоги призрачного носорога
36141,Жилет призрачного носорога
36142,Перчатки призрачного носорога
36143,Шлем призрачного носорога
36144,Бриджи призрачного носорога
36145,Наплечье призрачного носорога
36146,Наручи призрачного носорога
36147,Пояс пигмея
36148,Сапоги пигмея
36149,Мундир пигмея
36150,Перчатки пигмея
36151,Шлем пигмея
36152,Штаны пигмея
36153,Наплечники пигмея
36154,Наручники пигмея
36155,Ремень вендиго
36156,Сапоги вендиго
36157,Нагрудник вендиго
36158,Перчатки вендиго
36159,Капюшон вендиго
36160,Набедренники вендиго
36161,Наплечье вендиго
36162,Поручи вендиго
36163,Шнурованный ремень тенетника
36164,Сапоги тенетника
36165,Жилет тенетника
36166,Перчатки тенетника
36167,Капюшон тенетника
36168,Поножи тенетника
36169,Наплечные щитки тенетника
36170,Наручники тенетника
36171,Пояс упыря
36172,Сапоги упыря
36173,Мундир упыря
36174,Перчатки упыря
36175,Капюшон упыря
36176,Набедренники упыря
36177,Наплечники упыря
36178,Накулачники упыря
36179,Кованый боевой пояс
36180,Кованые сапоги
36181,Кованый нагрудник
36182,Кованые кулачные перчатки
36183,Кованый шлем
36184,Кованые набедренники
36185,Кованые наплечные щитки
36186,Кованые наручи
36187,Ньордский пояс
36188,Ньордские сапоги
36189,Ньордский плетеный нагрудник
36190,Ньордские рукавицы
36191,Ньордский шлем
36192,Ньордские поножи
36193,Ньордские наплечные щитки
36194,Ньордские наручи
36195,Скомский стеганный пояс
36196,Скомские наголенники
36197,Скомский плетеный нагрудник
36198,Скомские перчатки
36199,Скомский шлем
36200,Скомские поножи
36201,Скомский наплеч
36202,Скомские наручи
36203,Ниффлварский ремень
36204,Ниффлварские сапоги
36205,Ниффлварский нагрудник
36206,Ниффлварские перчатки
36207,Ниффлварский шлем
36208,Ниффлварские набедренники
36209,Ниффлварские наплечные щитки
36210,Ниффлварские наручники
36211,Пояс косатки
36212,Сапоги косатки
36213,Броня косатки
36214,Кулачные перчатки косатки
36215,Шлем косатки
36216,Бриджи косатки
36217,Наплеч косатки
36218,Наручники косатки
36219,Ремень Янтарной Сосны
36220,Наголенники Янтарной Сосны
36221,Плетеный нагрудник Янтарной Сосны
36222,Рукавицы Янтарной Сосны
36223,Шлем Янтарной Сосны
36224,Набедренники Янтарной Сосны
36225,Наплеч Янтарной Сосны
36226,Наручи Янтарной Сосны
36227,Пояс зверолова
36228,Латные сапоги зверолова
36229,Плетеный нагрудник зверолова
36230,Перчатки зверолова
36231,Шлем зверолова
36232,Поножи зверолова
36233,Наплечные щитки зверолова
36234,Наручи зверолова
36235,Боевой пояс черпорога
36236,Наголенники черпорога
36237,Кираса черпорога
36238,Рукавицы черпорога
36239,Шлем черпорога
36240,Набедренники черпорога
36241,Оплечье черпорога
36242,Наручники черпорога
36243,Ремень мамонта
36244,Сапоги мамонта
36245,Нагрудник мамонта
36246,Кулачные перчатки мамонта
36247,Шлем мамонта
36248,Бриджи мамонта
36249,Наплеч мамонта
36250,Наручники мамонта
36251,Пояс волчера
36252,Наголенники волчера
36253,Броня волчера
36254,Кулачные перчатки волчера
36255,Шлем волчера
36256,Набедренники волчера
36257,Наплечные щитки волчера
36258,Наручники волчера
36259,Боевой пояс скряги
36260,Наголенники скряги
36261,Плетеный нагрудник скряги
36262,Перчатки скряги
36263,Шлем скряги
36264,Поножи скряги
36265,Оплечье скряги
36266,Браслеты скряги
36267,Ульдуарский ремень
36268,Ульдуарские наголенники
36269,Ульдуарская кираса
36270,Ульдуарские рукавицы
36271,Ульдуарский шлем
36272,Ульдуарские набедренники
36273,Ульдуарские наплечные щитки
36274,Ульдуарские наручи
36275,Пояс повелителя пауков
36276,Сапоги повелителя пауков
36277,Нагрудник повелителя пауков
36278,Рукавицы повелителя пауков
36279,Шлем повелителя пауков
36280,Набедренники повелителя пауков
36281,Наплеч повелителя пауков
36282,Наручи повелителя пауков
36283,Призрачный боевой пояс
36284,Призрачные наголенники
36285,Призрачная броня
36286,Призрачные рукавицы
36287,Призрачный шлем
36288,Призрачные бриджи
36289,Призрачное оплечье
36290,Призрачные браслеты
36291,Пояс Западной Стражи
36292,Наголенники Западной Стражи
36293,Броня Западной Стражи
36294,Перчатки Западной Стражи
36295,Шлем Западной Стражи
36296,Ножные латы Западной Стражи
36297,Эполеты Западной Стражи
36298,Наручи Западной Стражи
36299,Ремень мерзлого камня
36300,Башмаки мерзлого камня
36301,Кираса мерзлого камня
36302,Рукавицы мерзлого камня
36303,Шлем мерзлого камня
36304,Ножные латы мерзлого камня
36305,Наплечье мерзлого камня
36306,Наручи мерзлого камня
36307,Гибльхеймский пояс
36308,Гибльхеймские наголенники
36309,Гибльхеймская броня
36310,Гибльхеймские перчатки
36311,Гибльхеймский шлем
36312,Гибльхеймские набедренники
36313,Гибльхеймские эполеты
36314,Гибльхеймские тяжелые наручи
36315,Ремень Драконьего Черепа
36316,Башмаки Драконьего Черепа
36317,Кираса Драконьего Черепа
36318,Рукавицы Драконьего Черепа
36319,Шлем Драконьего Черепа
36320,Ножные латы Драконьего Черепа
36321,Эполеты Драконьего Черепа
36322,Наручи Драконьего Черепа
36323,Пояс Халгринда
36324,Наголенники Халгринда
36325,Панцирь Халгринда
36326,Перчатки Халгринда
36327,Шлем Халгринда
36328,Ножные латы Халгринда
36329,Эполеты Халгринда
36330,Наручи Халгринда
36331,Пояс Седой Пасти
36332,Башмаки Седой Пасти
36333,Броня Седой Пасти
36334,Рукавицы Седой Пасти
36335,Шлем Седой Пасти
36336,Ножные латы Седой Пасти
36337,Эполеты Седой Пасти
36338,Тяжелые наручи Седой Пасти
36339,Окропленный кровью ремень
36340,Окропленные кровью башмаки
36341,Окропленная кровью кираса
36342,Окропленные кровью рукавицы
36343,Окропленный кровью шлем
36344,Окропленные кровью ножные латы
36345,Окропленное кровью наплечье
36346,Окропленные кровью тяжелые наручи
36347,Йормунгарский ремень
36348,Йормунгарские башмаки
36349,Йормунгарская кираса
36350,Йормунгарские рукавицы
36351,Йормунгарский шлем
36352,Йормунгарские ножные латы
36353,Йормунгарское наплечье
36354,Йормунгарские наручи
36355,Пояс Ледяной Лапы
36356,Наголенники Ледяной Лапы
36357,Броня Ледяной Лапы
36358,Рукавицы Ледяной Лапы
36359,Шлем Ледяной Лапы
36360,Набедренники Ледяной Лапы
36361,Эполеты Ледяной Лапы
36362,Тяжелые наручи Ледяной Лапы
36363,Ремень магнатавра
36364,Башмаки магнатавра
36365,Кираса магнатавра
36366,Рукавицы магнатавра
36367,Шлем магнатавра
36368,Ножные латы магнатавра
36369,Наплечье магнатавра
36370,Наручи магнатавра
36371,Ремень кракена
36372,Наголенники кракена
36373,Кираса кракена
36374,Рукавицы кракена
36375,Шлем кракена
36376,Ножные латы кракена
36377,Эполеты кракена
36378,Тяжелые наручи кракена
36379,Ремень голема
36380,Башмаки голема
36381,Кираса голема
36382,Рукавицы голема
36383,Шлем голема
36384,Ножные латы голема
36385,Наплечье голема
36386,Тяжелые наручи голема
36387,Потусторонний пояс
36388,Потусторонние наголенники
36389,Потусторонняя броня
36390,Потусторонние рукавицы
36391,Потусторонний полный шлем
36392,Потусторонние набедренники
36393,Потусторонние эполеты
36394,Потусторонние наручи
36395,Некропольский ремень
36396,Некропольские башмаки
36397,Некропольская кираса
36398,Некропольские перчатки
36399,Некропольский шлем
36400,Некропольские ножные латы
36401,Некропольские эполеты
36402,Некропольские тяжелые наручи
36403,Плащ наездника
36404,Замшевый плащ
36405,Двойная накидка
36406,Плащ скитальца
36407,Шнурованный плащ
36408,Двусторонняя шерстяная накидка
36409,Мятый бархатный плащ
36410,Кожаный плащ карибу
36411,Накидка буяна
36412,Плащ из овечьей шерсти
36413,Накидка из крашеной тафты
36414,Плащ из меха мамонта
36415,Старомодный атласный плащ
36416,Монарший плащ
36417,Овальное кольцо
36418,Кольцо природы
36419,Стеклянное кольцо
36420,Драгоценное кольцо
36421,Кольцо праведности
36422,Филигранное кольцо
36423,Дарственное кольцо
36424,Кольцо с камелиями
36425,Золотое перекрученное кольцо
36426,Поддерживающее кольцо
36427,Кольцо с гравировкой
36428,Подарочное кольцо
36429,Острогранное кольцо
36430,Кольцо-головоломка
36431,Крашеные деревянные бусы
36432,Серебряная цепь
36433,Перевитое змеиное ожерелье
36434,Золотой сетчатый ошейник
36435,Украшенная вышивкой подвеска
36436,Яшмовое ожерелье
36437,Цепь Фигаро
36438,Ожерелье из акульих зубов
36439,Змеевидная цепь
36440,Золотая цепь с застежками
36441,Жемчужное плетеное колье
36442,Элегантный амулет
36443,Платиновый медальон
36444,Инкрустированный льдом амулет
36445,Склепанный щит
36446,Кованый железный щит
36447,Кулачный щит Каскала
36448,Шипастый тарг
36449,Врайкульский щит
36450,Ременной жаростойкий щит
36451,Щит Камагуа
36452,Спицевый щит
36453,Чеканный бронзовый щит
36454,Куполовидный кулачный щит
36455,Пластинчатый оплот
36456,Мерзлый каплевидный щит
36457,Щит из бивневой кости
36458,Застывший щит
36459,Ледяная сфера
36460,Северная звезда
36461,Сфера из черепа демона
36462,Кристалл Хладарры
36463,Полированная сфера
36464,Потемневший скипетр
36465,Вечнозеленая ветвь
36466,Фасетчатая сфера
36467,Отражающая сфера
36468,Переливчатая звездная сфера
36469,Незавершенная сфера
36470,Роскошный скипетр
36471,Ледяной хрустальный шар
36472,Резная ветвь
36473,Кинжал первопроходца
36474,Чеканный кинжал
36475,Ивовый короткий клинок
36476,Китовый потрошитель
36477,Двулезвийный стилет
36478,Обмерзший коготь
36479,Потрошитель снобольдов
36480,Эбеновый кинжал
36481,Нож зверолова
36482,Защитный кинжал
36483,Костяное лезвие
36484,Гравированный кинжал
36485,Волнистый крис
36486,Изысканный широкий кинжал
36487,Утяжеленная камнем палица
36488,Сосновая дубина
36489,Железный ребристый скипетр
36490,Клыкаррская деревянная рапира
36491,Зазубренная кувалда
36492,Заостренная дубина
36493,Фурболгский буздыхан
36494,Колючая звезда
36495,Молот из железного сплава
36496,Окованная латунью деревянная рапира
36497,Адамантиновый молот
36498,Нерубская палица
36499,Хладная боевая палица
36500,Палица горгульи
36501,Гранитная кувалда
36502,Несуразная палица
36503,Гладкий ослоп
36504,Надтреснутый молот
36505,Обмерзшая стальная палица
36506,Палица погребения
36507,Литая железная дубина
36508,Громоздкий кузнечный молот
36509,Палица из бедренной кости
36510,Ослоп лесоруба
36511,Арктический боевой молот
36512,Неподъемная булава
36513,Магнетитовый молот
36514,Королевский боевой молот
36515,Абордажная сабля налетчика
36516,Племенной клинок
36517,Меч железной хватки
36518,Лезвие тундры
36519,Катана лунного света
36520,Рассекающий широкий клинок
36521,Мерцающая сабля
36522,Шероховатый клинок
36523,Тролльский тесак
36524,Примитивный ятаган
36525,Никудышное мачете
36526,Скользкий длинный меч
36527,Вороненый клинок
36528,Меч скелета
36529,Выкопанный палаш
36530,Заточенное железное лезвие
36531,Пилообразный большой меч
36532,Клинок из акульего плавника
36533,Украшенный палаш
36534,Клинок из закаленной стали
36535,Меч из драконьего ребра
36536,Инкрустированный большой меч
36537,Украшенный мехом палаш
36538,Тролльский уничтожитель
36539,Замерзший боевой клинок
36540,Окаменелый меч
36541,Клеймор глубокой зимы
36542,Клинок вторжения
36543,Палка выживания
36544,Посох путешественника
36545,Ветвистый побег
36546,Необычный посох
36547,Палка шута
36548,Посох обещания
36549,Пульсирующий боевой посох
36550,Сверкающий посох
36551,Ритуальный большой посох
36552,Шипастый большой посох
36553,Испоганенный посох
36554,Проклятый посох
36555,Посох приспешника
36556,Посох Апокалипсиса
36557,Мясодеры
36558,Изогнутые шкрабы
36559,Ценные ручные серпы
36560,Захваты бойца
36561,Рука мумии
36562,Голубые когти
36563,Перчатки с когтями
36564,Кастет паука
36565,Геройские кастеты
36566,Роскошные кастеты
36567,Шестипалые когти
36568,Облегченные костяные кастеты
36569,Когти свирепости
36570,Оскверненные боевые серпы
36571,Разделочный топор
36572,Звенящий колун
36573,Первобытное тесло
36574,Костяной колун
36575,Секира укротителя драконов
36576,Остроконечный топор
36577,Закругленный топор
36578,Секач троллей
36579,Борейский дровокол
36580,Грозный топор
36581,Одноручный топор волчера
36582,Ледяной остроконечный топор
36583,Крушитель скелетов
36584,Снежное рубило
36585,Ребристый боевой топор
36586,Боевой топор расправы
36587,Топор таунка
36588,Горящий боевой топор
36589,Разделяющий широкий топор
36590,Топор из костяных пластин
36591,Крыловидный топор
36592,Топор лесоруба
36593,Разрубатель троллей
36594,Дробящий боевой топор
36595,Плоский широкий топор
36596,Разрывающий топор
36597,Топор-ледокол
36598,Боевой топор Алого ордена
36599,Океанский трезубец
36600,Крестьянская коса
36601,Ранящий гарпун
36602,Покрытая ржавчиной алебарда
36603,Древнее длинное копье
36604,Пепельная глефа
36605,Коса ветра
36606,Старая алебарда
36607,Дворфийская алебарда
36608,Пронзающая глефа
36609,Брошенное копье
36610,Чумная пика
36611,Блеклая коса
36612,Боевое копье Плети
36613,Почетный длинный лук
36614,Тисовый лук
36615,Длинный лук знатока
36616,Верный лук
36617,Пружинистый лук
36618,Крученый длинный лук
36619,Астральный легкий лук
36620,Лук путника
36621,Улучшенный плоский лук
36622,Точный короткий лук
36623,Укрепленный длинный лук
36624,Визжащий лук
36625,Массивный изогнутый лук
36626,Армейский композитный лук
36627,Составной арбалет
36628,Удлиненный арбалет
36629,Арбалет свирепости
36630,Тугой арбалет
36631,Серповидный арбалет
36632,Роговидный арбалет
36633,Скорострельный арбалет
36634,Болестрел
36635,Великолепный арбалет
36636,Арбалет-самострел
36637,Ужасающий арбалет
36638,Кровавый арбалет
36639,Беспощадная баллиста
36640,Арбалет Плети
36641,Подогнанный мушкет
36642,Кремневое ружье
36643,Мушкет следопыта
36644,Грубо собранный мушкет
36645,Клыкаррский огнестрел
36646,Непослушное ружье
36647,Громкий самострел
36648,Винтовка зверолова
36649,Тундровая винтовка
36650,Ружье мамонта
36651,Укороченный мушкет
36652,Короткий дробовик
36653,Самодельная удлиненная винтовка
36654,Винтовка суровой зимы
36655,Украшенный жемчугом жезл
36656,Потемневший жезл
36657,Зловещий жезл
36658,Потухшая искра
36659,Ломкий жезл
36660,Расплавленный жезл
36661,Загадочный жезл
36662,Вудуистский жезл
36663,Древний жезл
36664,Замерзший жезл
36665,Жезл Пустошей
36666,Полярный жезл
36667,Твердый жезл льда
36668,Жезл бессмысленности
36669,Вычурный кинжал
36670,Цыганский клинок
36671,Зловещий кинжал
36672,Странный кинжал
36673,Кинжал осведомленности
36674,Древний зуб
36675,Зрячий кинжал
36676,Водяной клинок
36677,Парящий кинжал
36678,Рунический коготь
36679,Поющий кинжал
36680,Мистический клык
36681,Резак мудрости
36682,Клинок подстрекательства
36683,Реликвийная палица
36684,Небесный молот
36685,Бесшумная легкая палица
36686,Скипетр гармонии
36687,Просвещающий скипетр
36688,Неприкосновенная палица
36689,Необычный молот
36690,Выкопанный скипетр
36691,Молот величавости
36692,Палица целительства
36693,Молот безмятежности
36694,Палица блага
36695,Скипетр начетника
36696,Скипетр изящества
36697,Большой посох воды
36698,Шишковатый посох
36699,Посох айсберга
36700,Бурый большой посох
36701,Сосновый иглистый посох
36702,Тающий ледяной посох
36703,Отделанный бивнями большой посох
36704,Посох пчелиного улья
36705,Посох гейзера
36706,Посох цепкой лозы
36707,Посох низвергающейся воды
36708,Посох зимнего цветения
36709,Посох из хрустального дерева
36710,Посох лавины
36711,Острие Отрекшихся
36712,Воющие метательные ножи
36713,Дальнобойная метательная звезда
36714,Клыкаррский пронзатель
36715,Рунический сюрикен
36716,Зловещие дротики
36717,Метательный топор Торговой Компании
36718,Сюрикен Нексуса
36719,Охотничий метательный нож
36720,Парящие ножи
36721,Драконьи зубы
36722,Пирамидообразный сюрикен
36723,Разрывающий сюрикен
36724,Застывшие метательные клинки
36725,Образец черной крови Йогг-Сарона
36726,Шахтерская кирка Боруса
36727,Композитная руда
36728,Горсть осколков льда
36729,Тонкая звериная шкура
36730,Расколотая кость
36731,Обугленное мясо йормунгара
36732,Мощная взрывчатка
36733,Дрова для Морозной выси
36734,Пульт управления крошшером Зинка
36735,Боевые планы Киликса
36736,Элемент доспеха воина Плети
36737,Секира жестокого гладиатора
36738,Боевой штандарт клана Песни Войны
36739,Сердце древних
36740,Дыхание духа
36741,Голова верховного сектанта Загнуса
36742,Странное устройство Горамоша
36743,Настой безнадеги
36744,Сшитый плотью фолиант
36746,Странное устройство Горамоша
36747,Телепорт к Волноловам
36748,Пиво темной официантки
36751,Кольцо управления средоточием силовых линий
36752,Фрагмент ключа Анок\'ры
36753,Фрагмент ключа Тивакса
36754,Фрагмент ключа Синока
36756,Письмо капитана Малин
36757,Скрижали Драккари
36758,Священный настой
36759,Кусок панциря Ануб\'ет\'кана
36760,Ключ от Ануб\'арской темницы
36764,Осколок земли
36765,Образец каменной плоти
36766,Яркое Око дракона
36767,Цельное око дракона
36768,Фиал едкой слюны
36769,Охранный эликсир Зорта
36770,Охранный эликсир Зорта
36771,Прочные ящики
36772,Пойманное порождение йормунгара
36774,Сигнальное ружье Вальнока
36775,Скребок Зорта
36776,Мясо островного черпорога
36777,Рог Камагуа
36779,Амулет управления средоточием силовых линий
36780,Письмо лейтенанта Та\'зинни
36781,Темноводный моллюск
36782,Сочное мясо моллюска
36783,Жемчужина Северного моря
36784,Слеза Сирены
36786,Кора древня
36787,Осколок Гаврока
36788,Тусклый мех
36789,Треснувший рог
36793,Ледяное сердце Сарастры
36794,Шероховатые рыбьи косточки
36795,Нетипичный коготь
36796,Рунолом Гаврока
36797,Громоздкий чешуйчатый хвост
36798,Соскобленная чешуя
36799,Самоцвет маны
36800,Орган сопротивления гниению
36801,Корявый клык
36802,Косящий коготь
36803,Рубиновая сирень
36804,Надколотый белый бивень
36805,Уродливое копыто
36806,Идеально закругленное копыто
36807,Вакцина Синтара
36808,Изогнутый белый бивень
36809,Крупица стихий
36810,Исконное вливание
36811,Сорванная шестеренка
36812,Шестерня со шлифованными зубьями
36813,Треснутая шестеренка
36814,Свернутая шестеренка
36815,Талисман управления средоточием силовых линий
36816,Радужный осколок камня
36817,Полосчатый камень
36818,Сума с вакцинами
36819,Жилистое мясо ворга
36820,Сшитый плотью фолиант
36821,Мерцающий осколок камня
36822,Полупрозрачный полированный камень
36823,Бархатистое оперенье
36824,Узловатая лапа
36825,Канопа Драккари
36826,Дракил\'джинский молот
36827,Кровавый самоцвет
36828,Наполненный кровавый самоцвет
36829,Невероятно склизкая лимфа
36830,Ужасно липкая субстанция
36832,Приглашение в Храм Драконьего Покоя
36833,Приглашение в Храм Драконьего Покоя
36834,Заряженный молот Дракил\'джин
36835,Самоцвет нечестивости
36836,Наполненный нечестивый самоцвет
36846,Наполненный ледяной самоцвет
36847,Ледяной самоцвет
36848,Чертежи боевого голема
36849,"Чертежи голема, часть 1"
36850,"Чертежи голема, часть 2"
36851,"Чертежи голема, часть 3"
36852,Часть боевого голема
36853,Голова Гром\'тара
36854,Геральдический боевой рог
36855,Геральдический боевой рог
36856,Геральдический боевой рог
36857,Энергобатарея Дурара
36858,Энергобатарея Каторна
36859,Снег вечного сна
36860,Извечный огонь
36861,Переведенный сшитый из плоти фолиант
36862,Потертая тролльская игральная кость
36863,Десятигранный игральный кубик дворфов
36864,Геральдический боевой рог
36865,Пульт управления големом
36866,HF Синий Leather DPS Chest
36867,HF Синий латные DPS Chest
36868,Крупицы духов Драккари
36870,Священное подношение Драккари
36871,Ярость шквального ветра
36872,Вызыватель рассвета
36873,Пыль духов Драккари
36874,Рог вестника
36875,Стейк из черпоклыка
36876,Опаленный священный символ
36877,Сложенное письмо
36878,Змеевидный длинный посох
36879,Солдатская шипастая палица
36880,Зловещий чародейский клинок
36881,Моргенштерн лекаря
36882,Длинный лук Песни Войны
36883,Большой меч бойца
36884,Трансборейский убор
36885,Нагрудник болотоходца
36886,Поножи Западной расселины
36887,Наплечье из камня силы
36888,Набедренники болотоходца
36889,Демонический камень здоровья
36890,Демонический камень здоровья
36891,Демонический камень здоровья
36892,Камень здоровья из Скверны
36893,Камень здоровья из Скверны
36894,Камень здоровья из Скверны
36895,Демонический камень души
36899,Особое масло маны
36901,Золотой клевер
36902,Удушающая трава
36903,Язык аспида
36904,Тигровая лилия
36905,Личецвет
36906,Ледошип
36907,Роза Таландры
36908,Северный лотос
36909,Кобальтовая руда
36910,Титановая руда
36912,Саронитовая руда
36913,Слиток саронита
36914,Азуритовый слиток
36916,Слиток кобальта
36917,Кровавый камень
36918,Алый рубин
36919,Багровый рубин
36920,Солнечный хрусталь
36921,Сияние осени
36922,Царский янтарь
36923,Кальцедоний
36924,Небесный сапфир
36925,Величественный циркон
36926,Сумрачный кристалл
36927,Сумеречный опал
36928,Страхолит
36929,Огромный цитрин
36930,Императорский топаз
36931,Аметрин
36932,Темный нефрит
36933,Лесной изумруд
36934,Око Зула
36935,Взрывчатка Регара
36936,Пульт управления големом
36937,Латный капюшон тундрохода
36938,Кираса из камня силы
36939,Чулки нимфы
36940,Дневник Михаила
36941,Гербовая накидка участника соревнований
36942,Ледяная Скорбь
36943,Вневременные бусы Этерноса
36944,Клинок жизни Белгаристраза
36945,Сновидческие манжеты Вердисы
36946,Рунический сковывающий нагрудник
36947,Кожух стержня центрифуги
36948,Рогатый шлем Вароса
36949,Перчатки Лазурного повелителя
36950,Кираса командира звена
36951,Боевые рукавицы отступления
36952,Ремень неясности
36953,Наплеч удачных маневров
36954,Туфли кудесника
36956,Жидкое пламя Элуны
36957,Рабочий костюм сектанта
36958,Памятный дар Зангуса
36961,Великое драконье кольцо
36962,Боевой топор из когтя змея
36969,Латный шлем хранителя энергии
36971,Кольчужный шлем Западной расселины
36972,Фолиант магических феноменов
36973,Одежды ученого
36974,Украшенный нагрудный доспех Эрегоса
36975,Благоволение Малигоса
36976,Поножи повелителя колец
36977,Наручники созидания
36978,Пояс из шкуры детеныша дракона
36979,Фамильный перстень Бьярнгрина
36980,Вытесанный тренировочный большой посох
36981,Закаленный метательный топор врайкулов
36982,Заряженное электричеством оплечье
36983,Накидка клубящегося пара
36984,Изогнутый вечностью клинок
36985,Капюшон Волхана
36986,Килт оплавленных големов
36988,Спиральный амулет хаоса
36989,Древний измерительный жезл
36991,Облачение титанов
36992,Скрепленные кожей плетеные поножи
36993,Печать Пантеона
36994,Снарядозапускатель
36995,Кулачные перчатки Локена
36996,Шлем незаметного убийцы
36997,Кушак стойкого стража
36998,Покров зачинщика
36999,Сапоги земного стража
37000,Наручи бушующего водоворота
37002,Кольчуга связывателя
37003,Депеша Альянса
37004,Ножные латы простого созерцателя
37005,Верхняя рубашка участника Д.Э.Г.О.Ж.
37006,Кристалл направления силовых линий
37007,Кожаный капюшон обмана
37008,Торжественные эполеты
37009,Башмаки нравственности
37010,Шкура серого ворга
37011,Волшебная метла
37012,Поводья скакуна Всадника без головы
37013,Ключ от клетки в Дун Арголе
37014,Жезл наказания браконьеров
37015,Жезл природных богатств
37016,Жезл хранителя
37017,Гибкий клинок
37018,Р.Э.Г.О.Ж.
37019,Борейский страж
37020,Шкура гризли
37021,Коготь клыкарра
37022,Акулий стилет
37023,Компактный стрелопускатель
37024,Целебная палочка
37025,Жирорезка
37026,Жезл медиума
37027,Образец гнили
37028,Сюрикен из кости кондора
37029,Плавнорез
37030,Жиротес
37031,Трость целителя
37032,Клыкаррский обрубатель
37033,Книга приливов
37034,Резак лобстудара
37035,Униформа надзирателя
37036,Рыбачий глазокол
37037,Ритуальный нож
37038,Жаркий поджигатель
37039,Клинок Мргла
37040,Окровавленные оковы Свалы
37041,Скипетр Зимних Плавников
37042,Мерцающий зуб косатки
37043,Рвано-клепанные рукавицы
37044,Десантный гарпун
37045,Камера Килиана
37046,Дробитель раковин
37047,Ветвь вечного пламени
37048,Покров воскрешения
37049,Винтовка пропавшего снайпера
37050,Собиратель трофеев
37051,Печать Валгарда
37052,Восстановленная броня
37053,Амулет избегания ударов
37054,Ледяной укус
37055,Шелковый амикт имирьяра
37056,Наголенники гарпунщика
37057,Мундир наездника на драконе
37058,Перстень Ранульфа
37060,Изукрашенный меч для коронации
37061,Рыцарский щит Тора
37062,Корона забытых королей
37063,Заряженное подношение Драккари
37064,Останки Галдора
37065,Клинок Имирона
37066,Древние королевские набедренники
37067,Оплечье церемониального костра
37068,Башмаки берсерка
37069,Наручники ясновидицы клана Укротителей драконов
37070,Сапоги тундрового волка
37071,Набор для переодевания в надзирателя
37072,Зазубренная ледяная перчатка
37073,Большой посох алчности
37074,Очищающий талисман великой матери
37075,Заточка из зазубренной чешуи
37076,Огненное стрекало
37077,Истлевший коготь
37078,Жезл багрового хранителя
37079,Зачарованная проволочная серьга
37080,Воля Багрового Легиона
37081,Резак Мясного Крюка
37082,Башмаки бойни
37083,Сшитый из плоти килт
37084,Воздушный плащ властности
37085,Туманолистник
37086,Фолиант Салрамма
37087,Сладокорень
37088,Шипастый металлический пояс
37091,Свиток интеллекта VII
37092,Свиток интеллекта VIII
37093,Свиток выносливости VII
37094,Свиток выносливости VIII
37095,Боевой тузадинский пояс
37096,Ожерелье хронолорда
37097,Свиток духа VII
37098,Свиток духа VIII
37099,Вековечный посох
37101,Бежевые чернила
37104,Рог взрослого оленя
37105,Ботинки измененной истории
37106,Пояс Уробороса
37107,Щит Лики
37108,Клинок Повелителя ужаса
37109,Бракованный наплеч Серебряной длани
37110,Рукавицы темного превращения
37111,Резервуар для душ
37112,Скипетр очаровывания
37113,Демонические тканые поручи
37114,Перчатки Северного Лордерона
37115,Полевое наплечье рыцаря
37116,Эполеты торгового ряда
37117,Полевые наручи короля
37118,Свиток возврата
37121,Эктоплазменный осадок
37122,Тугой лук из сплавной древесины
37124,Слеза изумрудного дракона
37125,Камера Рокара
37126,Clayton\'s Test Item Three
37127,Амулет светлого пива
37128,Амулет темного пива
37129,Настой порчи
37134,Дневник Телестры
37135,Шлем магического отражения
37136,Доспех Алого Натиска
37137,Оружие Алого Натиска
37138,Поручи растекающейся энергии
37139,Наплеч беззаботного вора
37140,Туз из колоды Разбойников
37141,Амулет ослепительного света
37143,Двойка из колоды Разбойников
37144,Хауберк волшебного призрака
37145,Туз из колоды Мечей
37147,Двойка из колоды Мечей
37148,Обгорелая страница
37149,Шлем Аномалуса
37150,Скалоступы
37151,Кориевое кольцо льда
37152,Ремень льда
37153,Перчатки выращивателя кристаллов
37154,Смутные перчатки
37155,Килт Морозного леса
37156,Тройка из колоды Разбойников
37157,Четверка из колоды Разбойников
37158,Пятерка из колоды Разбойников
37159,Тройка из колоды Мечей
37160,Четверка из колоды Мечей
37161,Пятерка из колоды Мечей
37162,Оплот благородного защитника
37163,Колода Разбойников
37164,Колода Мечей
37165,Расшитый кристаллами мундир
37166,Сфера крови красного дракона
37167,Башмаки истребителя драконов
37168,Карта таинства
37169,Боевая палица безответной любви
37170,Наручи изысканного плетения
37171,Латный пояс из огнеупорной стали
37172,Перчатки переливчатых рун
37173,Геомантская сфера
37174,Волнистый лазурный плащ
37175,Зеркальные серебряные наручи
37176,Пещерные кожаные ботфорты
37177,Жезл Сан\'лейна
37178,Пояс стратега
37179,Штурмовой клинок пехотинца
37180,Кожаный шлем с картой битвы
37181,Кинжал предательства
37182,Шлем Конструктора
37183,Наручники проходчика
37184,Доспех Далронна
37185,Сочная оленина
37186,Несокрушимое тяжелое кольцо
37187,Клетка с крысами
37188,Шлем расхитителя
37189,Брюки призывателя
37190,Посох звериной дикости
37191,Тяжелый драконий арбалет
37192,Кольцо Аннгильды
37193,Несравненные ножные латы
37194,Колючий кожаный пояс
37195,Кольцо чародейского роста
37196,Оплечье заклинателя рун
37197,Потрепанная пелерина
37198,Прототип генератора боли
37199,Образец слизи
37200,Бок гризли
37201,Прах
37202,Хлыст всадника Натиска
37203,Регенерирующее одеяние
37204,Трансборейские поножи
37205,Трансборейское оплечье
37206,Выцветший рабочий плащ
37207,Сапоги мореплавателя
37208,Трансборейские наручи
37209,Шляпа управляющего пристанью
37210,Кушак мореплавателя
37211,Обмотки ледяного потока
37212,Трансборейские напульсники
37213,Напульсники ледяного потока
37214,Поножи пекла
37215,Закрытый шлем затерянного моря
37216,Покрытый письменами штурмовой щит
37217,Золотые поручи
37218,Скальные туфли
37219,Нагрудник коменданта
37220,Квинтэссенция паутины
37221,Ножные латы из полых жвал
37222,Оболочка яйца
37223,Повязки пекла
37224,Пояс пекла
37225,Сандалии пекла
37226,Одеяния пекла
37227,Оплечье мореплавателя
37228,Манжеты пекла
37229,Огнепрочный талисман
37230,Перчатки Туманного грота
37231,Ошейник голоса льда
37232,Кольцо короля-предателя
37233,Гниль Отрекшихся
37234,Многослойный обмерзший капюшон
37235,Коварный клинок владыки склепа
37236,Одежды салаги
37237,Великий шлем из хитинового панциря
37238,Жезл падшего монарха
37239,Многослойные обмерзшие сандалии
37240,Наручи Жароборода
37241,Древний подтянутый ремень
37242,Кушак служителя
37243,Пояс искателя сокровищ
37244,Обросшие грибами сапоги
37245,Наручники из спутанной паутины
37246,Стебель чернокорня
37247,Слабительная настойка Андерхола
37248,Осадная бомба
37250,Частично переваренные янтарные желуди
37251,Кровь безумного фурболга
37252,Ягоды снежевики
37253,Снежевичный сок
37254,Сфера сверхобезьяны
37255,Пытатель
37256,Чешуйчатая броня Дракоса
37257,Кольцо пытки
37258,Драконокрылое облачение
37259,Осадные бомбы
37260,Секира Облачного Скитальца
37261,Светозарные перчатки
37262,Лазурные кольчатые поножи
37263,Ножные латы зоркого стража
37264,Маятник теллурических токов
37265,Воздушный пузырь Туа\'кеа
37267,Текущие приказы Алого Натиска: казармы
37268,Текущие приказы Алого Натиска: аббатство
37269,Текущие приказы Алого Натиска: берег
37270,Многослойные обмерзшие одеяния
37271,Пояс созерцателя закатов
37272,Наплечная накидка Крутиуха
37273,Рукавицы хранителя Багрового Легиона
37274,Шлем целителя
37275,Оплечье глубокой ненависти
37276,Трико Обжоры
37277,Жесткий плащ из шкуры горностая
37278,BT47 Cloth Healer Belt2
37279,BT48 Cloth Spell Bracer3
37280,Закаленный пламенем боевой пояс
37281,BT52 Cloth Healer Chest2
37282,Пористые рукавицы
37283,Килт странствующего целителя
37284,BT55 Cloth Spell Boots4
37285,BT56 Cloth Spell Legs4
37286,BT57 Cloth Healer Glove2
37287,Свисток для вызова грифона Стражей Зимы
37288,Каталитические поручи
37289,Кушак призрачных видений
37290,Амулет драккара
37291,Древняя накидка духа дракона
37292,Набедренники хранителя энергии
37293,Маска дозорного
37294,Корона необузданной магии
37295,HF28 Cloth Spell Head4
37296,BT59 Cloth Spell Gloves4
37297,Золотой медальон
37298,Сувенир участника соревнований
37299,Текущие приказы Алого Натиска
37300,Термиты семейки Левин
37301,Deprecated Test Glyph
37302,Фордрассилское семя
37303,Пепел Фордрассила
37304,Пылающая вода аптекаря
37305,Лоция капитана Шели
37306,Лиственный факел
37307,Очищенный пепел Фордрассила
37311,Бич усмирителя небес
37312,Морковка на палочке
37313,Ездовой хлыст
37314,Тавро верховного палача
37315,BT59 Leather Physical Boots4
37316,HF28 Leather Physical Поножи4
37317,BT56 Leather Healer Boots2
37318,BT55 Leather Physical Gloves4
37319,Захваты выветренных равнин
37320,Наплеч отголосков истины
37321,BT52 Leather Healer Legs2
37322,Закаленные пламенем наручники
37323,BT48 Leather Physical Belt3
37324,BT47 Leather Physical Gloves3
37325,Наплеч разведчика Песни Войны
37326,Формула чар для наручей - дух VI
37329,Формула чар для оружия - дух II
37330,Формула чар для плаща - сопротивление тайной магии II
37331,Формула чар для плаща - сопротивление огню IV
37332,Формула чар для плаща - сопротивление магии льда
37333,Формула чар для плаща - сопротивление силам природы II
37334,Формула чар для плаща - сопротивление темной магии III
37335,Формула чар для плаща - ловкость IV
37336,Формула чар для нагрудника - уклонение II
37337,Формула чар для наручей - все характеристики I
37338,Формула чар для оружия - свирепость
37339,Формула чар для оружия - истребитель великанов
37340,Формула чар для нагрудника - устойчивость II
37343,Формула чар для оружия - ловкость III
37344,Формула чар для оружия - ледорез
37345,Формула чар для перчаток - штурм II
37346,Формула чар для наручей - мастерство
37347,Формула чар для плаща - ткань титанов
37348,Формула чар для плаща - ускорение
37349,Формула чар для плаща - теневая броня
37350,Молитвенник епископа Стрита
37351,Укрепленные поножи из шкуры карибу
37352,Куртка из регенерирующей шкуры
37353,Укрепленный шлем из шкуры карибу
37354,Укрепленные сапоги из шкуры карибу
37355,Укрепленный нагрудный доспех из шкуры карибу
37356,Напульсники из шкуры люторога
37357,Плащ морозного целителя
37358,Шахтерская кирка Полувспыха
37359,Странная руда
37360,Посох битвы драконов
37361,Манжеты скоротечной левитации
37362,Поножи защитной ауры
37363,Рукавицы драконьего гнева
37364,Сфера ледяного рифа
37365,Поручи небесного кольца
37366,Наручи дракона-воителя
37367,Высокие ботинки отголосков эха
37368,Наплечные пластины незримого наблюдателя
37369,Брюки Вечноскорбящей
37370,Манжеты сводчатых залов
37371,Кольцо бешеного волчера
37372,Гарпун
37373,Массивный йормунгарский наплеч
37374,Поножи алчного фурболга
37375,Перчатки из шкуры люторога
37376,Панцирное наплечье свирепости
37377,Чародейский клинок дыхания пустоты
37378,Наручники из тюленьей кожи
37379,Скадирский железный пояс
37380,Поножи китобоя
37381,Волшебное зеркало банши
37382,Пояс из обугленной шкуры дракона
37383,Обожженная чешуйчатая накидка
37384,Посох неверных принципов
37385,Обожженная куртка
37386,Наплеч рубинового сердца
37387,Обгоревшие ботинки
37388,Укрепленный эластичный пояс
37389,Поножи обороны крепости
37390,Метеоритный оселок
37391,Маска из шкуры люторога
37392,Наплечье из вымоченных шкур
37393,Перчатки объятий тени
37394,Воинский пояс болотоходца
37395,Украшенный латный монарший доспех
37396,Перчатки китобоя
37397,Золотой амулет королей
37398,Оплечье ложных путей
37399,Наплечные пластины половодья
37400,Манжеты китобоя
37401,Красный меч отваги
37402,Жилет половодья
37403,Сапоги болотоходца
37404,Капюшон половодья
37405,Наплечье болотоходца
37406,Поножи стража логова
37407,Пояс правителя
37408,Ремень погибели
37409,Окантованные золотом кожаные рукавицы
37410,Сбалансированные ножи следопыта
37411,Удостоверение шахтера Стражей Зимы
37412,Рифленая шестеренка
37413,Зубчатое колесо
37414,Головной убор предсказателя
37415,Кольчатый доспех тундрохода
37416,Тугая пружина
37417,Кольчужные рукавицы Западной расселины
37418,Набедренники гласа моря
37419,Оплечье гласа моря
37420,Укусостойкие сапоги
37421,Боевой пояс волнобежца
37422,Накулачники Западной расселины
37423,Укусостойкий шлем
37424,Эполеты степного охотника
37425,Сапоги тундрохода
37426,Ржавые сетчатые поножи
37427,Боевой пояс степного охотника
37428,Окольцованные напульсники
37429,Мерцающие кольчатые перчатки
37430,Цельный небесный сапфир
37431,Мячик для игры
37432,Жезл истязателя
37433,Многослойные чешуйчатые сапоги
37434,Прижигающий плетеный пояс
37435,Пронизанные жаром наручники
37436,Перчатки гласа моря
37437,Нагрудник степного охотника
37438,Жезл принуждения
37439,Шипастые магмотские перчатки
37440,Шипастый магмотский нагрудник
37441,Шипастое магмотское оплечье
37442,Замерзшие кольчужные сапоги
37443,Шипастый магмотский шлем
37444,Шлем повелителя волн
37445,Тотем уничтожения
37446,Ботинки командира танка
37447,Укрепленный шлем монаха
37448,BT47 Mail Physical Legs3
37449,Дыхание мурлока
37450,BT48 Mail Healer Chest3
37451,BT49 Mail Physical Belt3
37452,Жирный голубой тунец
37453,BT59 Mail Physical Belt4
37454,HF28 Mail Physical Chest4
37455,BT56 Mail Healer Gloves2
37456,Прижигающие плетеные поножи
37457,BT55 Mail Physical Legs4
37458,Накулачники скального ужаса
37459,Самонаводящийся робот Полувспыха
37460,Веревочный поводок
37461,Трезубец повелителя приливов
37462,Корона короля морей
37463,Почетный налобник Зимних Плавников
37464,Сигнальный рог Зимних Плавников
37465,Бомба Стражей Зимы
37466,BT59 Plate Physical Chest4
37467,"Скабрезный любовный роман \""Запретная любовь\"""
37468,HF28 латные Physical Сапоги4
37469,BT57 Plate Healer Bracer2
37470,BT56 Plate Physical Shoulders4
37471,Тугой ремень
37472,BT49 Plate Physical Bracer
37473,BT48 Plate Healer Head2
37474,BT47 Plate Physical Boots3
37475,Ножные латы благородного рыцаря
37476,Кираса кровавой ярости Обжоры
37477,Бригантина пропавшего рыцаря
37478,Захваты янтарной сосны
37479,Набедренники янтарной сосны
37480,Шлем из камня силы
37481,Нагрудный доспех терзающего бича
37482,Ножные латы из камня силы
37483,Топхельм из кости морской твари
37484,Наголенники терзающего бича
37485,Рукавицы собирателя раковин
37486,Накулачники закрытого моря
37487,Ножные латы из кости морской твари
37488,Зимний пилзнер
37489,Пряное пиво Иззарда
37490,Ароматная медовуха
37491,Пенная брага Метока
37492,Весенний портер
37493,Светлое пиво Черной горы
37494,Пойло Тернистой долины
37495,Дренейский светлый эль
37496,Двоичное пойло
37497,Осенний желудевый эль
37498,Горькое пойло Бартлетта
37499,Любимое пиво Повелителя Холода
37500,Ключ от отремонтированного крошшера
37501,Северный лосось
37502,Амуниция Полувспыха
37503,Очищенный аметист Песни Теней
37504,Эскиз: очищенный аметист Песни Теней
37505,Кираса боевого лидера
37506,Перчатки из панциря крабстера
37507,Замерзшие латные наплечники
37508,Давящее наплечье
37509,Вымоченный воинский пояс
37510,Накулачники терзающего бича
37511,Обожженный воинский пояс
37512,Рукавицы алого стража
37513,Шлем алого драконида
37514,Сброшенные кандалы
37515,Воинский пояс пропавшего рыцаря
37516,Замерзшие наголенники
37517,Замерзшее наплечье
37518,Воинский пояс янтарной сосны
37519,Латный шлем янтарной сосны
37520,Башенный щит хранителя равнин
37521,Кулачный щит ледяной стужи
37522,Сотворенные землей наголенники
37523,Кольцо из твердого бивня
37524,Перстень-печатка разведчика
37525,Костяное кольцо морских глубин
37526,Тонкая трубка проворства
37527,Мерцающее кольцо
37528,Кольцо иссушения
37529,Кольцо мерзнущего целителя
37530,Кольцо хладнокровного потрошителя
37534,BT56 Thrown2
37535,Посох рожденного ветром
37536,BT57 Fast Mace2
37537,Посох вызывателя духов
37538,Гадальный шар
37539,Пламя Нелтариона
37540,Дневник верховного генерала Аббендис
37541,Ошейник из кожи гигантской черепахи
37542,Рыболовная сеть
37543,Ошейник задиры
37545,Резная подвеска из бивня черпорога
37546,Колье северного ветра
37547,Огнестойкий боевой молот
37548,Ошейник ледяного потока
37555,Ярость Песни Войны
37556,Талисман тундры
37557,Жаркая Песнь Войны
37558,Дар прилива
37559,Звезда Серры
37560,Фиал обновления
37562,Ярость алого дракона
37564,Чешуйчатый пламенный плащ
37565,Голова верховного генерала
37566,Надежная накидка из шкуры ворга
37567,Детали для набора лечебных инъекций
37568,Медицинский жгут
37569,Темноплевел
37570,Эликсир из темноплевела
37571,"Анкета для вступающих в клуб \""Пиво месяца\"""
37572,Кедровый сундук
37573,Идол вольного ловчего
37574,Манускрипт яростных ударов
37575,Тотем тундры
37576,Медицинские бинты
37577,Хрустальная сфера Орика
37579,"Monster - Mace1H, Prince Arthas"
37580,Забытое сокровище
37581,Покрытый кровью скальпель
37582,Коричная огненная глыба
37583,Г.Л.А.Д.О.С.Т.И.
37584,Успокоительная мятная конфетка
37585,Жевательная сквернучка
37586,Пригоршня конфет
37587,Одеяние имирьярского лекаря
37588,Полупереваренная рыба
37590,Поручи затухающего света
37591,Кольцо нерубского щита
37592,Шлем родового мора
37593,Ускоряющие наплечные пластины
37594,Головной убор старейшины
37595,Ожерелье Талдарама
37597,Розочка Худовара
37598,Стремительная жевра
37599,"Анкета для вступающих в клуб \""Пиво месяца\"""
37601,Сшитый плотью фолиант
37602,Материал для свитка брони II
37603,Свиток чар для обуви - стремительность
37604,Зубочистка
37606,Кошелек для мелочи
37607,Сшитый плотью фолиант
37611,Превосходный облегченный кинжал
37612,Кираса костомола
37613,Наручники пламенной сферы
37614,Рукавицы упыря-расхитителя
37615,Титановый составной лук
37616,Килт Позабытого
37617,Посох жестоких когтей
37618,Наголенники древнего зла
37619,Жезл Ан\'кахета
37620,Наручи глашатая
37621,Дымовая шашка
37622,Юбка древнего королевства
37623,Боевые рукавицы огненного обелиска
37624,Кольцо с осколком цветного стекла
37625,Перчатки Веретенщика
37626,Жезл Шшератуса
37627,Наплеч Змеиного логова
37628,Витой шнурованный ремень Слад\'рана
37629,Туфли со скользкой подошвой
37630,Покров Мураби
37631,Кулак Божества
37632,Наголенники колдунского исступления
37633,Шлем сотрясения земли
37634,Наручи божественного элементаля
37635,Наплечье Колосса
37636,Шлем обманутой судьбы
37637,Животворный вудуистский пояс
37638,Жертвоприношение
37639,Захваты Звериного бога
37640,Сапоги преображения
37641,Алтарное одеяние Магического Пламени
37642,Кровоточивый обруч
37643,Кушак Обескровливания
37644,Набедренники из окровавленной шкуры
37645,Роговые рукавицы
37646,Подвеска Горящего черепа
37647,Плащ Кровавых вод
37648,Пояс фонариков
37649,Камнедробитель
37650,Набедренники осколыша
37651,Добыча геолога
37652,Наплеч Кристаллуса
37653,Меч справедливости
37654,Башмаки хода времени
37655,Оплечье трибунала
37656,Поручи яростного создания
37657,Искра жизни
37658,Геральдическая бригантина солнца
37659,Закаленный меч Энти
37660,Кузнечный жар
37661,Зелье из легчайшей пыльцы
37662,Легчайшая пыльца
37663,Слиток титановой стали
37664,Элемент 115
37665,Усыпляющий дротик
37666,Сапоги туманного вихря
37667,Плоторез
37668,Выкованные из камня поручи
37669,Поножи Каменных залов
37670,Ремень Сьоннира
37671,Перчатки из очищенной руды
37672,Покрытая налетом кираса
37673,Черное руническое оплечье
37674,Закрытый фолиант мудрости
37675,Ножные латы со стальными пластинами
37676,Мстительный дракон Пустоты
37677,Арифметический жезл
37678,Обработанные желчью перчатки
37679,Наплеч поганища
37680,Пояс родственных душ
37681,Чекан Плотореза
37682,Наручники темной воли
37683,Амулет некроманта
37684,Забытый теневой капюшон
37685,Кольцо Мебиуса
37686,Треснувшие перчатки Эпоха
37687,Перчатки искаженного времени
37688,Ножные латы драконида вечности
37689,Натрезимская подвеска
37690,Наплечье судьбы
37691,Оплечье лживости
37692,Пистолет Пирса
37693,Алчба
37694,Кольцо коварства
37695,Набедренники могущества природы
37696,Зачумленные наручи
37697,Нож купца
37698,Наплеч Площади Старейшины
37699,Праздничный ремень
37700,Кристаллизованный воздух
37701,Кристаллизованная земля
37702,Кристаллизованный огонь
37703,Кристаллизованная тьма
37704,Кристаллизованная жизнь
37705,Кристаллизованная вода
37707,Дикая морковь
37708,Палочка
37710,"Пульт управления болидом \""Бей-Молоти\"""
37712,Сапоги защитника Террасы
37713,Катушка с иглой
37714,Шнурованный ремень объездчика нетопырей
37715,Клобук свирепого тролля
37716,Светошумовая граната
37717,Поножи восстановления здоровья
37718,Осколок хрустального храма
37719,Стремительная жевра
37721,Клинок проклятого лича
37722,Кираса нежити
37723,Кусок резца
37724,Кожаные напульсники дрессировщика
37725,Повязки ужасных увечий
37726,Шлем короля Дреда
37727,Рубиновый желудь
37728,Плащ недруга
37729,Захваты ледяных столбов
37730,Шелковые туфли священника
37731,Поножи сопротивления стазису
37732,Призрачная печать пророка
37733,Крушитель с маской идола
37734,Талисман тролльского божества
37735,Нагрудный доспех печати зиккурата
37736,"Анкета для вступающих в клуб \""Пиво месяца\"""
37737,"Анкета для вступающих в клуб \""Пиво месяца\"""
37739,Стремительный клинок жестокого гладиатора
37740,Быстрое правосудие жестокого гладиатора
37741,Приказ о помиловании
37743,Набедренники озверения
37744,Ботинки стылой крови
37745,Одеяние природного целителя
37746,Шлем пылающей души
37747,Благотворный оплот
37748,Ледяное ожерелье Зимней Спячки
37749,Ударные когти
37750,Свежие пивные дрожжи с Хмельного фестиваля
37751,Потеряный коготь Туги
37752,Сандалии разбитой мечты
37753,Одеяние монаха-обманщика
37754,Укрепленный светосталью капюшон
37755,Поножи ледяного сердца
37756,Удобная накидка Зои
37757,Наплечье покарания Шарлотты
37758,Неугасающее колье Рейна
37759,Когтистые рукавицы Рай-эй
37760,Накулачники потрескивающего пламени
37761,Светлотканый ремень
37762,Пояс со множеством карманов
37763,Ботфорты очистителя
37764,Наплечные пластины из клыков гончей Недр
37765,Поножи хождения по воде
37766,Наручи непрекращающегося воровства
37767,Убийственный Взгляд Рифта
37768,Поножи интенсивного кровотечения
37769,Наплеч из грубой шкуры черпоклыка
37770,Уравнивающая кираса
37771,Накулачники природного исцеления
37772,Электрический шипастый наплеч Ваба
37773,Ремень направленного шока
37774,Поножи таяния снегов
37775,Навершие сломанного тарана
37776,Наручи меткого выстрела
37777,Наручи горячего сердца
37778,Пояс свободного полета
37779,Опутанный цепями наплеч Никсода
37780,Нагрудный доспех из кости кондора
37781,Захваты доброго сердца
37782,Рукавицы веселого пламени
37783,Закаленный кровью наплеч
37784,Великое кольцо из краеугольного камня
37785,Ремень ревущего берсеркера
37786,Набедренники моря отчаяния
37787,Великий рогатый шлем непреклонности
37788,Регенерирующие наручи
37789,Рукавицы потрошения
37790,Пояс хрустальных слез
37791,Поножи крылатого змея
37792,Панцирь сокрушения Агина
37793,Полный шлем вечного ужаса
37794,Огромное колье Торты
37795,Захваты доблестного воителя
37796,Накидка связи с землей
37797,Плащ сообразительности
37798,Боевые рукавицы дозорного
37799,Плащ воскресителя
37800,Хауберк охранника вольера
37801,Воинский пояс восставшего рыцаря
37802,Острие Эланора
37803,Животворная ветвь Лолы
37804,Большой посох из кровавого дерева
37805,Величественный скипетр Мелии
37806,Аномальный посох Забры
37807,Заостренный мечелом Линдии
37808,Драконий зубодробитель
37809,Длинный лук с перьями руха
37810,Оплот-мечелом
37811,Увещеватель капитана Карвера
37812,Сокрушитель из окаменелого железного дерева
37813,Знамерез
37814,Кованое наплечье железных дворфов
37815,Изумрудная субстанция
37816,Сушеные пивные дрожжи с Хмельного фестиваля
37817,Ветвь отложенной казни
37818,Боевой килт патрульного
37819,Мастерски сделанное кольцо Милана
37820,Воргенское кольцо возрождения
37821,Разрушительный перстень Рейна
37822,Крученое кольцо-головоломка
37823,Драконье колье лютости
37824,Рунический драконий жезл Гвинета
37825,Боевые рукавицы с традиционной раскраской
37826,Генеральский стальной ремень
37827,Кодо Хмельного фестиваля
37828,Большой кодо Хмельного фестиваля
37829,Призовой жетон Хмельного фестиваля
37830,Дневник Михаила
37831,Дневник Михаила
37833,Рубиновая брошь
37835,Колокол Дже\'Тце
37836,Монета Торговой Компании
37839,Шовная нить поганища
37840,Покров рокота
37841,Жженые прочные ботинки
37842,Пояс бодрости
37843,Перчатки из шерсти великана
37844,Крылатый талисман
37845,Шнурованный ремень столкнувшихся ветров
37846,Энергетически заряженные захваты
37847,Небоходы
37848,Посох грозового великана
37849,Покров Вселенной
37850,Воздушный кушак порядка
37851,Изысканная шерстяная стола
37852,Колоссальный украшенный черепами колун
37853,Улучшенные поручи из выделанной кожи
37854,Древнетканые поножи
37855,Кольчужный ремень Озаренной благодатью земли
37856,Библиотечный нож для бумаги
37857,Шлем Обители Молнии
37858,Боевые рукавицы Пробужденного
37859,Янтарная эссенция
37860,Рубиновая субстанция
37861,Ожерелье Волшебных сфер
37862,Рукавицы загробника воды
37863,Пульт управления Худовара
37864,Медальон Альянса
37865,Медальон Орды
37867,Обмотки Телепортации
37868,Ремень эфириалов
37869,Гранулярный перстень
37870,Двуносые сапоги
37871,Ключ
37872,Талисман Лавантора
37873,Метка арестанта
37874,Рукавицы укрощения
37875,Наплеч Аметистовой крепости
37876,Поножи Синигосы
37877,Серебряное перо
37879,Снаряжение Стражей Зимы
37880,Перо Алистоса
37881,Сброшенные перышки небесного когтя
37882,Семя плеточника
37883,Посох коварства
37884,Наручники из лазурной ткани
37886,Боевые перчатки свирепого эмиссара
37887,Семена гнева природы
37888,Разбиватель чар
37889,Уведомление из тюрьмы
37890,Набедренники пойманного вора
37891,Заколдованные железные кандалы
37892,Зеленая кружка Хмельного фестиваля
37893,Полная зеленая кружка Хмельного фестиваля
37894,Полная зеленая кружка Хмельного фестиваля
37895,Полная зеленая кружка Хмельного фестиваля
37896,Полная зеленая кружка Хмельного фестиваля
37897,Полная зеленая кружка Хмельного фестиваля
37898,Зимний пилзнер
37899,Пряное пиво Иззарда
37900,Ароматная медовуха
37901,Пенная брага Метока
37902,Весенний портер
37903,Светлое пиво Черной горы
37904,Пойло Тернистой долины
37905,Дренейский светлый эль
37906,Двоичное пойло
37907,Осенний желудевый эль
37908,Горькое пойло Бартлетта
37909,Любимое пиво Повелителя Холода
37910,"Дневник Жадноборода, стр. 4"
37911,"Дневник Жадноборода, стр. 5"
37912,"Дневник Жадноборода, стр. 6"
37913,"Дневник Жадноборода, стр. 7"
37915,Выкройка: парадные ботинки
37920,Филактерия Тель\'зана
37921,Яснотка
37922,Сума со взрывчаткой Лагеря Соплозабилось
37923,Песочные часы вечности
37925,Экспериментальная микстура
37927,Кольцо порабощения стража
37928,Подвеска порабощения стража
37929,Подвеска помилования стража
37930,Карта Натиска
37931,Путь искупления
37932,Шахтерский фонарь
37933,Гадальный шар Зелига
37934,Благородный элементиевый перстень
37936,Ушанка рыбака
37937,Кушак из перьев Алистоса
37938,Одеяния иллюзорного
37939,Оплетенный ошейник из китового уса
37940,Оплечье Итара
37941,Повязки затухающего света
37942,Сандалии кирин-торского посвященного
37943,Клобук кирин-торского посвященного
37944,Одеяния верховного жреца Форита
37945,Тонкие йормунгарские бриджи
37947,Чудодейственный согревающий пояс
37948,Преломляющие наплечные пластины
37949,Плащ диверсанта
37950,Напульсники бескрайнего моря
37953,Облачение пустынного ветра
37954,Кушак пустынного ветра
37956,Благословенные повязки лидера
37957,Наручи пустынного ветра
37958,Головной покров пустынного ветра
37959,Наплечье пустынного ветра
37960,Перстень клятвы
37961,Поножи пустынного ветра
37962,Ботфорты угольного каньона
37963,Повязки пустынного ветра
37964,Наручи паучьего стража
37965,Змееохранный убор
37966,Наручи ярости природы
37968,Одеяние окаменевших слез
37969,Плащ мастера хаоса
37970,Перьевая шапка драконьих пустошей
37971,Кушак снедающей чумы
37980,Мундир Моа\'ки из шкуры крепкозуба
37981,Древние поножи Дремлющего
37982,Искристое кольцо из бивня
37983,Перчатки изумрудного ловца
37984,Сапоги прикосновения смерти
37985,Наплечные пластины лилового ловца
37986,Капюшон покинутого ружейника
37987,Наручи лилового ловца
37988,Пелерина лорда Престора
37989,Поножи убийцы Грохотуньи
37990,Взрывостойкий пояс Нарфа
37991,Сверхусиленный жилет из натуральной кожи
37992,Ритуальное воинское ожерелье
37993,Сапоги лугового бродяги
37995,Капюшон вьюжного разрушителя
37996,Перчатки вьюжного разрушителя
37998,Сапоги вьюжного разрушителя
37999,Наручи лугового бродяги
38000,Кираса вьюжного разрушителя
38001,Наплечье вьюжного разрушителя
38002,Аристократический плащ
38003,Поножи вьюжного разрушителя
38004,Пояс истребителя Плети
38005,Поручи неистового духа
38006,Пояс лугового бродяги
38007,Жилет горного бегуна
38008,Пояс лоталарского лесоброда
38010,Шлем истребителя Плети
38011,Плотетканые поножи истязателя
38012,Наручи лоталарского лесоброда
38013,Наплечники лоталарского лесоброда
38014,Рукавицы укротителя змей
38023,Поножи охотника на акул
38024,Лиственные клепаные сапоги
38025,Путеводительные перчатки провидца
38026,Наручи охотника на акул
38027,Маска лесного охотника
38028,Кольцо загробной жизни
38029,Боевые рукавицы лазурного охотника
38030,Нагрудник забытого капитана
38031,Набедренники лазурного охотника
38032,Ошейник змея-раба
38033,Нагрудный доспех сердца льда
38034,Зубчатый кольчужный ремень
38035,Крепко сплетенные кольчужные сапоги
38036,Кольцо забытого наемника
38037,Наплечные щитки западного ветра
38039,Ледоземское наплечье
38040,Ледоземские наручники
38041,Боевой пояс западного ветра
38042,Ошейник вурдалака Плети
38043,Ануб\'арские поножи
38044,Ануб\'арские наплечные щитки
38045,Ануб\'арский шлем
38046,Перчатки драконьего пламени
38047,Пояс призрачной субстанции
38048,Кираса из обжигающего хитина
38049,Воинский пояс змеелова
38050,Маяк продавца душ
38051,Ботинки покоя звезд
38052,DB42 Leather Healer Shoulder
38053,Кольчуга драконьего пламени
38054,Накулачники несущего боль
38055,Рукавицы горного охотника
38056,Нагрудный доспех горного охотника
38057,Нержавеющий кольчужный шлем
38068,Искреннее покаяние
38070,Сбывшееся предсказание
38071,Память Валонфорта
38072,Громовой накопитель
38073,Воля рода красных драконов
38080,Автоматический зачехлитель оружия
38081,Скарабей Изанот
38082,"\""Большущая\"" сумка"
38083,Тупой резак
38084,Панциревидные высокие ботинки
38085,Пояс изумрудного стража
38086,Большой шлем бдительности
38087,Изъеденные солью рукавицы
38088,Кираса гнева природы
38089,Розовые очки
38090,Розовенькое колечко с сапфиром
38091,Золотое этерниевое кольцо
38092,Хрустальное латное наплечье
38093,Накулачники караульного Даларана
38094,Наголовник караульного Даларана
38095,Ножные латы плененного рыцаря
38096,Хрустальные латные набедренники
38097,Экспериментальный многоцелевой пояс
38098,Кровь патриарха Укротителей драконов
38100,Хрустальные латные рукавицы
38101,Башмаки каменного пути
38102,Рукавицы каменного пути
38103,Нагрудный доспех из окаменелой кости
38104,Шлем каменного пути
38105,Наплечье каменного пути
38106,Прочные ботинки из окаменелой кости
38107,Нагрудный доспех каменного пути
38108,Рубиновый воинский пояс призывника
38109,Ножные латы призрачного сияния
38110,Ножные латы агмарского хранителя
38111,Накулачники Змеевержца
38112,Покрытое корой наплечье
38114,Бригантина рубинового защитника
38115,Башмаки головореза
38116,Латные поножи магнотавра
38117,Поясок Когтя Ужаса
38118,Захваты защиты от укусов
38126,Обмораживающий воинский посох
38127,Резная палица из кости дракона
38128,Посох шипастого чудища
38129,Посох волшебника-целителя
38130,Зачарованный клинок Эммы
38131,Посох из рубинового дерева
38132,Посох Садов Лунного Покоя
38133,Острие временных осколков
38134,Обагренный кровью чародейский клинок
38135,Палица падшего жреца-ворона
38137,Стойкость волшебного хранителя
38138,Недостающий осколок чар Кельдонуса
38141,Зазубренный шест Морозной Выси
38142,Заряженный осколок драконьей кости
38143,Складной посох из хребта гарпии
38144,Ингредиенты Харкора
38145,Сумка из смертеткани
38146,Искристый ледяной клинок
38147,Оскверненное кольцо
38148,Замерзший черепокрошитель
38149,Оскверненная Плетью мумия тролля
38150,Заморский окованный сталью арбалет
38151,Выброшенный нож Даскала
38152,Палица аметистового стража
38153,Наполненный маной коготь
38154,Таигаша
38155,Короткий клинок рубинового союзника
38156,Затупившийся двойной топор магнотавра
38157,Длинный лук рубинового наездника
38160,Наручники продавца душ
38161,Перчатки продавца душ
38162,Сапоги продавца душ
38163,Повязка продавца душ
38164,TEST HASTE RING 1500
38169,Острая заточка
38170,Шипастая дубина морозной выси
38171,Затупившийся в бою крушитель магнотавра
38172,Арбалет стойкого следопыта
38173,Кинжал возврата в прошлое
38174,Уничтожитель изгибания времени
38175,Клинок Всадника
38176,Блокадная боевая палица
38177,Капитанское осадное ружье
38178,Зубчатый топор головореза
38181,Боевой клинок забытого пехотинца
38186,Эфириальная монета
38187,Секира ответного удара
38188,Коготь нежити-опустошителя
38189,Спинокол
38190,Заточка истребителя Плети
38191,Компактный кинжал со взрывным сюрпризом
38194,Винтовка убийцы магов
38195,Бич магистра
38196,Измазанный кровью озверитель
38197,Тяжелый костедробитель
38198,Разрывающий связки быстрый клинок
38202,Ветвь светлых воспоминаний
38206,Жезл слепящего света
38207,Жезл очищающего огня
38208,Длинный лук отваги
38212,Мука рыцаря смерти
38213,Гнев предвестника
38214,Сверхтехнологичный энергетический усилитель
38217,Фолиант Аметистовой башни
38218,Кольцо палача
38219,Кольцо травли
38220,Перстень быстрого приговора
38221,Покров изящных ударов
38222,Мантия Керистразы
38223,Плащ лазурных огней
38224,Талисман Хранительницы Жизни
38225,Ботаническая сумка Микаа
38226,Цепь Предвестника смерти
38227,Колье постоянного свечения
38228,Подвеска неординарных идей
38229,Выкройка: ботаническая сумка Микаа
38230,Удавка несломимой воли
38231,Колье силы искупления
38232,Цепь непрестанных раздумий
38233,Путь Иллидана
38237,Топор ледяной смерти
38238,Борейский сокрушитель
38239,Столп безграничности разума
38240,Посох целеустремленного монаха
38241,Ярость неистового дракона
38242,Клык одинокого волка
38243,Губительная стальная боевая перчатка
38244,Доблестный нисповергатель
38245,Кристальная ясность
38246,Черепокованный мушкетон
38247,Жилодер
38248,Факел падших душ
38250,Активистский перстень взрыва
38251,Кольцо яростного негодования
38252,Кольцо надежного сохранения
38254,BTBlue Spell Cloak1
38255,BTBlue Physical Cloak1
38256,BTBlue Healer Cloak1
38257,Ударная волна
38258,Оберег морского узла
38259,Карманные часы первого помощника
38260,Пустой кисет
38261,Гнутый ключ от дома
38262,Видавшая виды бита
38263,Микроскопические поручи
38264,Очень красивый камушек
38265,[PH] Reins of the Black Warp Stalker
38266,Округлая статуэтка
38267,Записки штейгера Калейки
38268,Рука помощи
38269,Мокрый платок
38270,Кусок сальника
38271,Постный бок
38272,Кровавые потроха
38273,Мозговой коралл
38274,Большая раковина
38276,Широкополая шляпа Халискана
38277,Куртка Халискана
38278,Кюлоты Халискана
38280,Худое варево Худовара
38281,Худое варево Худовара
38282,Облегченный двуручный клинок
38284,Зажигательное кольцо осадного командира
38285,Боевой пояс продавца душ
38286,Наплечье продавца душ
38287,Пустая кружка Худовара
38288,Пивные дрожжи Худовара
38289,Счастливая монетка Корена
38290,Курительная трубка из Черного Железа
38291,Эфириальный мутаген
38292,Test Living Ruby
38293,Озаренный солнцем букет
38294,Эфириальный ликер
38295,Идол пустыни
38300,Сжиженная эфириальная сущность
38301,Т.А.Н.Э.Ц.
38302,Рубиновый маяк королевы драконов
38303,Настой терпения
38305,Коса Антиока
38307,Crafty\'s Bottomless Inscription Bag
38308,Эфириальная сфера сущности
38309,Гербовая накидка Природы
38310,Гербовая накидка Тайной магии
38311,Гербовая накидка Бездны
38312,Гербовая накидка гениальности
38313,Гербовая накидка Гнева
38314,Гербовая накидка Защитника
38318,Одеяние Новолуния
38319,Приказ о передислокации
38320,Худое варево
38321,Странная настойка
38322,Фолиант в железном переплете
38323,Звено элементаля воды
38324,Ключ от царства воды
38325,Совершенные элементальные флюиды
38326,Гриб-дурман
38327,Выкройка: куртка Халискана
38328,Выкройка: кюлоты Халискана
38329,Шляпа дона Карлоса
38330,Бинты для рыцарей
38332,Измененный настой
38333,Медальон Драккари
38334,Двигатель ветролета
38335,Древняя эктоплазма
38336,Кристаллизованные сопли кабана
38337,Пятнистое гуано
38338,Узлокорень
38339,Иссохшее крыло нетопыря
38340,Янтарный желудь
38341,Маринованное орлиное яйцо
38342,Настой тролльей погибели
38343,Радужный настой
38344,Ссохшийся драконий коготь
38345,Застывшая паучья лимфа
38346,Замерзшая змеиная слизь
38347,Шахтерская сумка из шкуры мамонта
38348,Поврежденное око
38349,Запчасти Торговой Компании
38350,"\""Глубинная бомба\"" мурлоков"
38351,Выжимка из мурлока
38353,Буканьерская накидка Бухты торговцев
38354,Заляпанный маслом матросский плащ
38355,Плотная гоблинская защита для спины
38356,Боевой жезл Торговой компании
38357,Острая метательная штуковина
38358,Магический оживитель
38359,Гоблинский гаситель повторений
38360,Идол Тайного ужаса
38361,Жезл  молний Торговой Компании
38362,Манускрипт воздаяния Торговой Компании
38363,Манускрипт защиты Торговой Компании
38364,Манускрипт самых святых деяний Торговой Компании
38365,Идол упреждающей атаки
38366,Идол Незамутненных мыслей
38367,Пламерезка Торговой Компании
38368,Тотем залива
38369,Осиные крылья
38370,Коготь ящера
38371,Йормунгарские накладки для поножей
38372,Нерубские накладки для поножей
38373,Накладки для поножей из снежной шкуры
38374,Накладки для поножей из ледяной чешуи
38375,Накладки из борейской кожи
38376,Накладки из толстой борейской кожи
38377,Накладки для поножей из чешуи дракона
38378,Накладки для поножей из змеиной чешуи
38379,Дробленые кристаллы василиска
38380,Зул\'дракская крыса
38381,Настоявшееся слабительное
38382,Кристаллы василиска
38384,Измельченные зубы горгульи
38386,Грязная болотная личинка
38387,Пепельный кольчужный головной убор
38388,Шляпа севера
38389,Удобная шляпа из шкуры енота
38390,Грубый шлем снайпера
38393,Шипастое паучье яйцо
38396,Голова мохнатой селедки
38397,Вонючий пиратский пот
38398,Бутылка воды Ледяной Короны
38399,Походная сума зверолова
38400,Арктический нагрудник
38401,Арктические поножи
38402,Арктические наплечные пластины
38403,Арктические перчатки
38404,Арктические сапоги
38405,Арктический пояс
38406,Пояс жителя льдов
38407,Сапоги жителя льдов
38408,Нагрудный доспех жителя льдов
38409,Перчатки жителя льдов
38410,Поножи жителя льдов
38411,Наплечные пластины жителя льдов
38412,Пояс из обмерзшей чешуи
38413,Сапоги из обмерзшей чешуи
38414,Нагрудный доспех из обмерзшей чешуи
38415,Перчатки из обмерзшей чешуи
38416,Поножи из обмерзшей чешуи
38417,Нерубские наплечники
38418,Нерубский пояс
38419,Нерубские сапоги
38420,Нерубский нагрудный доспех
38421,Нерубские перчатки
38422,Нерубские поножи
38424,Наплечники из обмерзшей чешуи
38425,Толстая борейская кожа
38426,Этерниевая нить
38427,Маринованное яйцо
38428,Перченый крендель
38429,Ключевая вода Черной горы
38430,Минеральная вода Черной горы
38431,Обогащенная вода Черной горы
38432,Штоппорский эль Черной горы
38433,Арктические накулачники
38434,Накулачники жителя льдов
38435,Нерубские наручи
38436,Наручи из обмерзшей чешуи
38437,Арктический шлем
38438,Шлем жителя льдов
38439,Нерубский шлем
38440,Шлем из обмерзшей чешуи
38441,Плащ суровых ветров
38442,Кольчужный нагрудный доспех для бойца ближнего боя кожевничество
38443,Кольчужные наплечники для бойца ближнего боя кожевничество
38444,Кольчужные наручи для бойца ближнего боя кожевничество
38445,Кольчужный шлем для заклинателя кожевничество
38448,Кожаные перчатки для бойца ближнего боя кожевничество
38452,Колет Вождя
38453,Щит Львиного Сердца
38454,Каратель Песни Войны
38455,Молот Авангарда Альянса
38456,Син\'дорайский изогнутый лук
38457,Обрез пищали
38458,Сфера Черного Копья
38459,Сфера Восточных королевств
38460,Заряженный жезл Расселины
38461,Жилорез Песни Войны
38462,Щит Песни Войны
38463,Решимость Лордерона
38464,Перо гномского мага
38465,Кинжал солдата Авангарда
38466,Сера Сульфурона
38467,Прут для барабанчат
38468,Миротворец Калу\'аков
38469,QA Test Slow Fist Weapon
38471,QA Test Slow Gun
38473,Коготь Серфекса
38477,Жало матки сапфирного улья
38480,QA Test Slow Two-Handed Mace
38481,QA Test Slow Two-Handed Axe
38483,Пойманная курица
38484,QA Test +2000 Spell Power Ring
38496,QA Test Gem Bracers
38497,QA Test Meta Hat
38498,QA Test Blank Purple Gem
38504,Кристалл Небесного Пути
38505,Целый зуб кобры
38506,Знаменитая шляпа дона Карлоса
38510,Кристаллы Небесного Пути
38512,Охотничий рог Зепика
38513,Поножи из шкуры вепря
38514,Целый прядильный орган
38515,Метатель пряжи
38516,Кровавый зев
38517,Гипнотический цветок
38518,Яблоко Кро
38519,Фимиам Су-рама
38520,Записи водолаза
38521,Голова Осквернителя
38522,Рог Фаранна
38523,Шкура Шанго
38524,Панцирь командира Алого ордена
38525,Стеганый шлем тюремщика
38527,Чешуйчатый хауберк натиска
38528,Ножные латы инквизитора
38529,Одеяние творца справедливости
38530,Кушак всеобщего разрушения
38531,Цепь справедливого гонения
38532,Пояс очищения местью
38533,Ремень силы истребления
38534,Поручи обряда очищения
38535,Накулачники печального образа
38536,Наручники могущественного покорителя
38537,Манжеты обезглавливателя
38538,Ездовой хлыст
38539,Мешок золота
38540,Сандалии хаотичного натиска
38541,Сапоги неумолимого истребителя зомби
38542,Ботинки героической борьбы
38543,Укрепленные сапоги путника
38544,Знамя Серебряного Авангарда
38545,Рельефный изысканный рубин
38546,Искристый изысканный зоревик
38547,Покрытый письменами изысканный топаз
38548,Могущественный изысканный топаз
38549,Рунический изысканный рубин
38550,Гладкий изысканный зоревик
38551,Подношения Драккари
38552,Распустившийся водяной мак
38553,Песчаный папоротник
38555,Ключ ритуальных кристаллов
38556,Масло для сожжения
38557,Мерзлая чешуя дракона
38558,Нерубский хитин
38559,Челюсть Прогрызателя
38560,Детали сеятеля чумы
38561,Чешуя йормунгара
38562,Кусок саронита
38563,Высохший колючник
38564,Маскировка под песчаный папоротник
38566,Стальной заступ
38567,Заявление пленника племени Мародин
38572,Увеличитель получаемой награды
38573,Винтовка РЖР
38574,Фугасная граната
38575,Драгоценные блестяшки
38576,Большой боевой медведь
38577,П.Е.Т.А.Р.Д.А. для вечеринки
38578,Знамя победителя
38579,Ядовитый фолиант
38581,Череп путешественника
38583,Смрадная лимфа
38584,Изгрызенный череп
38585,Шероховатый панцирь
38586,Шипастая нога
38587,Пустая кружка Хмельного фестиваля
38588,Медальон Орды
38589,Медальон Альянса
38590,Черные полярные сапоги
38591,Черные полярные поножи
38592,Черный полярный нагрудник
38597,Выкройка: черные полярные сапоги
38600,Доисторический дракончик
38601,Сокровище Шепота Тумана
38605,Записки Маккарти
38606,Затупившийся в боях топор
38607,Затупившийся в боях меч
38610,Свежая паучья лимфа
38611,Колечко доверия
38613,Цепь огненных сфер
38614,Облачение скорби
38615,Заряженные молнией перчатки
38616,Пояс верности
38617,Кольцо несчастья
38618,Молот горести
38619,Кандалы Горегека
38620,Безукоризненное крыло нетопыря
38621,Кусок мела Дажика
38622,Мешок с жуками Лафу
38623,Любимый кристалл Джалута
38624,Резиновый мячик Мульда
38625,Северный ледогуб
38626,Пустая бутыль из-под пойла
38627,Уздечка для мамонта
38628,Детеныш ската Пустоты
38629,Приказы Короля-лича
38630,Рунический топор
38631,Рунический меч
38632,Большой меч рыцаря Черного Клинка
38633,Большой топор рыцаря Черного Клинка
38637,Сокровище Кутубе\'сы
38638,Сокровище Чуло Безумного
38639,Сокровище Гаванила
38640,Крепкие бинты из ледяной ткани
38642,Золотое обручальное кольцо
38645,Броня из костяных пластин
38646,Пояс из костяных пластин
38647,Сапоги из костяных пластин
38648,Наручи из костяных пластин
38649,Перчатки из костяных пластин
38650,Шлем из костяных пластин
38651,Поножи из костяных пластин
38653,Гроздь бананов
38655,Папайя
38656,Апельсин
38657,Оберег Фрейи
38658,Детеныш нетопыря
38659,Окованный ботинок Стефана
38660,Колье нежизни
38661,Великий шлем воителя Плети
38662,Черный амулет из лезвий
38663,Окровавленный саронитовый латный наплеч
38664,Нечестивый покров затмителя небес
38665,Саронитовые боевые латы
38666,Латные саронитовые наручи
38667,Рукавицы властности Кровопорча
38668,Ремень разносчика чумы
38669,Чеканные саронитовые ножные латы
38670,Наголенники бойни
38671,Перстень-печатка Валанара
38672,Перстень-печатка Келесета
38673,Змеевидное колье
38674,Оберег Собирателя душ
38675,Печатка Темного братства
38676,Ус Хар\'коа
38677,Хар\'коанская реликвия
38678,Колье нежизни
38679,Свиток чар для наручей - здоровье
38680,Змеевидное колье
38681,Субстанция ледяной земли
38682,Материал для свитка брони
38683,Печать темного всадника СТАРАЯ
38684,Рог Фрейи
38686,Прогнившие внутренности поганища
38687,Вязкая слюна вурдалака
38688,"Пунш \""Зов джунглей\"" Громовара"
38689,Сетка для ловли кур
38691,Клеймор предков
38695,Настой бога белых медведей
38696,Фимиам мучителя
38697,"Глоток пунша \""Зов джунглей\"""
38698,Горькая плазма
38699,Заколдованное колье
38700,Артефакт Рунока
38701,Чаша мозгов и кишок
38703,Останки Острокола
38705,Яйцо руха
38706,Мозги и кишки
38707,Рунический клинок души
38708,"Руна \""Омега\"""
38709,"Руна \""Омега\"""
38710,Наручи проводника
38711,Перчатки сухохода
38712,Сдавливающая голову корона
38713,Наплеч предвидения
38714,Шнурованный ремень землепроходца
38715,Исполосованные сандалии
38716,Эфирный капюшон
38717,Пыльные штаны шахтера
38718,Тонкотканые наплечные пластины
38719,Одеяние устранителя
38726,Перчатки подстрекателя
38727,Ремень предсказателя
38728,Килт мирного протеста
38729,Сандалии быстрого бегства
38730,Наплечные пластины звонаря
38731,Нож Ауне
38732,Непрокалываемые поножи
38733,Облачение плененного зверя
38734,Брошенный капюшон
38735,Ладно скроенные одеяния
38736,Наручи контрабандиста
38737,Амортизирующий наголовник
38739,Кандалы Мясопилки
38741,Перчатки мучительных воспоминаний
38743,Кольцо древуна
38744,Перстень солнцестояния
38745,Смрадное кольцо
38746,Мерзкий перстень
38747,Слегка потускневшее кольцо
38748,Печать спящего волка
38749,Перстень жестокого правителя
38750,Кольцо истребителя воргов
38751,Бусы духа мщения
38752,Подвеска Татьяны
38753,Ожерелье Хоардера
38754,Короткая подвеска
38755,Скипетр сладкой смерти
38756,Пелерина истребления вредителей
38757,Пелерина ревнивой души
38758,Целительный плащ
38759,Плащ раненого зверолова
38760,Оберег монаха
38761,Коготь ненависти
38762,Знак кровавого пекла
38763,Руна предвидения
38764,Руна конечной вариации
38765,Руна беспредельной силы
38766,Свиток чар для нагрудника - здоровье I
38767,Свиток чар для нагрудника - поглощение I
38768,Свиток чар для наручей - отражение I
38769,Свиток чар для нагрудника - мана I
38770,Свиток чар для плаща - сопротивление I
38771,Свиток чар для наручей - выносливость I
38772,Свиток чар для двуручного оружия - импульс I
38773,Свиток чар для нагрудника - здоровье II
38774,Свиток чар для наручей - дух I
38775,Свиток чар для плаща - броня I
38776,Свиток чар для нагрудника - мана II
38777,Свиток чар для наручей - ловкость I
38778,Свиток чар для наручей - сила I
38779,Свиток чар для оружия - зверобой I
38780,Свиток чар для оружия - удар I
38781,Свиток чар для двуручного оружия - интеллект I
38782,Свиток чар для нагрудника - здоровье III
38783,Свиток чар для наручей - дух II
38784,Свиток чар для плаща: сопротивление огню II
38785,Свиток чар для обуви - выносливость I
38786,Свиток чар для обуви - ловкость I
38787,Свиток чар для щита - выносливость I
38788,Свиток чар для двуручного оружия - дух I
38789,Свиток чар для плаща - ловкость I
38790,Свиток чар для плаща - броня II
38791,Свиток чар для щита - броня
38792,Свиток чар для щита - дух I
38793,Свиток чар для наручей - выносливость II
38794,Свиток чар для оружия - удар II
38795,Свиток чар для плаща - сопротивление темной магии I
38796,Свиток чар для двуручного оружия - импульс II
38797,Свиток чар для наручей - сила II
38798,Свиток чар для нагрудника - поглощение II
38799,Свиток чар для нагрудника - мана III
38800,Свиток чар для перчаток - горное дело I
38801,Свиток чар для перчаток - травничество I
38802,Свиток чар для перчаток - рыбная ловля
38803,Свиток чар для наручей - интеллект I
38804,Свиток чар для нагрудника - все характеристики I
38805,Свиток чар для щита - выносливость II
38806,Свиток чар для плаща - защита I
38807,Свиток чар для обуви - ловкость II
38808,Свиток чар для нагрудника - здоровье IV
38809,Свиток чар для наручей - дух III
38810,Свиток чар для обуви - выносливость II
38811,Свиток чар для наручей - отражение II
38812,Свиток чар для наручей - выносливость III
38813,Свиток чар для оружия - истребитель зверей II
38814,Свиток чар для оружия - истребитель элементалей
38815,Свиток чар для плаща - сопротивление огню
38816,Свиток чар для щита - дух II
38817,Свиток чар для наручей - сила III
38818,Свиток чар для нагрудника - мана IV
38819,Свиток чар для обуви - дух I
38820,Свиток чар для щита - блок I
38821,Свиток чар для оружия - удар III
38822,Свиток чар для двуручного оружия - импульс III
38823,Свиток чар для перчаток - снятие шкур
38824,Свиток чар для нагрудника - все характеристики II
38825,Свиток чар для плаща - защита II
38826,Свиток чар для плаща - сопротивление II
38827,Свиток чар для перчаток - ловкость I
38828,Свиток чар для щита - выносливость III
38829,Свиток чар для наручей - интеллект II
38830,Свиток чар для обуви - выносливость III
38831,Свиток чар для перчаток - горное дело II
38832,Свиток чар для наручей - дух IV
38833,Свиток чар для нагрудника - здоровье V
38834,Свиток чар для перчаток - травничество II
38835,Свиток чар для плаща - ловкость II
38836,Свиток чар для перчаток - сила I
38837,Свиток чар для обуви - скорость
38838,Свиток чар для оружия - огненное оружие
38839,Свиток чар для щита - дух III
38840,Свиток чар для оружия - истребитель демонов
38841,Свиток чар для нагрудника - мана V
38842,Свиток чар для наручей - отражение III
38843,Свиток чар для щита - сопротивление льду
38844,Свиток чар для обуви - ловкость III
38845,Свиток чар для двуручного оружия - импульс IV
38846,Свиток чар для наручей - сила IV
38847,Свиток чар для нагрудника - все характеристики III
38848,Свиток чар для оружия: удар IV
38849,Свиток чар для наручей - выносливость IV
38850,Свиток чар для перчаток - навык верховой езды
38851,Свиток чар для перчаток - слабое ускорение
38852,Свиток чар для наручей - интеллект III
38853,Свиток чар для наручей - дух V
38854,Свиток чар для наручей - сила V
38855,Свиток чар для наручей - выносливость V
38856,Свиток чар для перчаток - ловкость II
38857,Свиток чар для перчаток - сила II
38858,Свиток чар для плаща - сопротивление III
38859,Свиток чар для плаща - защита III
38860,Свиток чар для щита - Живучесть
38861,Свиток чар для щита - выносливость IV
38862,Свиток чар для обуви - выносливость IV
38863,Свиток чар для обуви - ловкость IV
38864,Свиток чар для обуви - дух II
38865,Свиток чар для нагрудника - все характеристики IV
38866,Свиток чар для нагрудника - здоровье VI
38867,Свиток чар для нагрудника - мана VI
38868,Свиток чар для оружия - леденящая стужа
38869,Свиток чар для двуручного оружия - импульс V
38870,Свиток чар для оружия - удар V
38871,Свиток чар для оружия - похищение жизни
38872,Свиток чар для оружия - нечестивое оружие
38873,Свиток чар для оружия - рыцарь
38874,Свиток чар для двуручного оружия - дух II
38875,Свиток чар для двуручного оружия - интеллект II
38876,Свиток чар для оружия - могущество зимы
38877,Свиток чар для оружия - сила заклинаний I
38878,Свиток чар для оружия - целительная сила
38879,Свиток чар для оружия - сила
38880,Свиток чар для оружия - ловкость I
38881,Свиток чар для наручей - восполнение маны
38882,Свиток чар для наручей - целительная сила
38883,Свиток чар для оружия - могучий дух
38884,Свиток чар для оружия - могучий интеллект
38885,Свиток чар для перчаток - угроза
38886,Свиток чар для перчаток - энергия Тьмы
38887,Свиток чар для перчаток - сила льда
38888,Свиток чар для перчаток - сила огня
38889,Свиток чар для перчаток - целительная сила
38890,Свиток чар для перчаток - ловкость III
38891,Свиток чар для плаща: сопротивление огню III
38892,Свиток чар для плаща - сопротивление силам природы I
38893,Свиток чар для плаща - незаметность
38894,Свиток чар для плаща - скрытность
38895,Свиток чар для плаща - уклонение
38896,Свиток чар для двуручного оружия - ловкость I
38897,Свиток чар для наручей - грубая сила
38898,Свиток чар для наручей - все характеристики
38899,Свиток чар для наручей - защита
38900,Свиток чар для наручей - лечение II
38901,Свиток чар для наручей - быстрое восполнение маны
38902,Свиток чар для наручей - стойкость
38903,Свиток чар для наручей - сила заклинаний I
38904,Свиток чар для щита - прочный щит
38905,Свиток чар для щита - интеллект I
38906,Свиток чар для щита: блок II
38907,Свиток чар для щита - сопротивление
38908,Свиток чар для обуви - живучесть I
38909,Свиток чар для обуви - стойкость I
38910,Свиток чар для обуви - верный шаг
38911,Свиток чар для нагрудника - здоровье VII
38912,Свиток чар для нагрудника - мана VII
38913,Свиток чар для нагрудника - все характеристики V
38914,Свиток чар для плаща - броня III
38915,Свиток чар для плаща - сопротивление IV
38916,Чары для оружия – дух II
38917,Свиток чар для оружия - удар VI
38918,Свиток чар для оружия - интеллект I
38919,Свиток чар для двуручного оружия - свирепость
38920,Свиток чар для оружия - могущество I
38921,Свиток чар для оружия - сила заклинаний I
38922,Свиток чар для двуручного оружия - ловкость II
38923,Свиток чар для оружия - солнечный огонь
38924,Свиток чар для оружия - ледяная душа
38925,Свиток чар для оружия - мангуст
38926,Свиток чар для оружия - всплеск чар
38927,Свиток чар для оружия - военачальник
38928,Свиток чар для нагрудника - дух
38929,Свиток чар для нагрудника - быстрое восполнение маны
38930,Свиток чар для нагрудника - устойчивость I
38931,Свиток чар для перчаток - взрыв I
38932,Свиток чар для перчаток - точные удары
38933,Свиток чар для перчаток - сила III
38934,Свиток чар для перчаток - штурм I
38935,Свиток чар для перчаток - сила заклинаний I
38936,Свиток чар для перчаток - лечение I
38937,Свиток чар для наручей - интеллект IV
38938,Свиток чар для наручей - штурм I
38939,Свиток чар для плаща - проникающая способность заклинаний
38940,Свиток чар для плаща - ловкость III
38941,Свиток чар для плаща - сопротивление тайной магии I
38942,Свиток чар для плаща: сопротивление темной магии II
38943,Свиток чар для обуви - проворство кошки
38944,Свиток чар для обуви - быстрота вепря
38945,Свиток чар для щита - выносливость V
38946,Свиток чар для оружия - лечение I
38947,Свиток чар для оружия - ловкость II
38948,Свиток чар для оружия - палач
38949,Свиток чар для щита - устойчивость
38950,Свиток чар для плаща - сопротивление магии льда
38951,Свиток чар для перчаток - мастерство
38953,Свиток чар для перчаток - Точность
38954,Свиток чар для щита - защита
38955,Свиток чар для нагрудника - здоровье VIII
38956,Свиток чар для плаща - сопротивление силам природы II
38958,Свиток чар для оружия: Исключительный Интелект
38959,Свиток чар для плаща - ловкость IV
38960,Свиток чар для перчаток - собиратель
38961,Свиток чар для обуви - дух III
38962,Свиток чар для нагрудника - восстановление маны
38963,Свиток чар для оружия - дух II
38964,Свиток чар для перчаток - штурм II
38965,Свиток чар для оружия - ледорез
38966,Свиток чар для обуви - стойкость II
38967,Свиток чар для перчаток - ловкость IV
38968,Свиток чар для наручей - интеллект V
38969,Свиток чар для плаща - сопротивление огню IV
38971,Свиток чар для наручей - удар III
38972,Свиток чар для оружия - оберег
38973,Свиток чар для плаща - пронзающие заклинания I
38974,Свиток чар для обуви - живучесть II
38975,Свиток чар для нагрудника - устойчивость II
38976,Свиток чар для обуви - ловкость V
38977,Свиток чар для плаща - сопротивление темной магии III
38978,Свиток чар для плаща - ткань титанов
38979,Свиток чар для перчаток - сила заклинаний II
38980,Свиток чар для наручей - дух VI
38981,Свиток чар для двуручного оружия - проклятие Плети
38982,Свиток чар для плаща - сопротивление тайной магии II
38983,Свиток чар для щита: исключительная выносливость
38984,Свиток чар для наручей - мастерство
38985,Свиток чар для перчаток: взрыв II
38986,Свиток чар для обуви - ледопроходец
40274,Наручи Свободы
40275,Испорченный клепаный пояс
40277,Мундир Вседозволенности
40278,Ремень рыцарских подвигов
40279,Нагрудный доспех изнемогших
40280,Источник кошмаров
40281,Туманные сумерки
40282,Поручи Потока слизи
40283,Грязенепроницаемый мундир
40284,Разносчик чумы
40285,Оскверненное прошлое
40286,Оплечье Совращенного
40287,Клобук тщеславия
40288,Наплеч бессвязности
40289,Нарамник сочувствия
40290,Шлем карающего взгляда
40291,Шлем мстительного защитника
40292,Кольчужный шлем массового уничтожения
40293,Шлем неистовой ярости
40294,Клепаные поножи поганища
40295,Великий шлем протектората титанов
40296,Укрытие безмолвия
40297,Башмаки выносливости
40298,Большой шлем павших
40299,Наплечье покинутого
40300,Закатное острие
40301,Опояска полярности
40302,Рукавицы благодетеля
40303,Повязки преследуемого
40304,Головной убор цветущего гриба
40305,Наплеч самовлюбленности
40306,Наручи нечестивого рыцаря
40307,TEST ARMOR DEATH KNIGHT HELM
40315,Наплечные пластины тайных искусств
40316,Рукавицы направляющего касания
40317,Ремень Разувия
40318,Ножные латы сдвоенных ударов
40319,Нагрудник подозрения
40320,Верные стальные башмаки
40321,Идол падающей звезды
40322,Тотем поединка
40323,Досточтимые наручники
40324,Поручи взаимного уважения
40325,Наручники Пытливого ума
40326,Сапоги тщетных мечтаний
40327,Ремень Возмещения
40328,Шлем необходимой защиты
40329,Капюшон исхода
40330,Наручи непрерывных атак
40331,Поножи неудавшегося побега
40332,Наручи подстрекательства
40333,Поножи быстротечности
40334,Отягощенные латные наплечники
40335,Касание ужаса
40336,Жизнь и смерть
40337,Манускрипт восстановления
40338,Наручники чаяния
40339,Клобук Готика
40340,Шлем высвобожденной энергии
40341,Кандальный кушак
40342,Идол Пробуждения
40343,Армагеддон
40344,Шлем могилы
40345,Нарушенное обещание
40346,Последнее путешествие
40347,Рукавицы Зелиека
40348,Проклятие
40349,Перчатки мирной кончины
40350,Урна утраченных воспоминаний
40351,Оплечье утомленного мудреца
40352,Поножи ненасытных теней
40353,Полированный плащ протодракона
40354,Набор истребителя монстров
40356,Ворчуника
40357,Ворчуничный сок
40358,Сырое мясо высокорогого оленя
40359,Свежее мясо орла
40360,Дырявая шкура
40361,Изорванная ткань
40362,Перчатки Стремительной реакции
40363,Инкрустированные костью набедренники
40364,Предложение мира от Гласа Дождя
40365,Кираса леденящей боли
40366,Пластинчатый шлем Великого змея
40367,Сапоги великого создания
40368,Убийство
40369,Амулет холодного взрыва
40370,Привратник
40371,Знак отличия Бандита
40372,Руна отражения
40373,Экстракт некромантского могущества
40374,Космические огни
40375,Кольцо увядающей красоты
40376,Бриджи поверженного дракона
40377,Наплечье Благородного происхождения
40378,Бесконечная жалость
40379,Набедренники обглоданных костей
40380,Перчатки величия
40381,Отзывчивость
40382,Душа умершего
40383,Хватка бедствия
40384,Предатель человечества
40385,Посланник Смертных
40386,Жестокое возмездие
40387,Безграничное честолюбие
40388,Конец пути
40389,Аварийный водолазный шлем Вика
40390,Аварийный кислородный баллон Вика
40391,Зеркальная морская раковина
40392,Треснувший алмаз
40393,Зеленая блестяшка
40394,Стейк из длинношеего травояда
40395,Факел священного огня
40396,Переломный момент
40397,Самоцвет жизненной силы
40398,Поножи смертельной самонадеянности
40399,Перстень показного страдания
40400,Стена ужаса
40401,Голос разума
40402,Последний смешок
40403,Пелерина Смертельного врага
40404,Смесь чистого колдунства
40405,Накидка недостойного волшебника
40406,Неизбежное поражение
40407,Безмолвный сокрушитель
40408,Навязчивый зов
40409,Сапоги беглого узника
40410,Покров Вурдалака
40411,Зачарованная колба
40412,Ожерелье с подвесными бусинами
40414,Наплечные щитки неустрашимого
40415,Доблестные перчатки ледяного огня
40416,Доблестный венец ледяного огня
40417,Доблестные поножи ледяного огня
40418,Доблестное атласное одеяние ледяного огня
40419,Доблестные наплечные пластины ледяного огня
40420,Доблестные перчатки проклятого сердца
40421,Доблестный венец проклятого сердца
40422,Доблестные поножи проклятого сердца
40423,Доблестное атласное одеяние проклятого сердца
40424,Доблестные наплечные пластины проклятого сердца
40425,Череп Дракуру
40426,Перстень Покоя
40427,Обруч Тайных потоков
40428,Мировоззрение титана
40429,Багровая сталь
40430,Величественная статуэтка дракона
40431,Неистовство Пяти полетов
40432,Изображение Души Дракона
40433,Кольцо Драконьего Покоя
40437,Наплечные пластины маскировки
40438,Эполеты чертога совета
40439,Оплечье Вечного стража
40440,Жуткий латный нагрудник жестокого гладиатора
40441,Жуткие латные рукавицы жестокого гладиатора
40442,Жуткий латный шлем жестокого гладиатора
40443,Жуткие латные набедренники жестокого гладиатора
40444,Жуткие латные наплечники жестокого гладиатора
40445,Доблестные перчатки веры
40446,Набедренники Драконьего племени
40447,Доблестная корона веры
40448,Доблестные поножи веры
40449,Доблестное атласное одеяние веры
40450,Доблестные наплечные пластины веры
40451,Стекловидный шлем снайпера
40453,Бригантина Великих Аспектов
40454,Доблестные повязки веры
40455,Посох сдержанности
40456,Доблестный венец веры
40457,Доблестные штаны веры
40458,Доблестное облачение веры
40459,Доблестное оплечье веры
40460,Доблестные боевые рукавицы сновидца
40461,Доблестный головной убор сновидца
40462,Доблестные поножи сновидца
40463,Доблестное атласное одеяние сновидца
40465,Доблестный наплеч сновидца
40466,Доблестные перчатки сновидца
40467,Доблестный убор сновидца
40468,Доблестные брюки сновидца
40469,Доблестные одежды сновидца
40470,Доблестное оплечье сновидца
40471,Доблестное облачение сновидца
40472,Доблестные боевые перчатки сновидца
40473,Доблестный наголовник сновидца
40474,Кольцо Волнолова
40475,Баррикада вечности
40476,Знак различия Альянса
40477,Знак различия Орды
40480,Naxxramas 40 Test God Sword
40481,ICECROWN TEST GOD BP
40482,Разрываемый на части мозг
40483,Знак Плети
40486,Ожерелье блистающих покоев
40488,Скипетр Ледяного пика
40489,Большой посох Нексуса
40490,Некромантские накулачники
40491,Буря с градом
40492,Серебряный боевой рог
40493,Доблестные набедренники сновидца
40494,Доблестные наплечные пластины сновидца
40495,Доблестная кираса костяной косы
40496,Доблестные рукавицы костяной косы
40497,Черный лед
40499,Доблестный шлем костяной косы
40500,Доблестные ножные латы костяной косы
40502,Доблестное наплечье костяной косы
40503,Доблестный мундир расхитителя гробниц
40504,Доблестные боевые рукавицы расхитителя гробниц
40505,Доблестный головной убор расхитителя гробниц
40506,Доблестные набедренники расхитителя гробниц
40507,Доблестный наплеч расхитителя гробниц
40508,Доблестный мундир Землекрушителя
40509,Доблестные боевые рукавицы Землекрушителя
40510,Доблестный головной убор Землекрушителя
40511,Эполеты сосредоточения энергии
40512,Доблестные набедренники Землекрушителя
40513,Доблестный наплеч Землекрушителя
40514,Доблестный хауберк Землекрушителя
40515,Доблестные перчатки Землекрушителя
40516,Доблестный шлем Землекрушителя
40517,Доблестный килт Землекрушителя
40518,Доблестные наплечные пластины землекрушителя
40519,Шаги Малигоса
40520,Доблестные захваты Землекрушителя
40521,Доблестный большой шлем Землекрушителя
40522,Доблестный боевой килт Землекрушителя
40523,Доблестный нагрудный доспех Землекрушителя
40524,Доблестные наплечные щитки Землекрушителя
40525,Доблестный боевой доспех неустрашимости
40526,Платье хранителя магии
40527,Доблестные рукавицы неустрашимости
40528,Доблестный полный шлем неустрашимости
40529,Доблестные ножные латы неустрашимости
40530,Доблестные латные наплечники неустрашимости
40531,Знак Норганнона
40532,Кристаллы живого льда
40533,Приклад из орехового дерева
40536,Взрывчатая приманка
40539,Нагрудный доспех Отшельника
40541,Боевые рукавицы мерзлого проворства
40543,Шлем синего аспекта
40544,Доблестная кираса неустрашимости
40545,Доблестные боевые рукавицы неустрашимости
40546,Доблестный великий шлем неустрашимости
40547,Доблестные набедренники неустрашимости
40548,Доблестное наплечье неустрашимости
40549,Сапоги возобновленного полета
40550,Доблестный кованый Плетью боевой доспех
40551,Бурдюк для крови
40552,Доблестные кованые Плетью рукавицы
40553,Искрящийся клинок
40554,Доблестные кованый Плетью шлем
40555,Оплечье Рассеивания
40556,Доблестные кованые Плетью ножные латы
40557,Доблестные кованые Плетью наплечники
40558,Магические тяжелоступы
40559,Доблестный кованый Плетью нагрудный доспех
40560,Поножи безудержного заклинателя
40561,Ремешок безрассудной магии
40562,Капюшон рациональности
40563,Доблестные кованые Плетью боевые рукавицы
40564,Перчатки зимних забав
40565,Доблестный кованый Плетью большой шлем
40566,Аккуратно сплетенный пояс Здравомыслия
40567,Доблестные кованые Плетью набедренники
40568,Доблестное кованое Плетью наплечье
40569,Доблестный мундир искупления
40570,Доблестные перчатки искупления
40571,Доблестный головной убор искупления
40572,Доблестные наголенники искупления
40573,Доблестный наплеч искупления
40574,Доблестный нагрудник искупления
40575,Доблестные рукавицы искупления
40576,Доблестный шлем искупления
40577,Доблестные ножные латы искупления
40578,Доблестные латные наплечники искупления
40579,Доблестная кираса искупления
40580,Доблестные боевые рукавицы искупления
40581,Доблестный большой шлем искупления
40582,Камень Плети
40583,Доблестные набедренники искупления
40584,Доблестные наплечные щитки искупления
40585,Печатка Кирин-Тора
40586,Перстень Кирин-Тора
40587,Настойка Темной Целительницы
40588,Мундир Стража артефакта
40589,Ножные латы владычества
40590,Наплечье высокого гнезда
40591,Башмаки меланхолии
40592,Сапоги исцеляющей энергии
40593,Серебряный том
40594,Наплеч безжизненности
40599,QA Test Ring +300 Hit Rating
40600,Костяной грифон
40601,Знамя Серебряного Рассвета
40602,Одеяния перемен
40603,Обугленные обломки
40610,Нагрудный доспех пропавшего завоевателя
40611,Нагрудный доспех пропавшего защитника
40612,Нагрудный доспех пропавшего покорителя
40613,Перчатки пропавшего завоевателя
40614,Перчатки пропавшего защитника
40615,Перчатки пропавшего покорителя
40616,Шлем пропавшего завоевателя
40617,Шлем пропавшего защитника
40618,Шлем пропавшего покорителя
40619,Поножи пропавшего завоевателя
40620,Поножи Пропавшего защитника
40621,Поножи пропавшего покорителя
40622,Наплеч пропавшего завоевателя
40623,Наплеч Пропавшего защитника
40624,Наплеч пропавшего покорителя
40625,Кираса пропавшего завоевателя
40626,Кираса пропавшего защитника
40627,Кираса пропавшего покорителя
40628,Рукавицы пропавшего завоевателя
40629,Рукавицы пропавшего защитника
40630,Рукавицы пропавшего покорителя
40631,Корона пропавшего завоевателя
40632,Корона пропавшего защитника
40633,Корона пропавшего покорителя
40634,Ножные латы пропавшего завоевателя
40635,Ножные латы пропавшего защитника
40636,Ножные латы пропавшего покорителя
40637,Оплечье пропавшего завоевателя
40638,Оплечье пропавшего защитника
40639,Оплечье пропавшего покорителя
40640,Донесения разведки Алого Натиска
40641,Ключ холодного железа
40642,Инструменты Свечекрута
40643,Гербовая накидка целеустремленности
40645,Сухой паек гноллов
40650,LK ARENA TEST WARRIOR BRACERS 213
40652,Ключ от сундука Алого Натиска
40653,Пропахшая корзинка для питомцев
40666,Записка верховного адмирала
40668,Кобальтовый треугольный щит
40669,Закаленный саронитовый пояс
40670,Саронитовый защитник
40671,Закаленные саронитовые сапоги
40672,Закаленная саронитовая кираса
40673,Закаленный саронитовый шлем
40674,Закаленные саронитовые ножные латы
40675,Закаленные саронитовые наплечники
40676,Усовершенствованная противопехотная мина
40678,Подвеска Отверженного героя
40679,Цепочечный военный латный воротник
40680,Обвивающие цепи полированного золота
40681,Плетеное колье Света
40682,Солнечные часы изгнанника
40683,"Медаль Первой войны \""За отвагу\"""
40684,Правдивое зеркальце
40685,Яйцо смертной сущности
40686,УРВР
40687,Потерянная печать одобрения Флорса
40688,Варварский шнурованный ремень Верданго
40689,Воинский пояс одушевленного железа
40690,Руны Ирквинн
40691,Медитационная опояска Магрота
40692,Серебряный кольчужный пояс Верисы
40693,Бисерный пояс шаманского видения
40694,Пояс Джораха из шкуры кроколиска
40695,Плетеный пояс лесной дриады
40696,Плисовый кушак Гузбы
40697,Ремень изысканных храмовых садов
40698,Охранитель Аметистовой цитадели
40699,Книга малоизвестных снадобий
40700,Защитная баррикада Света
40701,Брошенная пластина брони Крайгила
40702,Потрошитель Рольфсена
40703,Травокос
40704,Гордыня
40705,Манускрипт обновления
40706,Манускрипт ответных действий
40707,Манускрипт преграды
40708,Тотем Обители стихий
40709,Тотем растущих лесов
40710,Тотем расщепления
40711,Идол пышного мха
40712,Идол постоянного обновления
40713,Идол прожорливого зверя
40714,Печать недрогнувшего рыцаря
40715,Печать Неспокойных снов
40716,Крылатые клинки Лиллехоффа
40717,Кольцо непобедимости
40718,Перстень неприступной крепости
40719,Кольцо растекающейся магии
40720,Обновление жизни
40721,Плащ из шкуры акулы-молота
40722,Платиновый сетчатый плащ
40723,Маскировка Кумихо
40724,Плащ из перьев кеа
40725,Механический аукционист
40726,Оборудование К-3
40727,Гномский гравитационный колодец
40728,Большой кусок мяса мамонта
40730,Врата Арета
40731,Батарея для телепортера
40732,Ключ от кандалов Акеруса
40733,Боевые поручи часового-охотника
40734,Наручи даларанских брустверов
40735,Зартсоновы тяжелые наручи Джунглей
40736,Боевые наручи башенного лучника
40737,Окрашенные клановые наручники
40738,Напульсники бандита
40739,Поручи Великого Древа
40740,Напульсники астрального путешественника
40741,Манжеты тайного правителя
40742,Стальные сапоги со шпорами
40743,Сотрясающие землю ботинки Кизока
40744,Нечистая саронитовая руда
40745,Башмаки быстрого выздоровления
40746,Сапоги-ледоступы
40747,Ботфорты прибрежных странствий
40748,Сапоги капитана Эллис
40749,Жеваные сапоги Рэйни
40750,Экспедиционные сапоги Ксинтора
40751,Туфли света небес
40752,Эмблема героизма
40753,Эмблема доблести
40754,ИСКЛЮЧЕНО Огненно-красное катапультируемое кресло
40755,Заманчивые башмаки
40756,Наплечники соблазнителя
40757,Кандалы ночных шорохов
40758,Покров искушения
40762,Robinson Test Helm
40767,Усилитель звука
40768,МЯЛЛ-И
40769,Комплект для сборки Хламобота
40771,Кобальтовая осколочная бомба
40772,Гномский армейский нож
40773,Великий камень огня
40775,Крылатый скакун Черного Клинка
40776,Персональный генератор электромагнитных импульсов
40777,Упряжь северного медведя
40778,Латный нагрудник свирепого гладиатора
40779,Жуткий латный нагрудник свирепого гладиатора
40780,Чешуйчатый нагрудник свирепого гладиатора
40781,Жуткий латный нагрудник злобного гладиатора
40782,Чешуйчатый нагрудник злобного гладиатора
40783,Латный нагрудник злобного гладиатора
40784,Жуткий латный нагрудник смертоносного гладиатора
40785,Чешуйчатый нагрудник смертоносного гладиатора
40786,Латный нагрудник смертоносного гладиатора
40787,Жуткий латный нагрудник гневного гладиатора
40788,Чешуйчатый нагрудник гневного гладиатора
40789,Латный нагрудник гневного гладиатора
40790,Латный нагрудник неумолимого гладиатора
40791,Жуткий латный нагрудник неумолимого гладиатора
40792,Чешуйчатый нагрудник неумолимого гладиатора
40797,Латные рукавицы свирепого гладиатора
40798,Чешуйчатые рукавицы свирепого гладиатора
40799,Жуткие латные рукавицы свиревого гладиатора
40801,Латные рукавицы злобного гладиатора
40802,Чешуйчатые рукавицы злобного гладиатора
40803,Жуткие латные рукавицы злобного гладиатора
40804,Латные рукавицы смертоносного гладиатора
40805,Чешуйчатые рукавицы смертоносного гладиатора
40806,Жуткие латные рукавицы смертоносного гладиатора
40807,Латные рукавицы гневного гладиатора
40808,Чешуйчатые рукавицы гневного гладиатора
40809,Жуткие латные рукавицы гневного гладиатора
40810,Латные рукавицы неумолимого гладиатора
40811,Жуткие латные рукавицы неумолимого гладиатора
40812,Чешуйчатые рукавицы неумолимого гладиатора
40816,Латный шлем свирепого гладиатора
40817,Жуткий латный шлем свирепого гладиатора
40818,Чешуйчатый шлем свирепого гладиатора
40819,Латный шлем злобного гладиатора
40820,Жуткий латный шлем злобного гладиатора
40821,Чешуйчатый шлем злобного гладиатора
40822,Печать Заледеневшей совести
40823,Латный шлем смертоносного гладиатора
40824,Жуткий латный шлем смертоносного гладиатора
40825,Чешуйчатый шлем смертоносного гладиатора
40826,Латный шлем гневного гладиатора
40827,Жуткий латный шлем гневного гладиатора
40828,Чешуйчатый шлем гневного гладиатора
40829,Латный шлем неумолимого гладиатора
40830,Жуткий латный шлем неумолимого гладиатора
40831,Чешуйчатый шлем неумолимого гладиатора
40832,ObsoleteSigil of Pestilential Touch
40836,Латные набедренники свирепого гладиатора
40837,Жуткие латные набедренники свирепого гладиатора
40838,Чешуйчатые набедренники свирепого гладиатора
40839,ObsoleteSigil of the Glorious Mistake
40840,Латные набедренники злобного гладиатора
40841,Жуткие латные набедренники злобного гладиатора
40842,Чешуйчатые набедренники злобного гладиатора
40844,Латные набедренники смертоносного гладиатора
40845,Жуткие латные набедренники смертоносного гладиатора
40846,Чешуйчатые набедренники смертоносного гладиатора
40847,Латные набедренники гневного гладиатора
40848,Жуткие латные набедренники гневного гладиатора
40849,Чешуйчатые набедренники гневного гладиатора
40850,Латные набедренники неумолимого гладиатора
40851,Жуткие латные набедренники неумолимого гладиатора
40852,Чешуйчатые набедренники неумолимого гладиатора
40856,Латные наплечники свирепого гладиатора
40857,Жуткие латные наплечники свирепого гладиатора
40858,Чешуйчатые наплечники свирепого гладиатора
40859,Латные наплечники злобного гладиатора
40860,Жуткие латные наплечники злобного гладиатора
40861,Чешуйчатые наплечники злобного гладиатора
40862,Латные наплечники смертоносного гладиатора
40863,Жуткие латные наплечники смертоносного гладиатора
40864,Чешуйчатые наплечники смертоносного гладиатора
40865,Генератор шума
40866,Латные наплечники гневного гладиатора
40867,Печать Дикого оленя
40868,Жуткие латные наплечники гневного гладиатора
40869,Чешуйчатые наплечники гневного гладиатора
40870,Латные наплечники неумолимого гладиатора
40871,Жуткие латные наплечники неумолимого гладиатора
40872,Чешуйчатые наплечники неумолимого гладиатора
40875,Суставная печать
40877,Ремень триумфа злобного гладиатора
40878,Наголенники триумфа злобного гладиатора
40879,Ремень триумфа смертоносного гладиатора
40880,Наголенники триумфа смертоносного гладиатора
40881,Ремень триумфа гневного гладиатора
40882,Наголенники триумфа гневного гладиатора
40883,Ремень триумфа неумолимого гладиатора
40884,Наголенники триумфа неумолимого гладиатора
40887,Наручи триумфа злобного гладиатора
40888,Наручи триумфа смертоносного гладиатора
40889,Наручи триумфа гневного гладиатора
40890,Наручи триумфа неумолимого гладиатора
40892,Кирка-молот
40893,Заостренная кирка
40895,Гномские рентгеновские очки
40896,Символ неистового восстановления
40897,Символ трепки
40898,Украшенный нагрудный доспех свирепого гладиатора
40899,Символ рыка
40900,Символ увечья
40901,Символ полосования
40902,Символ разрывания
40903,Символ глубокой раны
40904,Украшенный нагрудный доспех злобного гладиатора
40905,Украшенный нагрудный доспех смертоносного гладиатора
40906,Символ быстрого восстановления
40907,Украшенный нагрудный доспех гневного гладиатора
40908,Символ озарения
40909,Символ возрождения
40910,Украшенный нагрудный доспех неумолимого гладиатора
40912,Символ восстановления
40913,Символ омоложения
40914,Символ целительного прикосновения
40915,Символ жизнецвета
40916,Символ звездного огня
40917,Аннулятор лорда-командира
40918,Украшенные перчатки свирепого гладиатора
40919,Символ роя насекомых
40920,Символ грозы
40921,Символ звездопада
40922,Символ гнева
40923,Символ лунного огня
40924,Символ гнева деревьев
40925,Украшенные перчатки злобного гладиатора
40926,Украшенные перчатки смертоносного гладиатора
40927,Украшенные перчатки гневного гладиатора
40928,Украшенные перчатки неумолимого гладиатора
40930,Украшенный шлем свирепого гладиатора
40931,Украшенный шлем злобного гладиатора
40932,Украшенный шлем смертоносного гладиатора
40933,Украшенный шлем гневного гладиатора
40934,Украшенный шлем неумолимого гладиатора
40936,Украшенные ножные латы свирепого гладиатора
40937,Украшенные ножные латы злобного гладиатора
40938,Украшенные ножные латы смертоносного гладиатора
40939,Украшенные ножные латы гневного гладиатора
40940,Украшенные ножные латы неумолимого гладиатора
40942,Шипастый кобальтовый шлем
40943,Шипастые кобальтовые ножные латы
40944,Ядовитая железа ледяного ползуна
40946,Сеть Ануниака
40947,Завернутая в мешковину записка
40948,"Символ \""Рыжая рысь\"""
40949,Шипастые кобальтовые сапоги
40950,Шипастые кобальтовые наплечники
40951,Шипастый кобальтовый нагрудник
40952,Шипастые кобальтовые рукавицы
40953,Шипастый кобальтовый пояс
40954,Шипастые кобальтовые наручи
40955,Рогатый кобальтовый шлем
40956,Усиленные кобальтовые наплечники
40957,Усиленный кобальтовый шлем
40958,Усиленные кобальтовые ножные латы
40959,Усиленный кобальтовый нагрудник
40960,Украшенный наплеч свирепого гладиатора
40961,Украшенный наплеч злобного гладиатора
40962,Украшенный наплеч смертоносного гладиатора
40963,Украшенный наплеч гневного гладиатора
40964,Украшенный наплеч неумолимого гладиатора
40966,Ремень спасения злобного гладиатора
40969,Усовершенствованная противопехотная мина
40970,Поводья грифона Алого Натиска
40971,Переговорное устройство Бранна
40972,Наручи спасения злобного гладиатора
40973,Наголенники спасения злобного гладиатора
40974,Ремень спасения смертоносного гладиатора
40975,Наголенники спасения смертоносного гладиатора
40976,Ремень спасения гневного гладиатора
40977,Наголенники спасения гневного гладиатора
40978,Ремень спасения неумолимого гладиатора
40979,Наголенники спасения неумолимого гладиатора
40982,Наручи спасения смертоносного гладиатора
40983,Наручи спасения гневного гладиатора
40984,Наручи спасения неумолимого гладиатора
40986,Кольчатый доспех свирепого гладиатора
40987,Кольчужный доспех свирепого гладиатора
40988,Кольчатый доспех злобного гладиатора
40989,Кольчужный доспех злобного гладиатора
40990,Кольчатый доспех смертоносного гладиатора
40991,Кольчужный доспех смертоносного гладиатора
40992,Кольчатый доспех гневного гладиатора
40993,Кольчужный доспех гневного гладиатора
40994,Кольчатый доспех неумолимого гладиатора
40995,Кольчужный доспех неумолимого гладиатора
40998,Кольчатые рукавицы свирепого гладиатора
40999,Кольчатые рукавицы злобного гладиатора
41000,Кольчатые рукавицы смертоносного гладиатора
41001,Кольчатые рукавицы гневного гладиатора
41002,Кольчатые рукавицы неумолимого гладиатора
41004,Кольчужные рукавицы свирепого гладиатора
41005,Кольчужные рукавицы злобного гладиатора
41006,Кольчужные рукавицы смертоносного гладиатора
41007,Кольчужные рукавицы гневного гладиатора
41008,Кольчужные рукавицы неумолимого гладиатора
41010,Кольчатый шлем свирепого гладиатора
41011,Кольчатый шлем злобного гладиатора
41012,Кольчатый шлем смертоносного гладиатора
41013,Кольчатый шлем гневного гладиатора
41014,Кольчатый шлем неумолимого гладиатора
41016,Кольчужный шлем свирепого гладиатора
41017,Кольчужный шлем злобного гладиатора
41018,Кольчужный шлем смертоносного гладиатора
41019,Кольчужный шлем гневного гладиатора
41020,Кольчужный шлем неумолимого гладиатора
41023,Кольчатые поножи свирепого гладиатора
41024,Кольчатый наплеч свирепого гладиатора
41025,Кольчатые поножи злобного гладиатора
41026,Кольчатые поножи смертоносного гладиатора
41027,Кольчатые поножи гневного гладиатора
41028,Кольчатые поножи неумолимого гладиатора
41030,Кольчужные поножи свирепого гладиатора
41031,Кольчужные поножи злобного гладиатора
41032,Кольчужные поножи смертоносного гладиатора
41033,Кольчужные поножи гневного гладиатора
41034,Кольчужные поножи неумолимого гладиатора
41036,Кольчатый наплеч злобного гладиатора
41037,Кольчатый наплеч смертоносного гладиатора
41038,Кольчатый наплеч гневного гладиатора
41039,Кольчатый наплеч неумолимого гладиатора
41041,Кольчужный наплеч свирепого гладиатора
41042,Кольчужный наплеч злобного гладиатора
41043,Кольчужный наплеч смертоносного гладиатора
41044,Кольчужный наплеч гневного гладиатора
41045,Кольчужный наплеч неумолимого гладиатора
41047,Накулачники спасения злобного гладиатора
41048,Воинский пояс спасения смертоносного гладиатора
41049,Башмаки спасения злобного гладиатора
41050,Воинский пояс спасения злобного гладиатора
41051,Воинский пояс спасения гневного гладиатора
41052,Воинский пояс спасения неумолимого гладиатора
41054,Башмаки спасения смертоносного гладиатора
41055,Башмаки спасения гневного гладиатора
41056,Башмаки спасения неумолимого гладиатора
41058,Хильдский гарпун
41059,Накулачники спасения смертоносного гладиатора
41060,Накулачники спасения гневного гладиатора
41061,Накулачники спасения неумолимого гладиатора
41063,Накулачники господства злобного гладиатора
41064,Накулачники господства смертоносного гладиатора
41065,Накулачники господства гневного гладиатора
41066,Накулачники господства неумолимого гладиатора
41068,Воинский пояс господства злобного гладиатора
41069,Воинский пояс господства смертоносного гладиатора
41070,Воинский пояс господства гневного гладиатора
41071,Воинский пояс господства неумолимого гладиатора
41073,Башмаки господства злобного гладиатора
41074,Башмаки господства смертоносного гладиатора
41075,Башмаки господства гневного гладиатора
41076,Башмаки господства неумолимого гладиатора
41078,Клепаный доспех свирепого гладиатора
41079,Клепаный доспех злобного гладиатора
41080,Клепаный доспех смертоносного гладиатора
41081,Клепаный доспех гневного гладиатора
41082,Клепаный доспех неумолимого гладиатора
41084,Плетеный доспех свирепого гладиатора
41085,Плетеный доспех злобного гладиатора
41086,Плетеный доспех смертоносного гладиатора
41087,Плетеный доспех гневного гладиатора
41088,Плетеный доспех неумолимого гладиатора
41091,Нарукавная зажигательная ракетница
41092,Символ правосудия
41093,Гиперскоростные ускорители
41094,Символ печати повиновения
41095,Символ молота правосудия
41096,Символ духовного созвучия
41097,Символ молота гнева
41098,Символ удара воина Света
41099,Символ освящения
41100,Символ праведной защиты
41101,Символ щита мстителя
41102,Символ изгнания зла
41103,Символ экзорцизма
41104,Символ очищения
41105,Символ вспышки Света
41106,Символ Света небес
41107,Символ гнева карателя
41108,Символ божественности
41109,Символ печати мудрости
41110,Символ печати Света
41111,Эластичная подкладка
41112,Механизированные снегозащитные очки
41113,Саронитовый оплот
41114,Закаленные саронитовые рукавицы
41115,Плавник Ярогрива
41116,Закаленные саронитовые наручи
41117,Саронитовый страж
41118,Нитроускорители
41119,Саронитовая бомба
41120,Чертеж: усиленные кобальтовые ножные латы
41121,Гномский генератор молний
41122,Чертеж: усиленный кобальтовый нагрудник
41123,Чертеж: усиленный кобальтовый шлем
41124,Чертеж: усиленные кобальтовые наплечники
41125,zzOLD
41126,Сверкающие саронитовые ножные латы
41127,Сверкающие саронитовые рукавицы
41128,Сверкающие саронитовые сапоги
41129,Сверкающая саронитовая кираса
41130,Фрагмент диска изобретателя
41131,Огнетушитель Яростного Когтя
41132,Диск Изобретателя
41133,Невылупившийся мистер Холодок
41134,Клепаные рукавицы свирепого гладиатора
41135,Клепаные рукавицы злобного гладиатора
41136,Клепаные рукавицы смертоносного гладиатора
41137,Клепаные рукавицы гневного гладиатора
41138,Клепаные рукавицы неумолимого гладиатора
41140,Плетеные рукавицы свирепого гладиатора
41141,Плетеные рукавицы злобного гладиатора
41142,Плетеные рукавицы смертоносного гладиатора
41143,Плетеные рукавицы гневного гладиатора
41144,Плетеные рукавицы неумолимого гладиатора
41146,Солнечный прицел
41147,Бочка веселухи
41148,Клепаный шлем свирепого гладиатора
41149,Клепаный шлем злобного гладиатора
41150,Клепаный шлем смертоносного гладиатора
41151,Клепаный шлем гневного гладиатора
41152,Клепаный шлем неумолимого гладиатора
41154,Плетеный шлем свирепого гладиатора
41155,Плетеный шлем злобного гладиатора
41156,Плетеный шлем смертоносного гладиатора
41157,Плетеный шлем гневного гладиатора
41158,Плетеный шлем неумолимого гладиатора
41160,Клепаные поножи свирепого гладиатора
41161,"\""Отмычка\"" Дракуру"
41162,Клепаные поножи злобного гладиатора
41163,Титановый слиток
41164,Мамонтобои
41165,Саронитовые острейшие стрелы
41166,Рунический набор для лечебных инъекций
41167,"Прицел \""Пронзатель сердец\"""
41168,Бронированный боевой дробовик
41169,Камень огня
41170,Малый камень огня
41171,Большой камень огня
41172,Крупный камень огня
41173,Камень огня Скверны
41174,Могучий камень огня
41178,Механический костюм ZX-5103
41179,Диск Изобретателя
41181,Заточенный кобальтовый колун
41182,Кобальтовый тесак свирепости
41183,Саронитовый разбойничий кинжал
41184,Саронитовый нож
41185,Саронитовая ударная палица ярости
41186,Проржавевшее саронитовое лезвие
41187,Проржавевший саронитовый изранитель
41188,Саронитовый мозголом
41189,Бригантина завоевания
41190,Ножные латы завоевания
41191,Камень чар
41192,Большой камень чар
41193,Крупный камень чар
41194,Великий камень чар
41195,Демонический камень чар
41196,Могучий камень чар
41197,Диск Изобретателя
41198,Клепаные поножи смертоносного гладиатора
41199,Клепаные поножи гневного гладиатора
41200,Клепаные поножи неумолимого гладиатора
41202,Плетеные поножи свирепого гладиатора
41203,Плетеные поножи злобного гладиатора
41204,Плетеные поножи смертоносного гладиатора
41205,Плетеные поножи гневного гладиатора
41206,Плетеные поножи неумолимого гладиатора
41208,Клепаный наплеч свирепого гладиатора
41209,Клепаный наплеч злобного гладиатора
41210,Клепаный наплеч смертоносного гладиатора
41211,Клепаный наплеч гневного гладиатора
41212,Клепаный наплеч неумолимого гладиатора
41214,Плетеный наплеч свирепого гладиатора
41215,Плетеный наплеч злобного гладиатора
41216,Плетеный наплеч смертоносного гладиатора
41217,Плетеный наплеч гневного гладиатора
41218,Плетеный наплеч неумолимого гладиатора
41223,Накулачники триумфа злобного гладиатора
41224,Накулачники триумфа смертоносного гладиатора
41225,Накулачники триумфа гневного гладиатора
41226,Накулачники триумфа неумолимого гладиатора
41228,Башмаки триумфа злобного гладиатора
41229,Башмаки триумфа смертоносного гладиатора
41230,Башмаки триумфа гневного гладиатора
41231,Башмаки триумфа неумолимого гладиатора
41233,Воинский пояс триумфа злобного гладиатора
41234,Воинский пояс триумфа смертоносного гладиатора
41235,Воинский пояс триумфа гневного гладиатора
41236,Воинский пояс триумфа неумолимого гладиатора
41238,Плащ томимых небес
41239,Прочный кобальтовый быстрый клинок
41240,Кобальтодробитель
41241,Выверенный сюрикен
41242,Кованый кобальтовый клеймор
41243,Зубчатая кобальтовая секира
41245,Смертоносный саронитовый кортик
41248,Красная рубашка дровосека
41249,Синяя рубашка дровосека
41250,Зеленая рубашка дровосека
41251,Желтая рубашка дровосека
41252,Красная рубашка рабочего
41253,Синяя рубашка рабочего
41254,Грубая рубашка рабочего
41255,Зеленая рубашка рабочего
41257,Разрушитель из титановой стали
41258,Оболочка Норганнона
41260,Ядро Норганнона
41262,Приказы Дракуру
41264,Отражающие наручи
41265,Ослепляющий луч
41266,Алмаз небесного сияния
41267,Карта доступа к УБЕР-И
41268,Перчатки свирепого гладиатора из шкуры кодо
41269,Шлем свирепого гладиатора из шкуры кодо
41270,Набедренники свирепого гладиатора из шкуры кодо
41271,Наплеч свирепого гладиатора из шкуры кодо
41272,Одеяние свирепого гладиатора из шкуры кодо
41273,Наплеч злобного гладиатора из шкуры кодо
41274,Наплеч смертоносного гладиатора из шкуры кодо
41275,Наплеч гневного гладиатора из шкуры кодо
41276,Наплеч неумолимого гладиатора из шкуры кодо
41278,Наплеч свирепого гладиатора из шкуры змея
41279,Наплеч злобного гладиатора из шкуры змея
41280,Наплеч смертоносного гладиатора из шкуры змея
41281,Наплеч гневного гладиатора из шкуры змея
41282,Наплеч неумолимого гладиатора из шкуры змея
41284,Перчатки злобного гладиатора из шкуры кодо
41285,Хаотический алмаз небесного сияния
41286,Перчатки смертоносного гладиатора из шкуры кодо
41287,Перчатки гневного гладиатора из шкуры кодо
41288,Перчатки неумолимого гладиатора из шкуры кодо
41290,Перчатки свирепого гладиатора из шкуры змея
41291,Перчатки злобного гладиатора из шкуры змея
41292,Перчатки смертоносного гладиатора из шкуры змея
41293,Перчатки гневного гладиатора из шкуры змея
41294,Перчатки неумолимого гладиатора из шкуры змея
41296,Набедренники злобного гладиатора из шкуры кодо
41297,Набедренники смертоносного гладиатора из шкуры кодо
41298,Набедренники гневного гладиатора из шкуры кодо
41299,Набедренники неумолимого гладиатора из шкуры кодо
41301,Набедренники свирепого гладиатора из шкуры змея
41302,Набедренники злобного гладиатора из шкуры змея
41303,Набедренники смертоносного гладиатора из шкуры змея
41304,Набедренники гневного гладиатора из шкуры змея
41305,Набедренники неумолимого гладиатора из шкуры змея
41307,Разрушительный алмаз небесного сияния
41308,Одеяние злобного гладиатора из шкуры кодо
41309,Одеяние смертоносного гладиатора из шкуры кодо
41310,Одеяние гневного гладиатора из шкуры кодо
41311,Одеяние неумолимого гладиатора из шкуры кодо
41313,Одеяние свирепого гладиатора из шкуры змея
41314,Одеяние злобного гладиатора из шкуры змея
41315,Одеяние смертоносного гладиатора из шкуры змея
41316,Одеяние гневного гладиатора из шкуры змея
41317,Одеяние неумолимого гладиатора из шкуры змея
41319,Шлем злобного гладиатора из шкуры кодо
41320,Шлем смертоносного гладиатора из шкуры кодо
41321,Шлем гневного гладиатора из шкуры кодо
41322,Шлем неумолимого гладиатора из шкуры кодо
41324,Шлем свирепого гладиатора из шкуры змея
41325,Шлем злобного гладиатора из шкуры змея
41326,Шлем смертоносного гладиатора из шкуры змея
41327,Шлем гневного гладиатора из шкуры змея
41328,Шлем неумолимого гладиатора из шкуры змея
41330,Пояс спасения злобного гладиатора
41331,Сапоги спасения злобного гладиатора
41332,Наручные обмотки спасения злобного гладиатора
41333,Угасающий алмаз небесного сияния
41334,Алмаз землеправителя
41335,Загадочный алмаз небесного сияния
41336,Ящик с медикаментами
41337,Отработавший механизм
41338,Пружинный волчок
41339,Стремительный алмаз небесного сияния
41340,Свежее мясо люторога
41341,Яйцо грозовестника
41342,Посох Темного пламени
41344,Шлем властности
41345,Устрашающие ножные латы
41346,Наголенники праведности
41347,Саронитовые ножные латы свирепости
41348,Саронитовые сапоги свирепости
41349,Саронитовые рукавицы свирепости
41350,Саронитовый шлем свирепости
41351,Саронитовое наплечье свирепости
41352,Саронитовый воинский пояс свирепости
41353,Саронитовый хауберк свирепости
41354,Саронитовые наручи свирепости
41355,Наручники отмщения
41356,Рукавицы праведности
41357,Устрашающие боевые рукавицы
41359,Скипетр сектанта
41361,Крюк поганища
41362,Веревка упыря
41363,Эссенция Плети
41366,Скипетр повеления
41367,Фокусирующая линза из темного нефрита
41368,Разряженное силовое ядро вуду
41369,Дырявая перфокарта
41372,Флаг вызова
41373,Живительная влага
41375,Неустанный алмаз небесного сияния
41376,Оживляющий алмаз небесного сияния
41377,Лучезарный алмаз небесного сияния
41378,Жалкий алмаз небесного сияния
41379,Бездушный алмаз небесного сияния
41380,Алмаз строгого землеправителя
41381,Незыблемый алмаз землеправителя
41382,Заостренный алмаз землеправителя
41383,Костекрушитель из титановой стали
41384,Булава стража из титановой стали
41385,Живительный алмаз землеправителя
41386,Шипастый шлем из титановой стали
41387,Закаленный шлем из титановой стали
41388,Сверкающий шлем из титановой стали
41389,Лучащийся алмаз землеправителя
41390,Рог Стефана
41391,Шипастые сапоги из титановой стали
41392,Закаленные сапоги из титановой стали
41393,Перстень-печатка Ледохвата
41394,Сверкающие сапоги из титановой стали
41395,Нерушимый алмаз землеправителя
41396,Вечный алмаз землеправителя
41397,Могущественный алмаз землеправителя
41398,Алмаз жестокого землеправителя
41399,Металлолом Плети
41400,Громовой алмаз небесного сияния
41401,Провидческий алмаз землеправителя
41403,ZZOLD Design: Insightful Earthsiege Diamond
41404,ZZOLD Design: Bracing Earthsiege Diamond
41405,ZZOLD Design: Eternal Earthsiege Diamond
41406,ZZOLD Design: Powerful Earthsiege Diamond
41407,ZZOLD Design: Relentless Earthsiege Diamond
41408,ZZOLD Design: Austere Earthsiege Diamond
41409,ZZOLD Design: Persistent Earthsiege Diamond
41410,ZZOLD Design: Trenchant Earthsiege Diamond
41411,ZZOLD Design: Invigorating Earthsiege Diamond
41412,ZZOLD Design: Beaming Earthsiege Diamond
41413,ZZOLD Design: Revitalizing Skyflare Diamond
41414,ZZOLD Design: Effulgent Skyflare Diamond
41415,ZZOLD Design: Tireless Skyflare Diamond
41416,ZZOLD Design: Forlorn Skyflare Diamond
41417,ZZOLD Design: Impassive Skyflare Diamond
41418,ZZOLD Design: Chaotic Skyflare Diamond
41419,ZZOLD Design: Destructive Skyflare Diamond
41420,ZZOLD Design: Ember Skyflare Diamond
41421,ZZOLD Design: Enigmatic Skyflare Diamond
41422,ZZOLD Design: Swift Skyflare Diamond
41423,ZZOLDDesign: Thundering Skyflare Diamond
41424,Шкура ледогривого йети
41426,Чудесным образом упакованный подарок
41427,Даларанский фейерверк
41428,Ключ Милдред
41429,Совершенный гибельный огромный цитрин
41430,Ошейник северной гончей
41431,Надежно перевязанный сверток со взрывчаткой
41432,Совершенный рельефный кровавый камень
41433,Совершенный яркий кровавый камень
41434,Совершенный хрупкий кровавый камень
41435,Совершенный блистательный кровавый камень
41436,Совершенный растрескавшийся кровавый камень
41437,Совершенный ясный кровавый камень
41438,Совершенный рунический кровавый камень
41439,Совершенный изящный кровавый камень
41440,Совершенный блестящий кальцедоний
41441,Совершенный цельный кальцедоний
41442,Совершенный искрящийся кальцедоний
41443,Совершенный грозовой кальцедоний
41444,Совершенный сверкающий солнечный хрусталь
41445,Совершенный мистический солнечный хрусталь
41446,Совершенный мягкий солнечный хрусталь
41447,Совершенный прочный солнечный хрусталь
41448,Совершенный гладкий солнечный хрусталь
41449,Совершенный матовый солнечный хрусталь
41450,Совершенный сбалансированный сумрачный кристалл
41451,Совершенный сумрачный кристалл защитника
41452,Совершенный светящийся сумрачный кристалл
41453,Совершенный сумрачный кристалл стража
41454,Совершенный заряженный сумрачный кристалл
41455,Совершенный таинственный сумрачный кристалл
41456,Совершенный всевластный сумрачный кристалл
41457,Совершенный очищенный сумрачный кристалл
41458,Совершенный монарший сумрачный кристалл
41459,Совершенный королевский сумрачный кристалл
41460,Совершенный изменчивый сумрачный кристалл
41461,Совершенный царственный сумрачный кристалл
41462,Совершенный непрочный сумрачный кристалл
41463,Совершенный ослепительный темный нефрит
41464,Совершенный отверделый темный нефрит
41465,Совершенный усиленный темный нефрит
41466,Совершенный мощный темный нефрит
41467,Совершенный замысловатый темный нефрит
41468,Совершенный зазубренный темный нефрит
41469,Совершенный лучистый темный нефрит
41470,Совершенный смутный темный нефрит
41471,Совершенный непрозрачный темный нефрит
41472,Совершенный светозарный темный нефрит
41473,Совершенный темный нефрит провидца
41474,Совершенный раздробленный темный нефрит
41475,Совершенный сияющий темный нефрит
41476,Совершенный неизменный темный нефрит
41477,Совершенный расколотый темный нефрит
41478,Совершенный плотный темный нефрит
41479,Совершенный вневременной темный нефрит
41480,Совершенный померкший темный нефрит
41481,Безупречный насыщенный темный нефрит
41482,Совершенный идеально ограненный огромный цитрин
41483,Совершенный огромный цитрин воителя
41484,Совершенный смертоносный огромный цитрин
41485,Совершенный огромный цитрин проворства
41486,Совершенный надежный огромный цитрин
41487,Совершенный наделенный силой огромный цитрин
41488,Совершенный гравированный огромный цитрин
41489,Совершенный броский огромный цитрин
41490,Совершенный мерцающий огромный цитрин
41491,Совершенный блистающий огромный цитрин
41492,Совершенный покрытый письменами огромный цитрин
41493,Совершенный прозрачный огромный цитрин
41494,Совершенный светоносный огромный цитрин
41495,Совершенный могущественный огромный цитрин
41496,Совершенный нетронутый огромный цитрин
41497,Совершенный тревожный огромный цитрин
41498,Совершенный затвердевший огромный цитрин
41499,Совершенный глянцевый огромный цитрин
41500,Совершенный стойкий огромный цитрин
41501,Совершенный застывший огромный цитрин
41502,Совершенный сокрытый огромный цитрин
41503,Диатомовая земля
41504,Сущность банши
41505,Оберег земли Торима
41506,Гранитный валун
41507,Огромный сефориевый заряд
41508,Механоцикл
41509,Сеть из ледяной ткани
41510,Рулон ледяной ткани
41511,Рулон прочной ледяной ткани
41512,Ледотканые напульсники
41513,Ледотканые наплечники
41514,Голос ветра
41515,Ледотканое одеяние
41516,Перчатки ледяной ярости
41517,Символ цепного исцеления
41518,Символ цепной молнии
41519,Ледотканые поножи
41520,Ледотканые сапоги
41521,Ледотканый шлем
41522,Ледотканый пояс
41523,Мистические ледотканые наплечники
41524,Символ лавы
41525,Мистическое ледотканое одеяние
41526,Символ шока
41527,Символ оружия жизни земли
41528,Мистические ледотканые напульсники
41529,Символ тотема элементаля огня
41530,Символ кольца огня
41531,Символ огненного шока
41532,Символ оружия языка пламени
41533,Символ тотема исцеляющего потока
41534,Символ волны исцеления
41535,Символ малой волны исцеления
41536,Символ молнии
41537,Символ щита молний
41538,Символ тотема прилива маны
41539,Символ удара бури
41540,Символ вскипания лавы
41541,Символ хозяина вод
41542,Символ оружия неистовства ветра
41543,Пояс из сумеречной ткани
41544,Сапоги из сумеречной ткани
41545,Перчатки из сумеречной ткани
41546,Клобук из сумеречной ткани
41547,Символ ледяного шока
41548,Поножи из сумеречной ткани
41549,Одеяние из сумеречной ткани
41550,Наплечники из сумеречной ткани
41551,Напульсники из сумеречной ткани
41552,Символ покорения стихий
41553,Черные поножи из сумеречной ткани
41554,Черное одеяние из сумеречной ткани
41555,Черные напульсники из сумеречной ткани
41556,Покрытый шлаком металл
41557,Очищенный светящийся металл
41558,Гневная искра
41559,Эскиз: мистический солнечный хрусталь
41560,Эскиз: грозовой кальцедоний
41561,Эскиз: тревожный огромный цитрин
41562,Эскиз: смертоносный огромный цитрин
41563,Эскиз: надежный огромный цитрин
41564,Эскиз: наделенный силой огромный цитрин
41565,Эскиз: прозрачный огромный цитрин
41566,Эскиз: глянцевый огромный цитрин
41567,Эскиз: насыщенный темный нефрит
41568,Эскиз: темный нефрит провидца
41569,Эскиз: раздробленный темный нефрит
41570,Эскиз: плотный темный нефрит
41571,Эскиз: померкший темный нефрит
41572,Эскиз: неизменный темный нефрит
41573,Эскиз: непрозрачный темный нефрит
41574,Эскиз: сумрачный кристалл защитника
41575,Эскиз: таинственный сумрачный кристалл
41576,Эскиз: рельефный алый рубин
41577,Эскиз: хрупкий алый рубин
41578,Эскиз: блистательный алый рубин
41579,Эскиз: мягкое сияние осени
41580,Эскиз: прочное сияние осени
41581,Эскиз: блестящий небесный сапфир
41582,Эскиз: блистающий императорский топаз
41584,Обмораживающие пули
41585,Покрытый шлаком металл
41586,Наводящие ужас стрелы
41587,Проворство военачальника
41588,Агрессивность военачальника
41589,Решимость военачальника
41590,Отвага военачальника
41591,Усиленная накидка сержанта
41592,Решимость гладиатора
41593,Иссиня-черная ткань
41594,Лунный тюль
41595,Колдовская ткань
41596,Даларанский знак ювелира
41597,Сумка Бездны
41598,Таинственная котомка
41599,Сумка из ледяной ткани
41600,Ледовая сумка
41601,Сияющая чародейская нить
41602,Сверкающая чародейская нить
41603,Лазурная чародейская нить
41604,Сапфировая чародейская нить
41605,zzDEPRECATED Sanctified Spellthread
41606,zzDEPRECATED Master\'s Spellthread
41607,Плащ луны
41608,Плащ заледеневших душ
41609,Тончайший плащ
41610,Плащ смертельной стужи
41611,Извечная поясная пряжка
41612,Флакон масла льда
41614,Зачарованная земля
41615,Шахтерская кирка земельника
41616,Пояс спасения смертоносного гладиатора
41617,Пояс спасения гневного гладиатора
41618,Пояс спасения неумолимого гладиатора
41620,Сапоги спасения смертоносного гладиатора
41621,Сапоги спасения гневного гладиатора
41622,Сапоги спасения неумолимого гладиатора
41624,Наручные обмотки спасения смертоносного гладиатора
41625,Наручные обмотки спасения гневного гладиатора
41626,Наручные обмотки спасения неумолимого гладиатора
41628,Пояс господства злобного гладиатора
41629,Пояс господства смертоносного гладиатора
41630,Пояс господства гневного гладиатора
41631,Пояс господства неумолимого гладиатора
41633,Сапоги господства злобного гладиатора
41634,Сапоги господства смертоносного гладиатора
41635,Сапоги господства гневного гладиатора
41636,Сапоги господства неумолимого гладиатора
41638,Наручные обмотки господства злобного гладиатора
41639,Наручные обмотки господства смертоносного гладиатора
41640,Наручные обмотки господства гневного гладиатора
41641,Наручные обмотки господства неумолимого гладиатора
41643,Кожаные перчатки свирепого гладиатора
41644,Кожаный шлем свирепого гладиатора
41645,Кожаные набедренники свирепого гладиатора
41646,Кожаный наплеч свирепого гладиатора
41647,Кожаный мундир свирепого гладиатора
41648,Кожаный мундир злобного гладиатора
41649,Кожаный мундир смертоносного гладиатора
41650,Кожаный мундир гневного гладиатора
41651,Кожаный мундир неумолимого гладиатора
41653,Кожаные набедренники злобного гладиатора
41654,Кожаные набедренники смертоносного гладиатора
41655,Кожаные набедренники гневного гладиатора
41656,Кожаные набедренники неумолимого гладиатора
41658,Одеяние свирепого гладиатора из драконьей шкуры
41659,Одеяние злобного гладиатора из драконьей шкуры
41660,Одеяние смертоносного гладиатора из драконьей шкуры
41661,Одеяние гневного гладиатора из драконьей шкуры
41662,Одеяние неумолимого гладиатора из драконьей шкуры
41664,Набедренники свирепого гладиатора из драконьей шкуры
41665,Набедренники злобного гладиатора из драконьей шкуры
41666,Набедренники смертоносного гладиатора из драконьей шкуры
41667,Набедренники гневного гладиатора из драконьей шкуры
41668,Набедренники неумолимого гладиатора из драконьей шкуры
41670,Кожаный шлем злобного гладиатора
41671,Кожаный шлем смертоносного гладиатора
41672,Кожаный шлем гневного гладиатора
41673,Кожаный шлем неумолимого гладиатора
41675,Шлем свирепого гладиатора из драконьей шкуры
41676,Шлем злобного гладиатора из драконьей шкуры
41677,Шлем смертоносного гладиатора из драконьей шкуры
41678,Шлем гневного гладиатора из драконьей шкуры
41679,Шлем неумолимого гладиатора из драконьей шкуры
41681,Кожаный наплеч злобного гладиатора
41682,Кожаный наплеч смертоносного гладиатора
41683,Кожаный наплеч гневного гладиатора
41684,Кожаный наплеч неумолимого гладиатора
41686,Эскиз: могущественный императорский топаз
41687,Эскиз: застывший императорский топаз
41688,Эскиз: сокрытый императорский топаз
41689,Эскиз: светоносный императорский топаз
41690,Эскиз: тревожный императорский топаз
41692,Эскиз: усиленный лесной изумруд
41693,Эскиз: мощный лесной изумруд
41694,Эскиз: замысловатый лесной изумруд
41696,Эскиз: лучистый лесной изумруд
41697,Эскиз: отверделый лесной изумруд
41698,Эскиз: насыщенный лесной изумруд
41699,Эскиз: лесной изумруд провидца
41701,Эскиз: королевский сумеречный опал
41702,Эскиз: всевластный сумеречный опал
41703,Эскиз: монарший сумеречный опал
41704,Эскиз: хаотический алмаз небесного сияния
41705,Эскиз: лучезарный алмаз небесного сияния
41706,Эскиз: угасающий алмаз небесного сияния
41707,Эскиз: оживляющий алмаз небесного сияния
41708,Эскиз: провидческий алмаз землеправителя
41709,Эскиз: живительный алмаз землеправителя
41710,Эскиз: алмаз жестокого землеправителя
41711,Эскиз: заостренный алмаз землеправителя
41712,Наплеч свирепого гладиатора из драконьей шкуры
41713,Наплеч злобного гладиатора из драконьей шкуры
41714,Наплеч смертоносного гладиатора из драконьей шкуры
41715,Наплеч гневного гладиатора из драконьей шкуры
41716,Наплеч неумолимого гладиатора из драконьей шкуры
41718,Эскиз: рунический алый рубин
41719,Эскиз: изящный алый рубин
41720,Эскиз: гладкое сияние осени
41721,Эскиз: гибельный императорский топаз
41722,Эскиз: мерцающий императорский топаз
41723,Эскиз: зазубренный лесной изумруд
41724,Эскиз: расколотый лесной изумруд
41725,Эскиз: светящийся сумеречный опал
41726,Эскиз: сумеречный опал стража
41727,Эскиз: мистическое сияние осени
41728,Эскиз: грозовой небесный сапфир
41729,Тушеная драконятина
41730,Эскиз: надежный императорский топаз
41731,Молоко йети
41732,Эскиз: наделенный силой императорский топаз
41733,Эскиз: прозрачный императорский топаз
41734,Эскиз: глянцевый императорский топаз
41735,Эскиз: раздробленный лесной изумруд
41736,Эскиз: плотный лесной изумруд
41737,Эскиз: померкший лесной изумруд
41738,Эскиз: неизменный лесной изумруд
41739,Эскиз: непрозрачный лесной изумруд
41740,Эскиз: таинственный сумеречный опал
41741,Кобальтовый жезл
41742,Эскиз: загадочный алмаз небесного сияния
41743,Эскиз: жалкий алмаз небесного сияния
41744,Эскиз: бездушный алмаз небесного сияния
41745,Титановый жезл
41746,Бруннхильдарский лук
41747,Эскиз: изменчивый сумеречный опал
41751,Черный гриб
41752,Бруннхильдарский топор
41754,Бруннхильдарский щит
41755,Тушитель огня
41757,Жилет неразрывного партнерства
41758,Шлем кровных уз
41759,Кандалы вечной дружбы
41760,Одеяния избавителя
41761,Накулачники целительных прикосновений
41762,Ботфорты вольного пути
41763,Поножи осмотрительного руководства
41765,Кожаные перчатки злобного гладиатора
41766,Кожаные перчатки смертоносного гладиатора
41767,Кожаные перчатки гневного гладиатора
41768,Кожаные перчатки неумолимого гладиатора
41770,Перчатки свирепого гладиатора из драконьей шкуры
41771,Перчатки злобного гладиатора из драконьей шкуры
41772,Перчатки смертоносного гладиатора из драконьей шкуры
41773,Перчатки гневного гладиатора из драконьей шкуры
41774,Перчатки неумолимого гладиатора из драконьей шкуры
41776,Указ Мрачного Свода
41777,Эскиз: гравированный императорский топаз
41778,Эскиз: затвердевший императорский топаз
41779,Эскиз: стойкий императорский топаз
41780,Эскиз: императорский топаз воителя
41781,Эскиз: смутный лесной изумруд
41782,Эскиз: сияющий лесной изумруд
41783,Эскиз: очищенный сумеречный опал
41784,Эскиз: царственный сумеречный опал
41785,Эскиз: непрочный сумеречный опал
41786,Эскиз: разрушительный алмаз небесного сияния
41787,Эскиз: громовой алмаз небесного сияния
41788,Эскиз: лучащийся алмаз землеправителя
41789,Эскиз: покрытый письменами императорский топаз
41790,Эскиз: ясный алый рубин
41791,Эскиз: матовое сияние осени
41792,Эскиз: императорский топаз проворства
41793,Эскиз: броский императорский топаз
41794,Эскиз: смертоносный императорский топаз
41795,Эскиз: вневременной лесной изумруд
41796,Эскиз: заряженный сумеречный опал
41797,Эскиз: алмаз строгого землеправителя
41798,Эскиз: нерушимый алмаз землеправителя
41799,Эскиз: вечный алмаз землеправителя
41800,Глубоководное чудо-юдо
41801,Лунная каракатица
41802,Королевский морской дьявол
41803,Камнеперый морской окунь
41804,Летучая ледоустка
41805,Борейский медузник
41806,Ракушечный подкаменщик
41807,Дракоперая рыба-ангел
41808,Костечешуйный луциан
41809,Ледниковый лосось
41810,Клыкозубая сельдь
41811,Таловодная барбуда
41812,Бочкоголовый бычок
41813,Медуза
41814,Ледоспинка
41815,Ледоострое копье
41816,Секира хладнокровия
41817,Эскиз: растрескавшийся алый рубин
41818,Эскиз: идеально ограненный императорский топаз
41819,Эскиз: светозарный лесной изумруд
41820,Эскиз: сумеречный опал защитника
41821,Хладный нытикобой
41822,Развалюха на пружинах
41824,Багровый череподробитель
41825,Почти лучшая заточка Водина
41826,Захваты наездника на великанах
41827,Пояс триумфа злобного гладиатора
41828,Сапоги триумфа злобного гладиатора
41829,Рогатый шлем электризованного ужаса
41830,Наручные обмотки триумфа злобного гладиатора
41831,Пояс триумфа смертоносного гладиатора
41832,Пояс триумфа гневного гладиатора
41833,Пояс триумфа неумолимого гладиатора
41835,Сапоги триумфа смертоносного гладиатора
41836,Сапоги триумфа гневного гладиатора
41837,Сапоги триумфа неумолимого гладиатора
41839,Наручные обмотки триумфа смертоносного гладиатора
41840,Наручные обмотки триумфа гневного гладиатора
41841,Наручные обмотки триумфа неумолимого гладиатора
41843,Ключ от цепей Вэлена
41844,Наручи мстительного полета
41845,Наплечье света жизни
41846,Корсет штормового великана
41847,Перчатки свирепого гладиатора из луноткани
41848,Капюшон свирепого гладиатора из луноткани
41849,Поножи свирепого гладиатора из луноткани
41850,Мантия свирепого гладиатора из луноткани
41851,Одеяние свирепого гладиатора из луноткани
41852,Капюшон злобного гладиатора из луноткани
41853,Капюшон смертоносного гладиатора из луноткани
41854,Капюшон гневного гладиатора из луноткани
41855,Капюшон неумолимого гладиатора из луноткани
41857,Одеяние злобного гладиатора из луноткани
41858,Одеяние смертоносного гладиатора из луноткани
41859,Одеяние гневного гладиатора из луноткани
41860,Одеяние неумолимого гладиатора из луноткани
41862,Поножи злобного гладиатора из луноткани
41863,Поножи смертоносного гладиатора из луноткани
41864,Поножи гневного гладиатора из луноткани
41865,Поножи неумолимого гладиатора из луноткани
41867,Мантия злобного гладиатора из луноткани
41868,Мантия смертоносного гладиатора из луноткани
41869,Мантия гневного гладиатора из луноткани
41870,Мантия неумолимого гладиатора из луноткани
41872,Перчатки злобного гладиатора из луноткани
41873,Перчатки смертоносного гладиатора из луноткани
41874,Перчатки гневного гладиатора из луноткани
41875,Перчатки неумолимого гладиатора из луноткани
41877,Шнурованный ремень спасения злобного гладиатора
41878,Манжеты спасения злобного гладиатора
41879,Туфли спасения злобного гладиатора
41880,Шнурованный ремень спасения смертоносного гладиатора
41881,Шнурованный ремень спасения гневного гладиатора
41882,Шнурованный ремень спасения неумолимого гладиатора
41884,Ботфорты спасения смертоносного гладиатора
41885,Туфли спасения гневного гладиатора
41886,Ботфорты спасения неумолимого гладиатора
41888,Маленькая бархатная сумочка
41890,Одеяние покоренного пророка
41891,Расшитый зандаларский мундир
41892,Манжеты спасения смертоносного гладиатора
41893,Манжеты спасения гневного гладиатора
41894,Манжеты спасения неумолимого гладиатора
41896,Шнурованный ремень господства злобного гладиатора
41897,Шнурованный ремень господства смертоносного гладиатора
41898,Шнурованный ремень господства гневного гладиатора
41899,Шнурованный ремень господства неумолимого гладиатора
41901,Туфли господства злобного гладиатора
41902,Ботфорты господства смертоносного гладиатора
41903,Туфли господства гневного гладиатора
41904,Ботфорты господства
41905,Нагрудный доспех ярого неистовства
41907,Манжеты господства злобного гладиатора
41908,Манжеты господства смертоносного гладиатора
41909,Манжеты господства гневного гладиатора
41910,Манжеты господства неумолимого гладиатора
41912,Атласный капюшон свирепого гладиатора
41913,Атласный капюшон злобного гладиатора
41914,Атласный капюшон смертоносного гладиатора
41915,Атласный капюшон гневного гладиатора
41916,Атласный капюшон неумолимого гладиатора
41918,Атласное одеяние свирепого гладиатора
41919,Атласное одеяние злобного гладиатора
41920,Атласное одеяние смертоносного гладиатора
41921,Атласное одеяние гневного гладиатора
41922,Атласное одеяние неумолимого гладиатора
41924,Атласные поножи свирепого гладиатора
41925,Атласные поножи злобного гладиатора
41926,Атласные поножи смертоносного гладиатора
41927,Атласные поножи гневного гладиатора
41928,Атласные поножи неумолимого гладиатора
41930,Атласная мантия свирепого гладиатора
41931,Атласная мантия злобного гладиатора
41932,Доспех содрогнувшегося божества
41933,Атласная мантия смертоносного гладиатора
41934,Атласная мантия гневного гладиатора
41935,Атласная мантия неумолимого гладиатора
41937,Атласные перчатки свирепого гладиатора
41938,Атласные перчатки злобного гладиатора
41939,Атласные перчатки смертоносного гладиатора
41940,Атласные перчатки гневного гладиатора
41941,Атласные перчатки неумолимого гладиатора
41943,Шелковый клобук свирепого гладиатора
41944,Шелковый клобук злобного гладиатора
41945,Шелковый клобук смертоносного гладиатора
41946,Шелковый клобук гневного гладиатора
41947,Шелковый клобук неумолимого гладиатора
41949,Шелковое облачение свирепого гладиатора
41950,Шелковое облачение злобного гладиатора
41951,Шелковое облачение смертоносного гладиатора
41953,Шелковое облачение гневного гладиатора
41954,Шелковое облачение неумолимого гладиатора
41956,Шелковые брюки свирепого гладиатора
41957,Шелковые брюки злобного гладиатора
41958,Шелковые брюки смертоносного гладиатора
41959,Шелковые брюки гневного гладиатора
41960,Шелковые брюки неумолимого гладиатора
41962,Шелковый нарамник свирепого гладиатора
41963,Шелковый нарамник злобного гладиатора
41964,Шелковый нарамник смертоносного гладиатора
41965,Шелковый нарамник гневного гладиатора
41966,Шелковый нарамник неумолимого гладиатора
41968,Шелковые боевые рукавицы свирепого гладиатора
41969,Шелковые боевые рукавицы злобного гладиатора
41970,Шелковые боевые рукавицы смертоносного гладиатора
41971,Шелковые боевые рукавицы гневного гладиатора
41972,Шелковые боевые рукавицы неумолимого гладиатора
41974,Кобальтовые наручи
41975,Кобальтовые рукавицы
41976,Титановая цепь для оружия
41984,Шляпа безрадостной судьбы
41985,Шелковые сапоги ледяных осколков
41986,Ледовый шнурованный ремень
41987,Посох скорбящего вождя
41988,Земляные примочки
41989,Амулет врайкулов
41990,Клобук свирепого гладиатора из ткани Скверны
41991,Клобук злобного гладиатора из ткани Скверны
41992,Клобук смертоносного гладиатора из ткани Скверны
41993,Клобук гневного гладиатора из ткани Скверны
41994,Клобук неумолимого гладиатора из ткани Скверны
41996,Облачение свирепого гладиатора из ткани Скверны
41997,Облачение смертоносного гладиатора из ткани Скверны
41998,Облачение гневного гладиатора из ткани Скверны
41999,Облачение неумолимого гладиатора из ткани Скверны
42001,Облачение злобного гладиатора из ткани Скверны
42002,Брюки свирепого гладиатора из ткани Скверны
42003,Брюки злобного гладиатора из ткани Скверны
42004,Брюки смертоносного гладиатора из ткани Скверны
42005,Брюки гневного гладиатора из ткани Скверны
42006,Брюки неумолимого гладиатора из ткани Скверны
42008,Нарамник свирепого гладиатора из ткани Скверны
42009,Нарамник злобного гладиатора из ткани Скверны
42010,Нарамник смертоносного гладиатора из ткани Скверны
42011,Нарамник гневного гладиатора из ткани Скверны
42012,Нарамник неумолимого гладиатора из ткани Скверны
42014,Боевые рукавицы свирепого гладиатора из ткани Скверны
42015,Боевые рукавицы злобного гладиатора из ткани Скверны
42016,Боевые рукавицы смертоносного гладиатора из ткани Скверны
42017,Боевые рукавицы гневного гладиатора из ткани Скверны
42018,Боевые рукавицы неумолимого гладиатора из ткани Скверны
42020,Подвеска триумфа злобного гладиатора
42021,Подвеска победы злобного гладиатора
42022,Подвеска господства злобного гладиатора
42023,Подвеска порабощения злобного гладиатора
42024,Подвеска влияния злобного гладиатора
42025,Подвеска избавления злобного гладиатора
42026,Подвеска спасения злобного гладиатора
42027,Подвеска триумфа смертоносного гладиатора
42028,Подвеска победы смертоносного гладиатора
42029,Подвеска господства смертоносного гладиатора
42030,Подвеска влияния смертоносного гладиатора
42031,Подвеска порабощения смертоносного гладиатора
42032,Подвеска избавления смертоносного гладиатора
42033,Подвеска спасения смертоносного гладиатора
42034,Подвеска триумфа гневного гладиатора
42035,Подвеска победы гневного гладиатора
42036,Подвеска господства гневного гладиатора
42037,Подвеска влияния гневного гладиатора
42038,Подвеска порабощения гневного гладиатора
42039,Подвеска избавления гневного гладиатора
42040,Подвеска спасения гневного гладиатора
42041,Подвеска триумфа неумолимого гладиатора
42042,Подвеска победы неумолимого гладиатора
42043,Подвеска господства неумолимого гладиатора
42044,Подвеска влияния неумолимого гладиатора
42045,Подвеска порабощения неумолимого гладиатора
42046,Подвеска избавления неумолимого гладиатора
42047,Подвеска спасения неумолимого гладиатора
42055,Плащ господства злобного гладиатора
42056,Плащ порабощения злобного гладиатора
42057,Плащ влияния злобного гладиатора
42058,Плащ спасения злобного гладиатора
42059,Плащ избавления злобного гладиатора
42060,Плащ триумфа злобного гладиатора
42061,Плащ победы злобного гладиатора
42062,Плащ господства смертоносного гладиатора
42063,Плащ порабощения смертоносного гладиатора
42064,Плащ влияния смертоносного гладиатора
42065,Плащ спасения смертоносного гладиатора
42066,Плащ избавления смертоносного гладиатора
42067,Плащ триумфа смертоносного гладиатора
42068,Плащ победы смертоносного гладиатора
42069,Плащ господства гневного гладиатора
42070,Плащ порабощения гневного гладиатора
42071,Плащ влияния гневного гладиатора
42072,Плащ спасения гневного гладиатора
42073,Плащ избавления гневного гладиатора
42074,Плащ триумфа гневного гладиатора
42075,Плащ победы гневного гладиатора
42076,Плащ господства неумолимого гладиатора
42077,Плащ порабощения неумолимого гладиатора
42078,Плащ влияния неумолимого гладиатора
42079,Плащ спасения неумолимого гладиатора
42080,Плащ избавления неумолимого гладиатора
42081,Плащ триумфа неумолимого гладиатора
42082,Плащ победы неумолимого гладиатора
42084,Пояс из снежной шкуры
42088,Копытогреи из снежной шкуры
42092,Наручи из снежной шкуры
42093,Штаны холодной луны
42094,Шапка из снежной шкуры
42095,Благословенные полуперчатки Света
42096,Туфли утренней зари
42097,Рукавицы из снежной шкуры
42098,Штаны из снежной шкуры
42099,Жилет из снежной шкуры
42100,Одеяние из лунного тюля
42101,Иссиня-черное одеяние
42102,Одеяние из колдовской ткани
42103,Перчатки из лунного тюля
42104,Северный бивень
42105,Брошь железных дворфов
42106,Кость протодракона
42107,Осколок элементальной брони
42108,Реликвия Плети
42109,Образец темной руды
42110,Кольцо господства злобного гладиатора
42111,Иссиня-черные перчатки
42112,Кольцо триумфа злобного гладиатора
42113,Перчатки из колдовской ткани
42114,Кольцо влияния смертоносного гладиатора
42115,Кольцо победы смертоносного гладиатора
42116,Кольцо господства гневного гладиатора
42117,Кольцо триумфа гневного гладиатора
42118,Кольцо влияния неумолимого гладиатора
42119,Кольцо победы неумолимого гладиатора
42122,Медальон Орды
42123,Медальон Альянса
42124,Медальон Альянса
42126,Медальон Орды
42128,Злость Военачальника
42129,Меткость Военачальника
42130,Алчность Военачальника
42131,Убежденность Военачальника
42132,Смелость Военачальника
42133,Ярость военачальника
42134,Точность военачальника
42135,Бодрость военачальника
42136,Неистовство военачальника
42137,Опустошение военачальника
42138,Эскиз: цельный небесный сапфир
42142,Рельефное око дракона
42143,Хрупкое око дракона
42144,Руническое Око дракона
42145,Искрящееся око дракона
42146,Блестящее Око дракона
42148,Сверкающее око дракона
42149,Гладкое око дракона
42150,Мягкое око дракона
42151,Изящное око дракона
42152,Блистательное око дракона
42153,Растрескавшееся Око дракона
42154,Ясное око дракона
42155,Грозовое око дракона
42156,Прочное око дракона
42157,Матовое Око дракона
42158,Мистическое око дракона
42159,Грозовой молот
42160,Зажигательные гарпуны
42162,Фрагмент рога
42163,Фрагменты рога
42164,Рог Ходира
42172,Выкройка: красная рубашка дровосека
42173,Выкройка: синяя рубашка дровосека
42174,Выкройка: желтая рубашка дровосека
42175,Выкройка: зеленая рубашка дровосека
42176,Выкройка: синяя рубашка рабочего
42177,Выкройка: красная рубашка рабочего
42178,Выкройка: грубая рубашка рабочего
42179,Выкройка: зеленая рубашка рабочего
42180,Выкройка: иссиня-черная ткань
42181,Выкройка: лунный тюль
42182,Выкройка: колдовская ткань
42183,Выкройка: сумка Бездны
42184,Выкройка: ледовая сумка
42185,Выкройка: таинственная котомка
42186,Выкройка: сумка из ледяной ткани
42187,Выкройка: сверкающая чародейская нить
42188,Выкройка: сапфировая чародейская нить
42189,Выкройка: тончайший плащ
42190,Выкройка: плащ смертельной стужи
42191,Выкройка: шляпа безрадостной судьбы
42192,Выкройка: шелковые сапоги ледяных осколков
42193,Выкройка: ледовый шнурованный ремень
42194,Выкройка: штаны холодной луны
42195,Выкройка: благословенные полуперчатки Света
42196,Выкройка: туфли утренней зари
42197,Выкройка: одеяние из лунного тюля
42198,Выкройка: перчатки из лунного тюля
42199,Выкройка: иссиня-черное одеяние
42200,Выкройка: иссиня-черные перчатки
42201,Выкройка: одеяние из колдовской ткани
42202,Выкройка: перчатки из колдовской ткани
42203,Темная пластина для доспехов
42204,Образец темной пластины для доспехов
42206,Колун свирепого гладиатора
42207,Колун злобного гладиатора
42208,Колун смертоносного гладиатора
42209,Колун гневного гладиатора
42210,Колун неумолимого гладиатора
42212,Секач свирепого гладиатора
42213,Крушитель свирепого гладиатора
42214,Секира свирепого гладиатора
42215,Расчленитель свирепого гладиатора
42216,Заточка свирепого гладиатора
42217,Нож свирепого гладиатора
42218,Правый потрошитель свирепого гладиатора
42219,Леворежущий воздаятель свирепого гладиатора
42220,Левый потрошитель свирепого гладиатора
42221,Костолом свирепого гладиатора
42222,Пробойник свирепого гладиатора
42223,Быстрый клинок свирепого гладиатора
42224,Тесак свирепого гладиатора
42225,Око дракона
42226,Крушитель злобного гладиатора
42227,Крушитель смертоносного гладиатора
42228,Крушитель гневного гладиатора
42229,Крушитель неумолимого гладиатора
42231,Секач злобного гладиатора
42232,Секач смертоносного гладиатора
42233,Секач гневного гладиатора
42234,Секач неумолимого гладиатора
42236,Секира злобного гладиатора
42237,Секира смертоносного гладиатора
42238,Секира гневного гладиатора
42241,Заточка злобного гладиатора
42242,Заточка смертоносного гладиатора
42243,Заточка гневного гладиатора
42244,Заточка неумолимого гладиатора
42246,Субстанция Льда
42247,Нож злобного гладиатора
42248,Нож смертоносного гладиатора
42249,Нож гневного гладиатора
42250,Нож неумолимого гладиатора
42252,Кусок застывшего железа
42253,Паутина паука-ледопряда
42254,Расчленитель злобного гладиатора
42255,Расчленитель смертоносного гладиатора
42256,Расчленитель гневного гладиатора
42257,Расчленитель неумолимого гладиатора
42259,Правый потрошитель злобного гладиатора
42260,Правый потрошитель смертоносного гладиатора
42261,Правый потрошитель гневного гладиатора
42262,Правый потрошитель неумолимого гладиатора
42264,Леворежущий воздаятель злобного гладиатора
42265,Леворежущий воздаятель смертоносного гладиатора
42266,Леворежущий воздаятель гневного гладиатора
42267,Леворежущий воздаятель неумолимого гладиатора
42269,Левый потрошитель злобного гладиатора
42270,Левый потрошитель смертоносного гладиатора
42271,Левый потрошитель гневного гладиатора
42272,Левый потрошитель неумолимого гладиатора
42274,Пробойник злобного гладиатора
42275,Пробойник смертоносного гладиатора
42276,Пробойник гневного гладиатора
42277,Пробойник неумолимого гладиатора
42279,Костолом злобного гладиатора
42280,Костолом смертоносного гладиатора
42281,Костолом гневного гладиатора
42282,Костолом неумолимого гладиатора
42284,Тесак злобного гладиатора
42285,Тесак смертоносного гладиатора
42286,Тесак гневного гладиатора
42287,Тесак неумолимого гладиатора
42289,Быстрый клинок злобного гладиатора
42290,Быстрый клинок смертоносного гладиатора
42291,Быстрый клинок гневного гладиатора
42292,Быстрый клинок неумолимого гладиатора
42294,Лабрисса свирепого гладиатора
42295,Костомол свирепого гладиатора
42296,Пика свирепого гладиатора
42297,Большой меч свирепого гладиатора
42298,Эскиз: рельефное око дракона
42299,Эскиз: яркое Око дракона
42300,Эскиз: сверкающее око дракона
42301,Эскиз: хрупкое око дракона
42302,Эскиз: блистательное око дракона
42303,Эскиз: растрескавшееся Око дракона
42304,Эскиз: блестящее Око дракона
42305,Эскиз: мистическое око дракона
42306,Эскиз: ясное око дракона
42307,Эскиз: мягкое око дракона
42308,Эскиз: прочное око дракона
42309,Эскиз: руническое Око дракона
42310,Эскиз: гладкое око дракона
42311,Эскиз: цельное око дракона
42312,Эскиз: искрящееся око дракона
42313,Эскиз: грозовое око дракона
42314,Эскиз: изящное око дракона
42315,Эскиз: матовое Око дракона
42316,Лабрисса злобного гладиатора
42317,Лабрисса смертоносного гладиатора
42318,Лабрисса гневного гладиатора
42319,Лабрисса неумолимого гладиатора
42321,Костомол злобного гладиатора
42322,Костомол смертоносного гладиатора
42323,Костомол гневного гладиатора
42324,Костомол неумолимого гладиатора
42326,Пика злобного гладиатора
42327,Пика смертоносного гладиатора
42328,Пика гневного гладиатора
42329,Пика неумолимого гладиатора
42331,Большой меч злобного гладиатора
42332,Большой меч смертоносного гладиатора
42333,Большой меч гневного гладиатора
42334,Большой меч неумолимого гладиатора
42336,Кольцо кровавого камня
42337,Кольцо Солнечного Камня
42338,Нефритовый кинжал-подвеска
42339,Ожерелье Кровавого солнца
42340,Перстень грез
42341,Статуэтка рубинового зайца
42342,Кулек воздушной кукурузы
42343,Чародейский клинок свирепого гладиатора
42344,Молоток свирепого гладиатора
42345,Чародейский клинок злобного гладиатора
42346,Чародейский клинок смертоносного гладиатора
42347,Чародейский клинок гневного гладиатора
42348,Чародейский клинок неумолимого гладиатора
42350,Мешок арахиса
42351,Молоток злобного гладиатора
42352,Молоток смертоносного гладиатора
42353,Молоток гневного гладиатора
42354,Молоток неумолимого гладиатора
42356,Боевой посох свирепого гладиатора
42359,Боевой посох злобного гладиатора
42360,Дублет с эбеновой филигранью
42361,Дублет с лазурной филигранью
42362,Боевой посох смертоносного гладиатора
42363,Дублет с золотой филигранью
42364,Боевой посох гневного гладиатора
42365,Дублет с янтарной филигранью
42366,Боевой посох неумолимого гладиатора
42368,Алый расшитый дублет
42369,Рубашка с эбонитовой филигранью
42370,Рубашка с лазурной филигранью
42371,Рубашка с янтарной филигранью
42372,Алая расшитая рубашка
42373,Рубашка с золотой филигранью
42374,Синяя воинская рубашка
42375,Зеленая воинская рубашка
42376,Желтая воинская рубашка
42377,Фиолетовая воинская рубашка
42378,Красная воинская рубашка
42381,Тоскливый эль
42382,Энергетический посох свирепого гладиатора
42383,Энергетический посох злобного гладиатора
42384,Энергетический посох смертоносного гладиатора
42385,Энергетический посох гневного гладиатора
42386,Энергетический посох неумолимого гладиатора
42388,Посох свирепого гладиатора
42389,Посох злобного гладиатора
42390,Посох смертоносного гладиатора
42391,Посох гневного гладиатора
42392,Посох неумолимого гладиатора
42394,Темная пластина для доспехов
42395,Статуэтка сумеречного змея
42396,Символ круга исцеления
42397,Символ рассеивания заклинаний
42398,Символ ухода в тень
42399,Символ защиты от страха
42400,Символ быстрого исцеления
42401,Символ кольца света
42402,Символ внутреннего огня
42403,Символ колодца Света
42404,Символ массового рассеивания
42405,Символ контроля над разумом
42406,Символ Слова Тьмы: Боль
42407,Символ Тьмы
42408,Символ слова силы: Щит
42409,Символ молитвы исцеления
42410,Символ ментального крика
42411,Символ обновления
42412,Символ сдерживания Плети
42413,Статуэтка сапфировой совы
42414,Символ слова Тьмы: Смерть
42415,Символ пытки разума
42416,Символ кары
42417,Символ духа воздаяния
42418,Статуэтка изумрудного вепря
42419,Боевой рог Глыбоскала
42420,Фокусирующая линза из сумрачного кристалла
42421,Фокусирующая линза из сумрачного нефрита
42422,Ключ от клетки Йотунхейма
42423,Глаз Закаленного Бурей
42424,Кирка с алмазным наконечником
42425,Почетный знак Берега Древних
42428,Морковный кекс
42429,"Кекс \""Красная шапочка\"""
42430,Даларанский пончик
42431,Даларанское шоколадное пирожное
42432,Кусок ягодного пирога
42433,Кусок шоколадного торта
42434,Кусочек восхитительного торта
42435,Пронзатель из титановой стали
42436,Праздничный шоколадный торт
42438,Восхитительный торт
42439,Большой ягодный пирог
42440,Межпространственный транспортер Гигафлюса
42441,Бомба Глыбоскала
42442,Скрижали Утверждения
42443,Деревянная рапира саронитовой справедливости
42444,Боевое лезвие свирепого гладиатора
42445,Длинный лук свирепого гладиатора
42446,Тяжелый арбалет свирепого гладиатора
42447,Винтовка свирепого гладиатора
42448,Касание поражения свирепого гладиатора
42449,Боевое лезвие злобного гладиатора
42450,Боевое лезвие смертоносного гладиатора
42451,Боевое лезвие гневного гладиатора
42453,Символ испепеления
42454,Символ поджигания
42455,Символ порчи
42456,Символ проклятия агонии
42457,Символ лика смерти
42458,Символ страха
42459,Символ стража Скверны
42460,Символ охотника Скверны
42461,Символ канала здоровья
42462,Символ камня здоровья
42463,Символ воя ужаса
42464,Символ жертвенного огня
42465,Символ беса
42466,Символ жгучей боли
42467,Символ стрелы Тьмы
42468,Символ ожога Тьмы
42469,Символ вытягивания жизни
42470,Символ камня души
42471,Символ суккуба
42472,Символ нестабильного колдовства
42473,Символ демона Бездны
42475,Наступательные характеристики колосса
42476,Оборонительные характеристики колосса
42479,Клык астрального ворга
42480,Знамя Черного Клинка
42481,Поводья боевой медведицы-матриарха
42483,Боевое лезвие неумолимого гладиатора
42484,Винтовка злобного гладиатора
42485,Винтовка смертоносного гладиатора
42486,Винтовка гневного гладиатора
42487,Винтовка неумолимого гладиатора
42489,Длинный лук злобного гладиатора
42490,Длинный лук смертоносного гладиатора
42491,Длинный лук гневного гладиатора
42492,Длинный лук неумолимого гладиатора
42494,Тяжелый арбалет злобного гладиатора
42495,Тяжелый арбалет смертоносного гладиатора
42496,Тяжелый арбалет гневного гладиатора
42498,Тяжелый арбалет неумолимого гладиатора
42499,Поводья боевой медведицы-матриарха
42500,Титановый шип для щита
42501,Касание поражения злобного гладиатора
42502,Касание поражения смертоносного гладиатора
42503,Касание поражения гневного гладиатора
42504,Касание поражения неумолимого гладиатора
42508,Осадный щит из титановой стали
42510,Шкура ворга
42511,Светящийся жезл свирепого гладиатора
42512,Светящийся жезл злобного гладиатора
42513,Светящийся жезл смертоносного гладиатора
42514,Светящийся жезл гневного гладиатора
42515,Светящийся жезл неумолимого гладиатора
42517,Пронзающее прикосновение свирепого гладиатора
42518,Пронзающее прикосновение злобного гладиатора
42519,Пронзающее прикосновение смертоносного гладиатора
42520,Пронзающее прикосновение гневного гладиатора
42521,Пронзающее прикосновение неумолимого гладиатора
42524,Эндшпиль злобного гладиатора
42525,Эндшпиль смертоносного гладиатора
42526,Эндшпиль гневного гладиатора
42527,Эндшпиль неумолимого гладиатора
42530,Отсрочка злобного гладиатора
42531,Отсрочка смертоносного гладиатора
42532,Отсрочка гневного гладиатора
42533,Отсрочка неумолимого гладиатора
42536,Гримуар злобного гладиатора
42537,Гримуар смертоносного гладиатора
42538,Гримуар гневного гладиатора
42539,Гримуар неумолимого гладиатора
42541,Осколок Вечного льда
42542,Шкура спокойного мамонта
42545,Рунический набор для инъекций маны
42546,Детали для набора инъекций маны
42549,Бронированные титановые очки
42550,Спектральный выявитель слабости
42551,Снегозащитные очки острого зрения
42552,Заряженные титановые очки
42553,Затуманивающие взор очки
42554,Очки с зелеными стеклами
42555,Электропотоковое улучшение зрения
42556,Осадный щит свирепого гладиатора
42557,Барьер свирепого гладиатора
42558,Осадный щит злобного гладиатора
42559,Осадный щит смертоносного гладиатора
42560,Осадный щит гневного гладиатора
42561,Осадный щит неумолимого гладиатора
42563,Барьер злобного гладиатора
42564,Барьер смертоносного гладиатора
42565,Барьер гневного гладиатора
42566,Барьер неумолимого гладиатора
42568,Оплот свирепого гладиатора
42569,Оплот злобного гладиатора
42570,Оплот смертоносного гладиатора
42571,Оплот гневного гладиатора
42572,Оплот неумолимого гладиатора
42574,Идол решимости свирепого гладиатора
42575,Идол непреклонности свирепого гладиатора
42576,Идол упорства свирепого гладиатора
42577,Идол упорства злобного гладиатора
42578,Идол упорства смертоносного гладиатора
42579,Идол упорства гневного гладиатора
42580,Идол упорства неумолимого гладиатора
42582,Идол непреклонности злобного гладиатора
42583,Идол непреклонности смертоносного гладиатора
42584,Идол непреклонности гневного гладиатора
42585,Идол непреклонности неумолимого гладиатора
42587,Идол решимости злобного гладиатора
42588,Идол решимости смертоносного гладиатора
42589,Идол решимости гневного гладиатора
42590,TEST FRUITCAKE
42591,Идол решимости неумолимого гладиатора
42593,Тотем неукротимости свирепого гладиатора
42594,Тотем выживания свирепого гладиатора
42595,Тотем третьего ветра свирепого гладиатора
42596,Тотем третьего ветра злобного гладиатора
42597,Тотем третьего ветра смертоносного гладиатора
42598,Тотем третьего ветра гневного гладиатора
42599,Тотем третьего ветра неумолимого гладиатора
42601,Тотем выживания злобного гладиатора
42602,Тотем выживания смертоносного гладиатора
42603,Тотем выживания гневного гладиатора
42604,Тотем выживания неумолимого гладиатора
42606,Тотем неукротимости злобного гладиатора
42607,Тотем неукротимости смертоносного гладиатора
42608,Тотем неукротимости гневного гладиатора
42609,Тотем неукротимости неумолимого гладиатора
42611,Манускрипт стойкости свирепого гладиатора
42612,Манускрипт правосудия свирепого гладиатора
42613,Манускрипт правосудия злобного гладиатора
42614,Манускрипт правосудия смертоносного гладиатора
42615,Манускрипт правосудия гневного гладиатора
42616,Манускрипт правосудия неумолимого гладиатора
42618,Печать раздора свирепого гладиатора
42619,Печать раздора злобного гладиатора
42620,Печать раздора смертоносного гладиатора
42621,Печать раздора гневного гладиатора
42622,Печать раздора неумолимого гладиатора
42624,Потертый грозовой молот
42625,Латный нагрудник гладиатора
42626,Латные рукавицы гладиатора
42627,Латный шлем гладиатора
42628,Латные набедренники гладиатора
42629,Латные наплечники гладиатора
42630,Чешуйчатый нагрудник гладиатора
42631,Чешуйчатые рукавицы гладиатора
42632,Чешуйчатый шлем гладиатора
42633,Чешуйчатые набедренники гладиатора
42634,Чешуйчатые наплечники гладиатора
42635,Украшенный нагрудный доспех гладиатора
42636,Украшенные перчатки гладиатора
42637,Украшенный шлем гладиатора
42638,Украшенные ножные латы гладиатора
42639,Украшенный наплеч гладиатора
42640,Вязкое масло
42641,Сверхмощный заряд термической саперной взрывчатки
42642,Титановое кольцо сотрясения
42643,Титановое кольцо стража земли
42644,Титановое кольцо чародейского удара
42645,Титановое колье сотрясения
42646,Титановая цепь стража земли
42647,Титановое ожерелье чародейского удара
42648,Эскиз: титановое кольцо сотрясения
42649,Эскиз: титановое кольцо стража земли
42650,Эскиз: титановое кольцо чародейского удара
42651,Эскиз: титановое колье сотрясения
42652,Эскиз: титановая цепь стража земли
42653,Эскиз: титановое ожерелье чародейского удара
42654,Жуткий латный нагрудник гладиатора
42655,Жуткие латные рукавицы гладиатора
42656,Жуткий латный шлем гладиатора
42657,Жуткие латные набедренники гладиатора
42658,Жуткие латные наплечники гладиатора
42659,Кольчужный доспех гладиатора
42660,Кольчужные рукавицы гладиатора
42661,Кольчужный шлем гладиатора
42662,Кольчужные поножи гладиатора
42663,Кольчужный наплеч гладиатора
42664,Кольчатый доспех гладиатора
42665,Кольчатые рукавицы гладиатора
42666,Кольчатый шлем гладиатора
42667,Кольчатые поножи гладиатора
42668,Кольчатый наплеч гладиатора
42669,Клепаный доспех гладиатора
42670,Клепаные рукавицы гладиатора
42671,Клепаный шлем гладиатора
42672,Клепаные поножи гладиатора
42673,Клепаный наплеч гладиатора
42674,Плетеный доспех гладиатора
42675,Плетеные рукавицы гладиатора
42676,Плетеный шлем гладиатора
42677,Плетеные поножи гладиатора
42678,Плетеный наплеч гладиатора
42679,Портативное хранилище данных Кретея
42680,Перчатки гладиатора из шкуры кодо
42681,Шлем гладиатора из шкуры кодо
42682,Набедренники гладиатора из шкуры кодо
42683,Наплеч гладиатора из шкуры кодо
42684,Одеяния гладиатора из шкуры кодо
42685,Перчатки гладиатора из шкуры змея
42686,Шлем гладиатора из шкуры змея
42687,Набедренники гладиатора из шкуры змея
42688,Наплеч гладиатора из шкуры змея
42689,Одеяния гладиатора из шкуры змея
42690,Перчатки гладиатора из драконьей шкуры
42691,Шлем гладиатора из драконьей шкуры
42692,Набедренники гладиатора из драконьей шкуры
42693,Наплеч гладиатора из драконьей шкуры
42694,Одеяния гладиатора из драконьей шкуры
42695,Кожаные перчатки гладиатора
42696,Кожаный шлем гладиатора
42697,Кожаные набедренники гладиатора
42698,Кожаный наплеч гладиатора
42699,Кожаный мундир гладиатора
42700,Перекованный доспех Повелителя Бурь
42701,Зачарованная жемчужина
42702,Зачарованная слеза
42703,Перчатки гладиатора из луноткани
42704,Капюшон гладиатора из луноткани
42705,Поножи гладиатора из луноткани
42706,Мантия гладиатора из луноткани
42707,Одеяние гладиатора из луноткани
42708,Атласные перчатки гладиатора
42709,Атласный капюшон гладиатора
42710,Атласные поножи гладиатора
42711,Атласная мантия гладиатора
42712,Атласное одеяние гладиатора
42713,Шелковый нарамник гладиатора
42714,Шелковый клобук гладиатора
42715,Шелковые боевые рукавицы гладиатора
42716,Шелковое облачение гладиатора
42717,Шелковые брюки гладиатора
42718,Нарамник гладиатора из ткани Скверны
42719,Клобук гладиатора из ткани Скверны
42720,Боевые рукавицы гладиатора из ткани Скверны
42721,Облачение гладиатора из ткани Скверны
42722,Брюки гладиатора из ткани Скверны
42723,Изысканные саронитовые наручи
42724,Изысканные саронитовые рукавицы
42725,Изысканный саронитовый хауберк
42726,Изысканные саронитовые ножные латы
42727,Изысканное саронитовое наплечье
42728,Изысканный саронитовый шлем
42729,Изысканный саронитовый воинский пояс
42730,Изысканные саронитовые сапоги
42731,Поножи интуитивного боя
42732,Бритва вечного льда
42733,Бок медведя-ледочрева
42734,Символ чародейского взрыва
42735,Символ чародейских стрел
42736,Символ мощи тайной магии
42737,Символ скачка
42738,Символ прилива сил
42739,Символ огненного шара
42740,Символ огненного взрыва
42741,Символ кольца льда
42742,Символ ледяной стрелы
42743,Символ ледяного доспеха
42744,Символ ледяной глыбы
42745,Символ ледяного копья
42746,Символ стылой крови
42747,Символ ожога
42748,Символ невидимости
42749,Символ магического доспеха
42750,Символ самоцвета маны
42751,Символ раскаленного доспеха
42752,Символ превращения
42753,Символ снятия проклятия
42754,Символ элементаля воды
42755,"Monster - Staff, Xarantaur\'s Staff"
42758,Истертые повязки
42760,Сандалии таинственных изменений
42761,Перчатки остановленного времени
42762,Ботфорты отнятого будущего
42763,Наручники диверсии
42765,Рукавицы потревоженного великана
42766,Шипастые ботфорты перемен
42767,Придающие бодрость башмаки
42768,Сапоги несломленного заступника
42769,Копье Ходира
42770,Ядовитая железа Забытых глубин
42772,"\""Создание улучшенного мясистого великана\"" доктора Ужаса"
42774,Зуб Арнгрима
42776,"Monster - Gun, PvP Alliance"
42777,Бурдюк Авангарда
42778,Паек Авангарда
42779,Горячий куриный бульон
42780,Реликвия Ульдуара
42781,Тотем вождя
42782,Копье Штормового Копыта
42783,Кольчужный доспех Штормового Копыта
42784,Маленькое яйцо протодракона
42785,Кушак из мамонтовых жил
42786,Зазубренный клинок Даскала
42787,Сталешерстяные наручники
42788,Кушак Ледяного Воя
42789,Сапоги воющих ветров
42790,Хирургические перчатки из К-3
42791,Кольцо порядка
42792,Одежды Дун Ниффелема
42793,Медальон снежного гребня
42794,Дубленая лоза изверга
42795,Поножи возрожденной надежды
42796,Заколдованный светильник
42797,Похищенные яйца протодракона
42798,Галоши из шкуры мамонта
42799,Мясник с холмов Снежной Слепоты
42800,Защита от ураганного ветра
42801,Наручи кочевника
42802,Дубленый пояс-хлыст
42803,Пуленепробиваемый протектор полевого хирурга
42804,Шипованные сапоги Покорителя льдов
42805,Наплечье Ньормельда
42806,Манжеты непогоды
42807,Клинок начала пути
42808,Подвеска Глыбоскала
42809,Окровавленные кожаные перчатки
42810,Утепленный клобук
42811,Кривое зеркало
42812,Кольцо D
42813,Бригантина северного следопыта
42814,Сломанный пояс целомудрия
42815,Мягкие башмаки из шкуры мамонта
42816,Манжеты Изобретательства
42817,Перекованные плетеные поножи
42818,Поясок грозового охотника
42819,Прикосновение творца
42820,Оплечье Камнеборода
42821,Пояс Закаленных Бурей
42822,Прибор сопротивления толстокожим из К-3
42823,Колотушка Рикет
42824,Лезвие творца
42825,Кандалы полированного клыка
42826,Гоблинский поглотитель урона
42827,Решимость Камнетеса
42828,Защита Гарма
42829,Пластинчатый защитный шлем
42830,Кольцо Йоккума
42831,Кинжал девы
42832,Ножные латы хладнокровного
42833,Зубодробители
42834,Оплечье Долгой зимы
42835,Вывернутые захваты
42836,Высокие ботинки Камнетеса
42837,Вразумляющий жезл
42838,Покрытая рунами упряжь
42839,Молот Знаний
42840,Рог Вершин
42841,Поножи Ледяных пустошей
42842,Отделанные мехом согревающие наплечники
42843,Клобук Милдред
42844,Одеяния молнии
42845,Бруннхильдарское руническое кольцо
42846,Галоши из шкуры йормунгара
42847,Перчатки обходчика террасы
42848,Бритвенно-острая сосулька
42849,Развевающиеся валькирионские одеяния
42850,Корона Огнедышащего
42851,Манускрипт стойкости злобного гладиатора
42852,Манускрипт стойкости смертоносного гладиатора
42853,Манускрипт стойкости гневного гладиатора
42854,Манускрипт стойкости неумолимого гладиатора
42857,Ездовой хлыст Торима
42858,Арбалет бурь
42859,Крушитель Торима
42860,Защитник праматери
42861,Клык йормунгара
42862,Хильдский вестник боли
42863,Отточенный хильдский гарпун
42864,Замерзшее изменчивое кольцо
42865,Закаленные льдом наручи
42866,Отделанные мехом полуперчатки
42867,Поножи исцеленного протодракона
42868,Хильдский черепокол
42869,Оплечье из шкуры йети
42870,Нагрудный доспех зимней спячки
42871,Наручи Тарбаша
42872,Протодраконий убор
42874,Утепленные высокие ботинки
42875,Штаны из шкуры ворга
42876,Осененное светом оплечье
42877,Нагрудный доспех ледяного восхождения
42878,Тренировочный шлем врайкулов
42879,Хильдская корона
42880,Перчатки Астрид для верховой езды
42881,Заледеневшие набедренники Бьорнриттар
42882,Перевязь Торима
42883,Сапоги Ивы
42884,Армированные снежные сапоги
42885,Шлем горного пехотинца
42886,Перчатки Воющих Вершин
42887,Наплечье Восхождения
42888,Наручи Предела
42889,Напоясник Милдред
42890,Штаны из чешуи протодракона
42891,Бруннхильдарские снегоступы
42892,Накулачник из чешуи протодракона
42893,Наплечники мощи земли
42894,Рог неистовства стихий
42895,Чешуйчатый защитник йормунгара
42896,Нагрудный доспех валькирионской охотницы
42897,Символ прицельного выстрела
42898,Символ чародейского выстрела
42899,Символ духа зверя
42900,Символ лечения
42901,Символ духа гадюки
42902,Символ звериного гнева
42903,Символ сдерживания
42904,Символ отрыва
42905,Символ замораживающей ловушки
42906,Символ ледяной ловушки
42907,Символ метки охотника
42908,Символ обжигающей ловушки
42909,Символ ястреба
42910,Символ залпа
42911,Символ быстрой стрельбы
42912,Символ укуса змеи
42913,Символ змеиной ловушки
42914,Символ верного выстрела
42915,Символ ауры меткого выстрела
42916,Символ града стрел
42917,Символ укуса виверны
42918,Молот Знаний
42922,Колода Мечей
42926,Пещерный гриб
42927,Ядовитая железа
42928,Меч Бетода
42930,Кривой зубец
42931,Беззубчатая шестеренка
42940,"Monster - Mace, Zul\'aman 1H - D02 Blue"
42942,Печеный морской дьявол
42943,Окровавленный арканитовый жнец
42944,Сбалансированный пронзатель сердец
42945,Древний священный заряд Дал\'Ренда
42946,Зачарованный древний костяной лук
42947,Величавая трость ректора
42948,Каменный боевой молот с аурой Преданности
42949,Полированный наплеч доблести
42950,Наплечник защитника Ирода
42951,Таинственное наплечье Стихий
42952,Испачканный наплеч незаметности
42953,Странный конверт
42954,Символ выброса адреналина
42955,Символ внезапного удара
42956,Символ удара в спину
42957,Символ шквала клинков
42958,Символ калечащего яда
42959,Символ смертельного броска
42960,Символ ускользания
42961,Символ потрошения
42962,Символ ослабления доспеха
42963,Символ ложного выпада
42964,Символ гарроты
42965,Символ призрачного удара
42966,Символ парализующего удара
42967,Символ кровоизлияния
42968,Символ подготовки
42969,Символ рваной раны
42970,Символ ошеломления
42971,Символ неутомимости
42972,Символ коварного удара
42973,Символ мясорубки
42974,Символ спринта
42975,Туз из колоды Властителей
42976,Колода Властителей
42977,Двойка из колоды Властителей
42978,Тройка из колоды Властителей
42979,Четверка из колоды Властителей
42980,Пятерка из колоды Властителей
42981,Шестерка из колоды Властителей
42982,Семерка из колоды Властителей
42983,Восьмерка из колоды Властителей
42984,Вычищенные железноперые наплечники
42985,Изорванное оплечье Багрового тумана
42986,РПГГ
42987,Карта Новолуния: Величие
42988,Карта Новолуния: Иллюзия
42989,Карта Новолуния: Берсерк!
42990,Карта Новолуния: Смерть
42991,Стремительная рука правосудия
42992,Прозорливый Глаз Зверя
42993,Острая жареная сельдь
42994,Люторожий змеестейк
42995,Сочное мясо люторога
42996,Луциан особого приготовления
42997,Подкопченный стейк из ворга
42998,Стейк из каракатицы
42999,Подкопченная дракоперая рыба-ангел
43000,Филе дракоперой рыбы-ангела
43001,Завтрак следопыта
43003,Marcus\'s Special Coin [PH]
43004,Корм для зверька
43005,Пряное лакомство из мамонта
43006,Изумрудный желудь
43007,Северные пряности
43009,Бок черпорога
43010,Мясо червя
43011,Окорок ворга
43012,Мясо люторога
43013,Охлажденное мясо
43015,Рыбный пир
43016,Даларанская кулинарная награда
43017,Рецепт: рыбный пир
43018,Рецепт: сытное кушанье из мамонта
43019,Рецепт: нежный стейк из черпорога
43020,Рецепт: котлета из змея с пряностями
43021,Рецепт: пережаренное мясо ворга
43022,Рецепт: сочные сосиски из люторога
43023,Рецепт: вареный северный подкаменщик
43024,Рецепт: лосось с дымком
43025,Рецепт: синяя медуза с пряностями
43026,Рецепт: стейк из королевского ската
43027,Рецепт: острая жареная сельдь
43028,Рецепт: люторожий змеестейк
43029,Рецепт: корм для зверька
43030,Рецепт: сочное мясо люторога
43031,Рецепт: луциан особого приготовления
43032,Рецепт: подкопченный стейк из ворга
43033,Рецепт: стейк из каракатицы
43034,Рецепт: пряное лакомство из мамонта
43035,Рецепт: подкопченная дракоперая рыба-ангел
43036,Рецепт: филе дракоперой рыбы-ангела
43037,Рецепт: завтрак следопыта
43038,Бомба без оболочки
43039,Колода Разбойников
43059,Последнее желание Дракуру
43068,Благословенный наплеч истребления нежити
43069,Благословенная кираса истребления нежити
43070,Благословенные рукавицы истребления нежити
43071,Благословенные ножные латы истребления нежити
43072,Благословенное одеяние искоренения нежити
43073,Благословенные перчатки искоренения нежити
43074,Благословенное оплечье искоренения нежити
43075,Благословенные брюки искоренения нежити
43076,Благословенный мундир истребления нежити
43077,Благословенные наплечные пластины истребления нежити
43078,Благословенные захваты истребления нежити
43079,Благословенные поножи истребления нежити
43080,Благословенный хауберк истребления нежити
43081,Благословенное наплечье истребления нежити
43082,Благословенные боевые рукавицы истребления нежити
43083,Благословенные наголенники истребления нежити
43084,Слезы Далии
43085,Королевский рыцарский щит Лордерона
43086,Свежий яблочный сок
43087,Хрустящее даларанское яблоко
43088,Корзина даларанских яблок
43089,Кости врайкула
43090,Роковая руна злых намерений
43093,"Monster - Staff, Dalaran"
43094,Роковая руна кармического возмездия
43095,"\""Исследования Беринарда\"""
43096,Дыхание Алекстразы
43097,Меховая подкладка - сила атаки
43099,Мясной рулет в странногрибном соусе
43100,Странный гриб
43101,Мясной рулет
43102,Ледяной шар
43103,Зеленый краситель
43104,Жженый краситель
43105,Краситель индиго
43106,Рубиновый краситель
43107,Сапфировый краситель
43108,Эбеновый краситель
43109,Ледяной краситель
43115,Чернила охотника
43116,Чернила царя зверей
43117,Чернила утренней звезды
43118,Чернила Нефритового Пламени
43119,Королевские чернила
43120,Астрономические чернила
43121,Огненные чернила
43122,Мерцающие чернила
43123,Небесные чернила
43124,Астральные чернила
43125,Чернила черного огня
43126,Чернила моря
43127,Чернила снегопада
43128,Кувшин с вином
43129,Кираса рассекающего удара
43130,Наплеч ожесточения
43131,Наручи орлиной погибели
43132,Капюшон ночного штурма
43133,Ремень ночного штурма
43134,Роковая руна изначальной энергии
43135,Роковая руна быстрых ног
43136,Вино и сыр
43137,Зрелый даларанский камамбер
43138,Полупустой бокал с даларанским вином
43139,Пустая сырная тарелка
43140,Табличка с летописью Драккари
43141,Роковая руна непревзойденной энергии
43142,Пустая корзинка для пикника
43143,Полевая горчица
43144,Корзинка сосисок с горчицей
43145,Материал для свитка брони III
43146,Материал для свитка оружия III
43147,Казанок для жаркого
43148,Морковь из леса Хрустальной Песни
43149,Овощное рагу
43150,Кристалл контроля защиты
43151,Язык Локена
43153,Святая вода
43154,Гербовая накидка Серебряного Авангарда
43155,Гербовая накидка Черного Клинка
43156,Гербовая накидка Драконьего Союза
43157,Гербовая накидка Кирин-Тора
43158,Фрагмент колосса Драккари
43159,Посох главного призывателя
43160,Поножи изощренного обезглавливания
43161,Набедренники священного возмездия
43162,Поножи церемониальной пики
43163,Ножные латы мстительного монаха
43164,Потайной колдунский кушак
43165,Странный пояс вуду
43166,Амулет костяной ведьмы
43167,Охотничий пояс павшей империи
43168,Пряжка павшего полубога
43169,Камень Плети
43171,Отделанные мехом мокасины
43172,Высокие сапоги из кожи люторога
43173,Чешуйчатые сапоги утраченной надежды
43174,Тяжелые ботинки тролля
43176,Туфли абры-кадабры
43177,Перстень вуду
43178,Кольцо гнусного колдунства
43179,Массивное платиновое кольцо
43180,Кольцо с головой льва
43181,Наплечи северного сияния
43182,Мантия из шкуры исцеленного мамонта
43183,Тундровые наплечные щитки следопыта
43184,Тундровое наплечье
43185,Жезл спокойного обновления
43186,Касание ледяного вопля
43187,Утяжеленный метательный топорик
43188,Бритвенно-острые ледяные осколки
43189,Перстень янтарного света
43190,Закаленное льдом боевое кольцо
43191,Зубчатый ледяной обруч
43192,Кольцо северных ветров
43193,Заряженное молнией оплечье
43194,Опаленные кожаные наплечные щитки
43195,Закаленные бурей наплечники
43197,Наплечье утоленной ненависти
43198,Оплечье Волхана
43200,Кюлоты снежных равнин
43201,Поножи усиленного обновления
43202,Набедренники из шкуры йормунгара
43203,Ножные латы Железного колосса
43204,Одеяние хильдского руноплета
43206,Боевой рог Акеруса
43207,Дубленый мундир из языка
43208,Хауберк метателя молний
43209,Кираса зазубренного камня
43210,Перчатки слуги
43211,Грубые захваты скалолаза
43212,Рукавицы ветрохвата
43213,Рукавицы бдительности
43214,Клочок рубахи Курцель
43215,Запятнанная лимфой ткань
43217,Кристаллическая древесина
43218,Древняя эльфийская кладка
43225,Кристаллизованная энергия
43228,Осколок каменного хранителя
43229,Сфера взгляда смерти
43230,Быстродействующий яд VIII
43231,Быстродействующий яд IX
43232,Смертельный яд VIII
43233,Смертельный яд IX
43234,Нейтрализующий яд VI
43235,Нейтрализующий яд VII
43236,Звездная печаль
43237,Анестезирующий яд II
43238,Непотускневший серебряный слиток
43239,Сверкающий кристалл
43240,Золотой кубок
43241,Нефритовая статуя
43242,Зазубренный осколок
43243,Благословенное знамя Авангарда
43244,Ожерелье с кристаллом цитрина
43245,Амулет с кристаллом кальцедония
43246,Кольцо тени земли
43247,Нефритовое кольцо истребления
43248,Кольцо камнестража
43249,Кольцо темного могущества
43250,Кольцо силы земли
43251,Кольцо алых теней
43252,Кольцо огненного ветра
43253,Кольцо хладных слез
43255,Рукавицы морского прибоя
43256,Сапоги из йормунгарской чешуи
43257,Кираса из борейской кожи
43258,Наплеч безукоризненных рогов
43259,Зазубренный осколок
43260,Маска потрошителя
43261,Наголовник угрюмости
43262,Наплеч угрюмости
43263,Нагрудный доспех угрюмости
43264,Наручи угрюмости
43265,Повязки угрюмости
43266,Пояс угрюмости
43267,"Monster - Sword, Iblis Back-Sheath"
43268,Даларанская похлебка из моллюсков
43269,Амулет из кровавого нефрита
43270,Блестящая статуэтка из бивня
43271,Поножи угрюмости
43272,Брошь Беспощадного солнца
43273,Сапоги угрюмости
43274,Изысканная костяная статуэтка
43275,Реликвия из сияющей брони
43276,Реликвия Восходящего Солнца
43277,Великое кольцо Джегоды
43278,Плащ Черного мага
43279,Боевой нагрудник Сумеречного культа
43280,Большой шлем клана Молота
43281,Лезвие Забвения
43282,Подвеска Искательницы Теней
43283,Покров Подземного водопада
43284,Аманитарский самострел
43285,Амулет мечущего заклятия
43286,Набедренники обрушивающихся атак
43287,Повязки с шелковой отстрочкой
43288,Выплавленный слиток металла
43289,Мешок зазубренных осколков
43290,Доклад отца Густава
43291,Руническая саронитовая пластина
43297,Поврежденное ожерелье
43298,Прелестное ожерелье из кальцедония
43299,Поврежденное ожерелье
43300,Гербовая накидка Хранителя мудрости
43302,Начертание верховного послушника
43303,Начертание ледяного клинка
43304,Начертание королей
43305,Покров Акали
43306,Перстень Гал\'дары
43307,Очки арены
43308,Очки чести
43309,Амулет панического бегства
43310,Чеканная бригантина Эка
43311,Шлем Святилища
43312,Грязные обмотки горлоков
43313,Поножи обитателя руин
43314,Неугасимый уголек
43315,Печать Черного Клинка
43316,Символ водного облика
43317,Эскиз: кольцо силы земли
43318,Эскиз: кольцо алых теней
43319,Эскиз: кольцо огненного ветра
43320,Эскиз: кольцо хладных слез
43321,Кристаллизованная слеза
43322,Зачарованный доспех Альянса
43323,Колчан со стрелами из драконьих костей
43324,Сумка Альянса с травами
43325,Замерзшая ресница
43326,Клыкогрей
43327,Стратхольмская лилия
43328,Угасший свет надежды
43329,Заколка для волос
43330,Сломанная кнопка П.Р.О.В.А.Л
43331,Символ безграничного возрождения
43332,Символ шипов
43333,Пустая портупея гиппогрифа
43334,Символ вызывающего рева
43335,Символ дикой природы
43336,ИСКЛЮЧЕНО Символ черного медведя
43337,ИСКЛЮЧЕНО Символ лесной рыси
43338,Символ воскрешения питомца
43339,Символ чародейского интеллекта
43340,Символ благословения могущества
43341,Ботинки на тонкой подошве
43342,Символ растворения в тени
43343,Символ обшаривания карманов
43344,Символ подводного дыхания
43345,Сумка из шкуры дракона
43346,Большая сумка с трофеями
43347,Сумка с трофеями
43348,Гербовая накидка исследователя
43349,Гербовая накидка грубой силы
43350,Символ лечения питомца
43351,Символ ложной смерти
43352,Набор для ухода за питомцем
43353,Ножные латы Караульного Бездны
43354,Символ овладения силой
43355,Символ стаи
43356,Символ отпугивания зверя
43357,Символ защиты от огня
43358,Подвеска темных лучей
43359,Символ морозного доспеха
43360,Символ защиты от магии льда
43361,Символ пингвина
43362,zzOLDСимвол белого медвежонка
43363,Накидка визга
43364,Символ замедленного падения
43365,Символ благословения королей
43366,Символ благословения мудрости
43367,Символ возложения рук
43368,Символ чутья на нежить
43369,Символ мудрых
43370,Символ левитации
43371,Символ стойкости
43372,Символ защиты от темной магии
43373,Символ сковывания нежити
43374,Символ исчадия Тьмы
43375,Брюки араккоа
43376,Символ отвлечения
43377,Символ взлома
43378,Символ безопасного падения
43379,Символ огромной скорости
43380,Символ исчезновения
43381,Символ астрального возвращения
43382,Кольцо Зрящего
43384,ИСКЛЮЧЕНО Символ черного волка
43385,Символ обновленной жизни
43386,Символ водного щита
43387,Латные наплечники наблюдателя
43388,Символ хождения по воде
43389,Символ бесконечного дыхания
43390,Символ похищения души
43391,Символ Килрогга
43392,Символ проклятия изнеможения
43393,Символ порабощения демона
43394,Символ душ
43395,Символ боевого крика
43396,Символ кровавой ярости
43397,Символ рывка
43398,Символ дразнящего удара
43399,Символ удара грома
43400,Символ неоспоримой победы
43401,Пропитанное водой одеяние
43402,Наголенники Уничтожителя
43403,Покров Тьмы
43404,Ожерелье Зурамата
43405,Башмаки Эрекема
43406,Плащ кровоточащей раны
43407,Палица Удара бури
43408,Перстень отражающих лучей
43409,Изъеденная слюной пика
43410,Нагрудный доспех Морагга
43411,Разбитый панцирь Ануб\'арака
43412,Символ кровожадности
43413,Символ стремительного рывка
43414,Символ рассечения
43415,Символ сокрушения
43416,Символ казни
43417,Символ подрезанного сухожилия
43418,Символ удара героя
43419,Символ вмешательства
43420,Символ вульгарных оскорблений
43421,Символ смертельного удара
43422,Символ превосходства
43423,Символ кровопускания
43424,Символ реванша
43425,Символ блокирования
43426,Символ отчаянной защиты
43427,Символ раскола брони
43428,Символ размашистого удара
43429,Символ провокации
43430,Символ грохочущей мощи
43431,Символ победного ража
43432,Символ вихря
43433,Наплечные пластины потрошителя
43434,Нагрудный доспех потрошителя
43435,Наручники потрошителя
43436,Рукавицы потрошителя
43437,Воинский пояс потрошителя
43438,Набедренники потрошителя
43439,Ботфорты потрошителя
43440,"Королю Вариану Ринну, предводителю Альянса"
43441,"Траллу, вождю Орды"
43442,Пояс быстрой стрелы
43443,Сапоги быстрой стрелы
43444,Наручи быстрой стрелы
43445,Хауберк быстрой стрелы
43446,Рукавицы быстрой стрелы
43447,Шлем быстрой стрелы
43448,Поножи быстрой стрелы
43449,Наплечные щитки быстрой стрелы
43450,Пояс штормового укрытия
43451,Высокие ботинки штормового укрытия
43452,Накулачники штормового укрытия
43453,Хауберк штормового укрытия
43454,Захваты штормового укрытия
43455,Корона штормового укрытия
43456,Набедренники штормового укрытия
43457,Наплечники штормового укрытия
43458,Набедренники тяжелых увечий
43459,Наручи тяжелых увечий
43460,Ремень тяжелых увечий
43461,Кираса загробника
43462,Пенистый светлый эль
43463,Свиток ловкости VII
43464,Свиток ловкости VIII
43465,Свиток силы VII
43466,Свиток силы VIII
43467,Свиток защиты VII
43468,Свиток защиты VIII
43469,Ботфорты загробника
43470,"Овсяный портер \""Волчий зуб\"""
43471,Красная лента Рорка
43472,Снегопадное светлое пиво
43473,"Жгучий эль \""Пламя дракона\"""
43475,Захваты леденящего загробника
43476,Тролльская тканая кираса
43478,Пир для великанов
43480,Пир для карликов
43481,Тролльский тканый наплеч
43482,Титановое кольцо свирепости
43484,Тролльский тканый ремень
43485,Эскиз: титановое кольцо свирепости
43486,Маска ирокеза
43488,Мамонтятина не первой свежести
43489,Индейская граната
43490,Аппетитный кекс
43491,Испорченные моллюски
43492,Эфемерная селедка
43493,Прах наблюдателя
43494,Труп наблюдателя Ан\'кахара
43495,Набедренники земледарения
43497,Эскиз: титановая печатка свирепости
43498,Титановая печатка свирепости
43499,Железная походная фляга
43500,Ножные латы с подкладкой
43501,Нордскольское яйцо
43502,Сапоги земледарения
43504,Подарок к Зимнему Покрову
43505,Рецепт: пир для великанов
43506,Рецепт: пир для карликов
43507,Рецепт: аппетитный кекс
43508,Рецепт: мамонтятина не первой свежести
43509,Рецепт: испорченные моллюски
43510,Рецепт: эфемерная селедка
43511,Чудовищный гриб
43512,Покрытая слизью плесень
43513,Оружие врайкулов
43515,Мистический том
43516,Жестокий дракон Пустоты
43518,Сотворенный пирог из маны
43519,Комок ваты
43520,Особенные перья
43521,Стильное колечко на пальчик ноги
43522,Стройнящий ножной браслет
43523,Сотворенный штрудель из маны
43524,Факел Олакина
43526,Туловище Олакина
43527,Ноги Олакина
43528,Левая рука Олакина
43529,Правая рука Олакина
43530,Флакон с зельем маны Серебряного Рассвета
43531,Флакон с лечебным зельем Серебряного Рассвета
43533,Символ антимагического панциря
43534,Символ удара в сердце
43535,Символ кровоотвода
43536,Символ костяного щита
43537,Символ ледяных оков
43538,Символ темной власти
43539,Символ объятий смерти
43541,Символ хватки смерти
43542,Символ смерти и разложения
43543,Символ ледяного удара
43544,Символ зимнего горна
43545,Символ незыблемости льда
43546,Символ ледяного прикосновения
43547,Символ уничтожения
43548,Символ удара чумы
43549,Символ вурдалака
43550,Символ рунического удара
43551,Символ удара Плети
43552,Символ удушения
43553,Символ несокрушимой брони
43554,Символ крови вампира
43555,Знак делегата Па\'тролла
43556,Сумка патрульного
43564,Останки рыцаря Олакина
43565,Надежная накидка из нерубской шкуры
43566,Плащ ледяного убийцы
43567,Катушка ниток
43568,Хирургический скальпель
43569,Бездонный флакон с лечебным зельем
43570,Бездонный флакон с зельем маны
43571,Сточный карп
43572,Волшебный пожиратель
43573,Слезы горькой тоски
43574,Растаявшая субстанция души
43575,Усиленный ларец
43576,Хитиновая шлифовка
43577,Скребок для панциря
43582,Титановое кольцо ледяного стража
43583,Ледовое одеяние
43584,Ледовый боевой пояс
43585,Ледовые туфли
43586,Нагрудный доспех ледяной погибели
43587,Ремень ледяной погибели
43588,Сапоги ледяной погибели
43589,Почетный знак Озера Ледяных Оков
43590,Снежный жилет
43591,Снежный шнурованный ремень
43592,Снежные сапоги
43593,Нагрудный доспех из ледяной чешуи
43594,Пояс из ледяной чешуи
43595,Сапоги из ледяной чешуи
43597,Эскиз: титановое кольцо ледяного стража
43599,Большой медведь Blizzard
43600,Бруннхильдарский гарпун
43601,Бруннхильдарский гигантский топор
43608,Летучее масло Меднопала
43609,Груда костей
43610,Брошенный шлем
43611,Колун Крола
43612,Хребторез
43613,Клинок сумрака
43614,Разбавленный эликсир гнева
43615,Боевые доспехи Саурфанга
43616,Брошенная броня
43617,"Monster - Staff, Dalaran Blue"
43618,"Monster - Staff, Dalaran Green"
43619,"Monster - Staff, Dalaran Red"
43620,Разбавленный эликсир силы заклинаний
43621,Разбавленный эликсир Гогельмогеля
43622,Сейф из ледяной стали
43624,Титановый сейф
43626,"Закуска \""Счастливый питомец\"""
43627,Золотая монета Тралла
43628,Золотая монета леди Джайны Праудмур
43629,Золотая монета Утера Светоносного
43630,Золотая монета Тириона Фордринга
43631,Золотая монета Терона
43632,Золотая монета Сильваны Ветрокрылой
43633,Золотая монета принца Кель\'таса Солнечного Скитальца
43634,Золотая монета леди Катраны Престор
43635,Золотая монета Кел\'Тузада
43636,Золотая монета Хроми
43637,Золотая монета Бранна Бронзоборода
43638,Золотая монета Аругала
46893,Землетрясущий барабан
46895,Ключ от черной клетки
46897,Эскиз: отверделое Око Зула
46898,Эскиз: неизменное око Зула
46899,Эскиз: насыщенное Око Зула
46900,Эскиз: ослепительное Око Зула
46901,Эскиз: зазубренное око Зула
46902,Эскиз: вневременное Око Зула
46903,Эскиз: Око Зула провидца
46904,Эскиз: мощное око Зула
46905,Эскиз: смутное око Зула
46906,Эскиз: расколотое Око Зула
46907,Эскиз: сияющее Око Зула
46908,Эскиз: плотное Око Зула
46909,Эскиз: лучистое Око Зула
46910,Эскиз: замысловатое Око Зула
46911,Эскиз: светозарное око Зула
46912,Эскиз: усиленное око Зула
46913,Эскиз: раздробленное око Зула
46914,Эскиз: непрозрачное Око Зула
46915,Эскиз: померкшее око Зула
46916,Эскиз: рунический багровый рубин
46917,Эскиз: рельефный багровый рубин
46918,Эскиз: хрупкий багровый рубин
46919,Эскиз: яркий багровый рубин
46920,Эскиз: ясный багровый рубин
46921,Эскиз: растрескавшийся багровый рубин
46922,Эскиз: изящный багровый рубин
46923,Эскиз: блистательный багровый рубин
46924,Эскиз: цельный величественный циркон
46925,Эскиз: искрящийся величественный циркон
46926,Эскиз: грозовой величественный циркон
46927,Эскиз: блестящий величественный циркон
46928,Эскиз: прочный царский янтарь
46929,Эскиз: гладкий царский янтарь
46930,Эскиз: сверкающий царский янтарь
46931,Эскиз: матовый царский янтарь
46932,Эскиз: мистический царский янтарь
46933,Эскиз: мягкий царский янтарь
46934,Эскиз: сбалансированный страхолит
46935,Эскиз: царственный страхолит
46936,Эскиз: светящийся страхолит
46937,Эскиз: очищенный страхолит
46938,Эскиз: изменчивый страхолит
46939,Эскиз: королевский страхолит
46940,Эскиз: монарший страхолит
46941,Эскиз: страхолит защитника
46942,Эскиз: страхолит стража
46943,Эскиз: таинственный страхолит
46944,Эскиз: всевластный страхолит
46945,Эскиз: заряженный страхолит
46946,Эскиз: непрочный страхолит
46947,Эскиз: светоносный аметрин
46948,Эскиз: покрытый письменами аметрин
46949,Эскиз: смертоносный аметрин
46950,Эскиз: могущественный аметрин
46951,Эскиз: сокрытый аметрин
46952,Эскиз: надежный аметрин
46953,Эскиз: гравированный аметрин
46954,Пылающие копья
46955,Зуб кракена
46956,Эскиз: нетронутый аметрин
46957,"Monster - Sword, 1H Horde PvP Red"
46958,Стальной крушитель клинков
46959,Кольцо жестокого характера
46960,Кираса жестокого намерения
46961,Наручи-костеломы
46962,Бригантина непомерного уродства
46963,Авангард из хрустальных пластин
46964,Авангард из хрустальных пластин
46965,Кираса жестокого намерения
46966,Кольцо жестокого характера
46967,Наручи-костеломы
46968,Бригантина непомерного уродства
46969,Стальной крушитель клинков
46970,Пелерина дикого хищника
46971,Пелерина дикого хищника
46972,Шнурованный ремень мрачного тумана
46973,Шнурованный ремень мрачного тумана
46974,Поножи прирученного зверя
46975,Поножи прирученного зверя
46976,Шаль освежающих ветров
46977,Шаль освежающих ветров
46978,Тотем Служителей Земли
46979,Клинок Тараска
46980,Клинок Тараска
46985,Сапоги храбрых
46986,Сапоги храбрых
46988,Сапоги неумолимой бури
46989,Сапоги неумолимой бури
46990,Пояс ледокопа
46991,Пояс ледокопа
46992,Развевающиеся одежды восхождения
46993,Развевающиеся одежды восхождения
46994,Удар когтя
46995,Удар когтя
46996,Резак львиной головы
46997,Наголенники занимающейся зари
46999,Пояс кровавой бани
47000,Панцирь злосчастной судьбы
47001,Резак львиной головы
47002,Пояс кровавой бани
47003,Наголенники занимающейся зари
47004,Панцирь злосчастной судьбы
47006,Боевой рог Квалдира
47007,Эскиз: тревожный аметрин
47008,Эскиз: блистающий аметрин
47009,Амулет призывателя туманов
47010,Эскиз: идеально ограненный аметрин
47011,Эскиз: гибельный аметрин
47012,Эскиз: мерцающий аметрин
47015,Эскиз: аметрин воителя
47016,Эскиз: наделенный силой аметрин
47017,Эскиз: стойкий аметрин
47018,Эскиз: глянцевый аметрин
47019,Эскиз: броский аметрин
47020,Эскиз: аметрин проворства
47021,Эскиз: прозрачный аметрин
47022,Эскиз: затвердевший аметрин
47023,Эскиз: застывший аметрин
47029,Захваченное квалдирское знамя
47030,Мощные сефориевые бомбы
47033,Благословенная светом реликвия
47035,Выброшенный кристалл души
47036,Свежая наживка
47037,Мясо акулы Северного моря
47041,Утешение поверженных
47042,Гордость эредаров
47043,Рывок повелителя демонов
47048,Приказы доктора Колера
47051,Поножи успокаивающего прикосновения
47052,Набедренники лихорадочной преданности
47053,Символ прегрешения
47054,Кольцо удручающего насилия
47055,Наручи осенней ивы
47056,Наручи туманного предзнаменования
47057,Ножные латы угасающего света
47059,Утешение поверженных
47060,Рывок повелителя демонов
47061,Набедренники лихорадочной преданности
47062,Поножи успокаивающего прикосновения
47063,Гордость эредаров
47064,Символ прегрешения
47066,Наручи осенней ивы
47067,Ножные латы угасающего света
47068,Наручи туманного предзнаменования
47069,Творец справедливости
47070,Перстень бездушной агрессии
47071,Ботфорты ледопроходца
47072,Ремень окровавленных шрамов
47073,Наручи неописуемого побоища
47074,Наручи неописуемого побоища
47075,Перстень бездушной агрессии
47076,Ремень окровавленных шрамов
47077,Ботфорты ледопроходца
47078,Творец справедливости
47079,Бастион чистоты
47080,Упрямый скарабей Сатрины
47081,Шнурованный ремень лютого холода
47082,Бригантина закаленного бурей героя
47083,Набедренники скрытой ненависти
47084,Шнурованный ремень лютого холода
47085,Бастион чистоты
47086,Бригантина закаленного бурей героя
47087,Набедренники скрытой ненависти
47088,Упрямый скарабей Сатрины
47089,Плащ перемещения
47090,Сапоги содрогающейся земли
47092,Сапоги скорбящей вдовы
47093,Тяжелые наручи разорванных уз
47094,Одежды пошатнувшейся дружбы
47095,Плащ перемещения
47096,Одежды пошатнувшейся дружбы
47097,Сапоги скорбящей вдовы
47098,Тяжелые наручи разорванных уз
47099,Сапоги содрогающейся земли
47100,Поводья полосатого рассветного саблезуба
47101,Коричневый боевой конь-скелет
47104,Шип близнецов
47105,Злоба палача
47106,Башмаки безжалостного правосудия
47107,Пояс безжалостного убийцы
47108,Наручи амазонки
47109,Башмаки безжалостного правосудия
47110,Злоба палача
47111,Наручи амазонки
47112,Пояс безжалостного убийцы
47113,Шип близнецов
47114,Длинный посох волка
47115,Приговор смерти
47116,Муза вершителя судеб
47121,Набедренники вознесения
47126,Одеяния небесного ткача
47129,Одеяния небесного ткача
47130,Длинный посох волка
47131,Приговор смерти
47132,Набедренники вознесения
47133,Муза вершителя судеб
47138,Чаша опаляющего света
47139,Стенания валькирии
47140,Шнурованный ремень бледных шипов
47141,Наручники темной сущности
47142,Кираса замерзшего озера
47143,Наручники темной сущности
47144,Стенания валькирии
47145,Шнурованный ремень бледных шипов
47146,Чаша опаляющего света
47147,Кираса замерзшего озера
47148,Колун Грозовой Вершины
47149,Перстень короля-предателя
47150,Наголенники 7-го легиона
47151,Наручи мрачной решимости
47152,Пояс смертельной власти
47153,Пояс смертельной власти
47154,Наголенники 7-го легиона
47155,Наручи мрачной решимости
47156,Колун Грозовой Вершины
47157,Перстень короля-предателя
47170,Пояс жестокого соперничества
47171,Набедренники отвергнутой верности
47172,Шлем поверженной доблести
47173,Наручники Злобных
47174,Пояс тихой поляны
47175,Чешуйчатые сапоги чужеземца
47176,Кираса имперского турнира
47177,Перчатки фанатика Серебряного Авангарда
47178,Панцирь зловещих видений
47179,Скакун Серебряного Авангарда
47180,Боевой конь Серебряного Авангарда
47181,Пояс беспокойного пламени
47182,Власть неживых
47183,Сила Неруба
47184,Набедренники скрытой угрозы
47185,Поножи изнуренного ученика
47186,Бриджи пробуждения
47187,Поножи разрастающейся бездны
47188,Власть неживых
47189,Поножи разрастающейся бездны
47190,Бриджи пробуждения
47191,Набедренники скрытой угрозы
47192,Сила Неруба
47193,Конец невзгод
47194,Сапоги плавучей льдины
47195,Пояс забытого мученика
47196,Молочный зуб равазавра
47197,Рукавицы отважного рыцаря
47199,Наголенники великого паладина
47200,Перстень чистоты
47201,Сапоги чистосердечного раскаяния
47202,Поножи дерзкого вторжения
47203,Поручи пепельного святого
47204,Нагрудный доспех струящихся элементов
47205,Сапоги плавучей льдины
47206,Конец невзгод
47207,Пояс забытого мученика
47208,Поручи пепельного святого
47209,Нагрудный доспех струящихся элементов
47210,Мантия сучковатых зарослей
47211,Накулачники непрестанного сожаления
47212,Оплот милосердия
47213,Руна Бездны
47214,Знамя победы
47215,Слезы поверженных
47216,Черное сердце
47217,Взгляд мрачного хранителя
47218,Пояс исповедницы
47219,Амулет бриллиантового града
47220,Шлем жестокой битвы
47221,Наплечные пластины бесчестного мошенника
47222,Кольцо рвения Уруки
47223,Перстень Темной Целительницы
47224,Перстень Темной Целительницы
47225,Девичья благосклонность
47226,Мантия безудержного страха
47227,Ремень бледного рыцаря
47228,Поножи бескровного рыцаря
47229,Ремень высокомерного падения
47230,Повязки потерянной надежды
47231,Пояс беспощадной жестокости
47232,Пелерина Непобежденного
47233,Глефа архонта
47234,Перчатки мучительного возмездия
47235,Перчатки безжизненного прикосновения
47236,Перчатки безжизненного прикосновения
47237,Кольцо удручающего насилия
47238,Девичья благосклонность
47239,Глефа архонта
47240,Перчатки мучительного возмездия
47241,Эмблема триумфа
47242,Трофей Авангарда
47243,Знак неумолимости
47244,Нагрудный доспех алчного демона
47245,Наплечье скрытой ненависти
47246,Список заслуг
47247,Список заслуг
47248,Ботфорты гнетущей судьбы
47249,Поножи снежной ежевики
47250,Наплечье оглушающего шторма
47251,Панцирь жестокого намерения
47252,Перстень жестокого характера
47253,Тяжелые наручи-костеломы
47254,Хауберк непомерного уродства
47255,Стигийский крушитель клинков
47256,Пелерина освежающих ветров
47257,Плащ дикого хищника
47258,Пояс мрачного тумана
47259,Бриджи прирученного зверя
47260,Забытая преграда
47261,Жало Тараска
47262,Сапоги суровой зимы
47263,Башмаки храбрых
47264,Развевающиеся одеяния восхождения
47265,Пояс ледокопа
47266,Кровавое неистовство
47267,Арбалет лобового штурма смерти
47268,Ремень кровавой бани
47269,Башмаки занимающейся зари
47270,Жилет злосчастной судьбы
47271,Утешение павших
47272,Рывок эредаров
47273,Ножные латы лихорадочной преданности
47274,Штаны успокаивающего прикосновения
47275,Гордость повелителя демонов
47276,Талисман безрассудных грехов
47277,Наручники осенней ивы
47278,Обруч Темной Целительницы
47279,Поножи угасающего света
47280,Напульсники туманного предзнаменования
47281,Наручи бесшумной расправы
47282,Кольцо бездушной агрессии
47283,Пояс окровавленных шрамов
47284,Ботфорты-ледоступы
47285,Двусторонний топор мясника
47286,Пояс лютого холода
47287,Бастион решимости
47288,Бригантина героя Северного Волка
47289,Поножи скрытой ненависти
47290,Жизненная сила слепого поклонения
47291,Накидка перемещения
47292,Одеяния пошатнувшейся дружбы
47293,Сандалии скорбящей вдовы
47294,Наручи разорванных уз
47295,Башмаки содрогающейся земли
47296,Наголенники безжалостного правосудия
47297,Порок палача
47298,Боевые наручи амазонки
47299,Пояс беспощадного убийцы
47300,Парализующий удар холодного сердца
47301,Одежды небесного ткача
47302,Договор близнецов
47303,Выбор смерти
47304,Ножные латы вознесения
47305,Латный воротник легионера
47306,Наручники темной сущности
47307,Плач валь\'кир
47308,Пояс бледных шипов
47309,Таинственное очарование
47310,Бригантина замерзшего озера
47311,Воинский пояс смертельной власти
47312,Наголенники саронитовой цитадели
47313,Поручи мрачной решимости
47314,Тесак Адского Крика
47315,Кольцо короля-предателя
47316,Власть мертвых
47317,Брюки разрастающейся бездны
47318,Поножи пробуждения
47319,Поножи скрытой угрозы
47320,Мощь Неруба
47321,Сапоги плавучей льдины
47322,Конец страданий
47323,Ремень забытого мученика
47324,Наручники пепельного святого
47325,Панцирь струящихся элементов
47326,Повязки безжизненного прикосновения
47327,Проявление Лурида
47328,Девичья любовь
47329,Глефа геллиона
47330,Рукавицы мучительного возмездия
47395,Почетный знак Острова Завоеваний
47412,Панцирь жестокого намерения
47413,Перстень жестокого характера
47414,Тяжелые наручи-костеломы
47415,Хауберк непомерного уродства
47416,Стигийский крушитель клинков
47417,Пелерина освежающих ветров
47418,Плащ дикого хищника
47419,Пояс мрачного тумана
47420,Бриджи прирученного зверя
47421,Забытая преграда
47422,Жало Тараска
47423,Сапоги суровой зимы
47424,Башмаки храбрых
47425,Развевающиеся одеяния восхождения
47426,Пояс ледокопа
47427,Кровавое неистовство
47428,Арбалет лобового штурма смерти
47429,Ремень кровавой бани
47430,Башмаки занимающейся зари
47431,Жилет злосчастной судьбы
47432,Утешение павших
47433,Рывок эредаров
47434,Ножные латы лихорадочной преданности
47435,Штаны успокаивающего прикосновения
47436,Гордость повелителя демонов
47437,Талисман безрассудных грехов
47438,Наручники осенней ивы
47439,Обруч Темной Целительницы
47440,Поножи угасающего света
47441,Напульсники туманного предзнаменования
47442,Наручи бесшумной расправы
47443,Кольцо бездушной агрессии
47444,Пояс окровавленных шрамов
47445,Ботфорты-ледоступы
47446,Двусторонний топор мясника
47447,Пояс лютого холода
47448,Бастион решимости
47449,Бригантина героя Северного Волка
47450,Поножи скрытой ненависти
47451,Жизненная сила слепого поклонения
47452,Накидка перемещения
47453,Одеяния пошатнувшейся дружбы
47454,Сандалии скорбящей вдовы
47455,Наручи разорванных уз
47456,Башмаки содрогающейся земли
47457,Наголенники безжалостного правосудия
47458,Порок палача
47459,Боевые наручи амазонки
47460,Пояс беспощадного убийцы
47461,Парализующий удар холодного сердца
47462,Одежды небесного ткача
47463,Договор близнецов
47464,Выбор смерти
47465,Ножные латы вознесения
47466,Латный воротник легионера
47467,Наручники темной сущности
47468,Плач валь\'кир
47469,Пояс бледных шипов
47470,Таинственное очарование
47471,Бригантина замерзшего озера
47472,Воинский пояс смертельной власти
47473,Наголенники саронитовой цитадели
47474,Поручи мрачной решимости
47475,Тесак Адского Крика
47476,Кольцо короля-предателя
47477,Власть мертвых
47478,Брюки разрастающейся бездны
47479,Поножи пробуждения
47480,Поножи скрытой угрозы
47481,Мощь Неруба
47482,Сапоги плавучей льдины
47483,Конец страданий
47484,Ремень забытого мученика
47485,Наручники пепельного святого
47486,Панцирь струящихся элементов
47487,Повязки безжизненного прикосновения
47489,Проявление Лурида
47490,Девичья любовь
47491,Глефа геллиона
47492,Рукавицы мучительного возмездия
47493,Лезвие разгрома
47494,Древняя подвеска Аратора
47495,Ножные латы неумолимого натиска
47496,Поручи осторожного наблюдателя
47497,Шлем павшего духом претендента
47498,Перчатки гнетущей судьбы
47499,Настой севера
47500,Клинок мирохранителя
47501,Нерешительность Курису
47502,Величественные латные серебряные наплечники
47503,Ножные латы перемирия Серебряного Авангарда
47504,Ботфорты из одеревенелой кожи
47506,Защитник Среброкрылых
47507,Рецепт: Настой севера
47508,Боевая звезда Аледара
47509,Печаль Мариэль
47510,Ремень чистосердечного
47511,Пластинчатые наголенники провидения
47512,Исповедь грешника
47513,Отражатель Оргрима
47514,Монаршие золотистые латные наплечники
47515,Истребление
47516,Плотерез
47517,Клинок нерушимой клятвы
47518,Проклятье Демона
47519,Катастрофа
47520,Обида
47521,БРК-1000
47522,Сокрушение основ
47523,Автоматическая пушка Феззика
47524,Милосердие
47525,Терпимость
47526,Беспощадность
47527,Облачение безумия
47528,Деревянная рапира проклятых
47529,Маска смутных воспоминаний
47541,Уздечка серебряного пони
47545,Стремительность Верисы
47546,Хитрость Сильваны
47547,Свирепость Вариана
47548,Ярость Гарроша
47549,Решимость Магни
47550,Стойкость Кэрна
47551,Сила Этаса
47552,Сияние Джайны
47553,Преданность Болвара
47554,Приговор леди Лиадрин
47556,Сфера рыцаря
47557,Регалии великого завоевателя
47558,Регалии великого защитника
47559,Регалии великого покорителя
47560,Сапоги потрескивающего огня
47561,Перчатки темного изгоя
47562,Символ возмездия
47563,Ремень неустрашимого завоевателя
47564,Взгляд неизвестных
47565,Тяжелые наручи нечестивого приказа
47566,Порочность вождя
47567,Рукавицы откровения
47568,Длинностволая винтовка меткости
47569,Призрачный крис
47570,Саронитовые мечеломы
47571,Саронитовые мечеломы
47572,Титановые шипованные наручи
47573,Титановые шипованные наручи
47574,Наручи Кузни Солнца
47575,Наручи Кузни Солнца
47576,Наручи рыцаря из чешуи дракона
47577,Наручи рыцаря из чешуи дракона
47578,Кольцо хищника
47579,Черные хитиновые наручи
47580,Черные хитиновые наручи
47581,Наручи быстрой смерти
47582,Наручи быстрой смерти
47583,Боевые наручи лунной тени
47584,Боевые наручи лунной тени
47585,Наручи волшебника с самоцветами
47586,Наручи волшебника с самоцветами
47587,Королевские наручи из лунного тюля
47588,Королевские наручи из лунного тюля
47589,Титановые нагрудные пластины
47590,Титановые нагрудные пластины
47591,Кираса Белого Рыцаря
47592,Кираса Белого Рыцаря
47593,Кираса Кузни Солнца
47594,Кираса Кузни Солнца
47595,Кираса рыцаря из чешуи дракона
47596,Кираса рыцаря из чешуи дракона
47597,Заколдованная нерубская кираса
47598,Заколдованная нерубская кираса
47599,Панцирь рыцарского проклятья
47600,Панцирь рыцарского проклятья
47601,Одеяния лунного затмения
47602,Одеяния лунного затмения
47603,Одеяние Мерлина
47604,Одеяние Мерлина
47605,Королевское одеяние из лунного тюля
47606,Королевское одеяние из лунного тюля
47607,Ошейник непрерывных мучений
47608,Сапоги Кислотной Утробы
47609,Рукавицы вскипающего гнева
47610,Поручи северного преследователя
47611,Боевые наручи Жуткой Чешуи
47612,Жезл плененных душ
47613,Наплечные щитки ледниковых пустошей
47614,Ремень Пронзающего Бивня
47615,Пояс Студеного предела
47616,Наплечные щитки служителя духов
47617,Кушак Ледяного Рева
47618,Перстень огненной бури
47619,Амулет связующих элементов
47620,Поножи демонического посланника
47621,Ремень предсказателя
47622,Чертеж: кираса Белого Рыцаря
47623,Чертеж: саронитовые мечеломы
47624,Чертеж: титановые нагрудные пластины
47625,Чертеж: титановые шипованные наручи
47626,Чертеж: кираса Кузни Солнца
47627,Чертеж: наручи Кузни Солнца
47628,Выкройка: заколдованная нерубская кираса
47629,Выкройка: черные хитиновые наручи
47630,Выкройка: кираса рыцаря из чешуи дракона
47631,Выкройка: наручи рыцаря из чешуи дракона
47632,Выкройка: одеяния лунного затмения
47633,Выкройка: боевые наручи лунной тени
47634,Выкройка: панцирь рыцарского проклятья
47635,Выкройка: наручи быстрой смерти
47636,Выкройка: королевское одеяние из лунного тюля
47637,Выкройка: королевские наручи из лунного тюля
47638,Выкройка: одеяние Мерлина
47639,Выкройка: наручи волшебника с самоцветами
47640,Чертеж: кираса Белого Рыцаря
47641,Чертеж: саронитовые мечеломы
47642,Чертеж: наручи Кузни Солнца
47643,Чертеж: кираса Кузни Солнца
47644,Чертеж: титановые нагрудные пластины
47645,Чертеж: титановые шипованные наручи
47646,Выкройка: черные хитиновые наручи
47647,Выкройка: наручи быстрой смерти
47648,Выкройка: наручи рыцаря из чешуи дракона
47649,Выкройка: кираса рыцаря из чешуи дракона
47650,Выкройка: заколдованная нерубская кираса
47651,Выкройка: панцирь рыцарского проклятья
47652,Выкройка: одеяния лунного затмения
47653,Выкройка: боевые наручи лунной тени
47654,Выкройка: наручи волшебника с самоцветами
47655,Выкройка: одеяние Мерлина
47656,Выкройка: королевские наручи из лунного тюля
47657,Выкройка: королевское одеяние из лунного тюля
47658,Серный поджигатель
47659,Багровая звезда
47660,Клинки черного креста
47661,Манускрипт отваги
47662,Манускрипт правдивости
47663,Наручники Искры Скверны
47664,Манускрипт неповиновения
47665,Тотем успокаивающих приливов
47666,Тотем электризирующего ветра
47667,Тотем колыхающейся земли
47668,Идол искажения
47669,Пояс зимнего солнцестояния
47670,Идол лунной ярости
47671,Идол внезапного роста
47672,Печать дерзости
47673,Печать болезнетворности
47674,Шлем оглушительного буйства
47675,Личина оглушительного буйства
47676,Кортик ночного дозорного
47677,Личина слова чести
47678,Латный шлем слова чести
47679,Выносливость инфернала
47680,Поручи лорда Пустоты
47681,Топхельм неустанного дозора
47682,Шлем неустанного дозора
47683,Наголенники разведчика Часовых
47684,Капюшон погруженного в раздумья дракона
47685,Шлем погруженного в раздумья дракона
47686,Шлем внутреннего тепла
47687,Наголовник внутреннего тепла
47688,Маска смертоносного намерения
47689,Капюшон смертоносного намерения
47690,Шлем обильного роста
47691,Маска изобилия
47692,Капюшон дымящегося огненного шлейфа
47693,Капюшон огненного шлейфа
47694,Шлем затуманенного взора
47695,Капюшон затуманенного взора
47696,Латные наплечники трепещущей ярости
47697,Наплечье трепещущей ярости
47698,Латные наплечники надежного порядка
47699,Наплечные щитки надежного порядка
47700,Петля валь\'кир-близнецов
47701,Латные наплечники кавалериста
47702,Наплечье кавалериста
47703,Перстень ловца граней
47704,Эполеты пожирателя
47705,Наплечье пожирателя
47706,Наплечники первопроходца
47707,Мантия первопроходца
47708,Наплечные пластины закатного ловца
47709,Наплечье закатного ловца
47710,Эполеты рокового союза
47711,Ремень воителя Пустоты
47712,Наплечники рокового союза
47713,Мантия гибельного излучения
47714,Наплечье гибельного излучения
47715,Наплечье почитаемой смертности
47716,Мантия почитаемой смертности
47717,Личина серебряного чемпиона
47718,Шлем серебряного следопыта
47719,Перчатки серебряного убийцы
47720,Наплечье серебряного защитника
47721,Сандалии серебряного волхва
47724,Клинок серебряного послушника
47725,Зов победителя
47726,Талисман неустойчивой силы
47727,Рвение Зиморожденного
47728,Связующий свет
47729,Кольцо кровопролития
47730,Искусный перстень с ярким камнем
47731,Сила укрепления
47732,Кольцо призывателя духов
47733,Кольцо целителя сердец
47734,Знак превосходства
47735,Символ неукротимости
47736,Острие ледопада
47737,Расплата
47738,Башмаки затихающей воронки
47739,Доспехи изменчивых теней
47740,Дипломат
47741,Тяжелый арбалет Бейлгуна
47742,Чаша благословенного
47743,Просветление
47744,Перчатки лазурного пророка
47745,Перчатки смутной тени
47746,Шлем снежного грота
47747,Подвеска Погибели Тьмы
47748,Капюшон завоеваний Кадгара
47749,Одеяние завоеваний Кадгара
47750,Поножи завоеваний Кадгара
47751,Наплечные пластины завоеваний Кадгара
47752,Рукавицы завоеваний Кадгара
47753,Рукавицы триумфа Кадгара
47754,Капюшон триумфа Кадгара
47755,Поножи триумфа Кадгара
47756,Одеяние триумфа Кадгара
47757,Наплечные пластины триумфа Кадгара
47758,Наплечные пластины триумфа Кадгара
47759,Одеяние триумфа Кадгара
47760,Поножи триумфа Кадгара
47761,Капюшон триумфа Кадгара
47762,Рукавицы триумфа Кадгара
47763,Рукавицы триумфа Солнечного Скитальца
47764,Капюшон триумфа Солнечного Скитальца
47765,Поножи триумфа Солнечного Скитальца
47766,Одеяние триумфа Солнечного Скитальца
47767,Наплечные пластины триумфа Солнечного Скитальца
47768,Наплечные пластины триумфа Солнечного Скитальца
47769,Одеяние триумфа Солнечного Скитальца
47770,Поножи триумфа Солнечного Скитальца
47771,Капюшон триумфа Солнечного Скитальца
47772,Рукавицы триумфа Солнечного Скитальца
47773,Рукавицы завоеваний Солнечного Скитальца
47774,Капюшон завоеваний Солнечного Скитальца
47775,Поножи завоеваний Солнечного Скитальца
47776,Одеяние завоеваний Солнечного Скитальца
47777,Наплечные пластины завоевания Солнечного Скитальца
47778,Капюшон триумфа Кел\'Тузада
47779,Одеяние триумфа Кел\'Тузада
47780,Поножи триумфа Кел\'Тузада
47781,Наплечные пластины триумфа Кел\'Тузада
47782,Перчатки триумфа Кел\'Тузада
47783,Перчатки завоеваний Кел\'Тузада
47784,Капюшон завоеваний Кел\'Тузада
47785,Поножи завоеваний Кел\'Тузада
47786,Одеяние завоеваний Кел\'Тузада
47787,Наплечные пластины завоеваний Кел\'Тузада
47788,Перчатки триумфа Кел\'Тузада
47789,Капюшон триумфа Кел\'Тузада
47790,Поножи триумфа Кел\'Тузада
47791,Одеяние триумфа Кел\'Тузада
47792,Наплечные пластины триумфа Кел\'Тузада
47793,Наплечные пластины триумфа Гул\'дана
47794,Одеяние триумфа Гул\'дана
47795,Поножи триумфа Гул\'дана
47796,Капюшон триумфа Гул\'дана
47797,Перчатки триумфа Гул\'дана
47798,Наплечные пластины завоеваний Гул\'дана
47799,Одеяние завоеваний Гул\'дана
47800,Поножи завоеваний Гул\'дана
47801,Капюшон завоеваний Гул\'дана
47802,Перчатки завоеваний Гул\'дана
47803,Перчатки триумфа Гул\'дана
47804,Капюшон триумфа Гул\'дана
47805,Поножи триумфа Гул\'дана
47806,Одеяние триумфа Гул\'дана
47807,Наплечные пластины триумфа Гул\'дана
47808,Львиная пасть
47809,Серебряная решимость
47810,Рыцарская слава
47811,Нагрудный доспех тюремщика
47812,Бдительный страж
47813,Полный шлем владыки склепа
47814,Сабля Западного Края
47815,Холодное сосредоточение
47816,Шлифовальщик
47828,Гоблинский лучевой трансформатор
47829,Наплечье вневременного охотника
47830,Ножные латы Серебряной длани
47832,Наплеч снежного бандита
47834,Клинки Фордрагона
47835,Щит королевского стражника
47836,Ножные латы бессмертного паука
47837,Кушак Неумирающего
47838,Одежды Неспящих
47840,Ледяной змей неумолимого гладиатора
47849,Ошейник непрекращающихся мучений
47850,Наручи северного преследователя
47851,Рукавицы растущей злости
47852,Наручи Жуткой Чешуи
47853,Ботфорты Кислотной Утробы
47854,Кольцо Гормока
47855,Пояс Ледяного Рева
47856,Скипетр плененных душ
47857,Наплечье ледниковых пустошей
47858,Ремень Студеного предела
47859,Пояс Пронзающего Бивня
47860,Наплечье служителя духов
47861,Наручи Искры Скверны
47862,Кольцо Огненной Бури
47863,Пояс эмиссара Кровавого Копыта
47864,Подвеска связующих элементов
47865,Бриджи демонического посланника
47866,Ритуальный ремень Черного Копья
47867,Наголенники браконьера Песни Войны
47868,Кольцо ловца граней
47869,Наручи лорда Пустоты
47870,Пояс воителя Пустоты
47871,Орочий кинжал смерти
47872,Стойкость инфернала
47873,Сандалии волхва Похитителей Солнца
47874,Клинок посвященного Похитителей Солнца
47875,Шлем следопыта Похитителей Солнца
47876,Личина чемпиона Похитителей Солнца
47877,Наплечье защитника Похитителей Солнца
47878,Перчатки убийцы Похитителей Солнца
47879,Фетиш неустойчивой силы
47880,Связующий камень
47881,Отмщение Отрекшихся
47882,Клятва Эйтригга
47883,Широкостволое кремневое ружье
47884,Лезвие агонии
47885,Наголенники замедляющейся воронки
47886,Клинок возмездия
47887,Жилет изменчивых теней
47888,Кольцо валь\'кир-близнецов
47889,Напульсники смутной тени
47890,Амулет Погибели Тьмы
47891,Шлем высоких холмов
47892,Свечение
47893,Сен\'джинские ритуальные перчатки
47894,Палица земного вождя
47895,Гордость кор\'крона
47896,Бригантина каменной кожи
47897,Шлем владыки склепа
47898,Секира с ледяным лезвием
47899,Ревностный стражник
47900,Вечные муки
47901,Наплечье темного охотника
47902,Ножные латы искупленной крови
47903,Косторез Отрекшихся
47904,Наплечные щитки снежного бандита
47905,Чернорогий ослоп
47906,Одеяния Неспящих
47907,Арбалет гиблопасти
47908,Набедренники служителя солнца
47909,Пояс Вечного
47910,Эгида Колизея
47911,Тоска
47913,Средоточие Погибели Света
47914,Клобук завоеваний Велена
47915,Ошейник непрерывных мучений
47916,Поручи северного преследователя
47917,Рукавицы вскипающего гнева
47918,Боевые наручи Жуткой Чешуи
47919,Сапоги Кислотной Утробы
47920,Кольцо хищника
47921,Кушак Ледяного Рева
47922,Жезл плененных душ
47923,Наплечные щитки ледниковых пустошей
47924,Пояс Студеного предела
47925,Ремень Пронзающего Бивня
47926,Наплечные щитки служителя духов
47927,Наручники Искры Скверны
47928,Перстень огненной бури
47929,Пояс зимнего солнцестояния
47930,Амулет связующих элементов
47931,Поножи демонического посланника
47932,Ремень предсказателя
47933,Наголенники разведчика Часовых
47934,Перстень ловца граней
47935,Поручи лорда Пустоты
47936,Одеяние завоеваний Велена
47937,Ремень воителя Пустоты
47938,Кортик ночного дозорного
47939,Выносливость инфернала
47940,Сандалии серебряного волхва
47941,Клинок серебряного послушника
47942,Шлем серебряного следопыта
47943,Личина серебряного чемпиона
47944,Наплечье серебряного защитника
47945,Перчатки серебряного убийцы
47946,Талисман неустойчивой силы
47947,Связующий свет
47948,Зов победителя
47949,Рвение Зиморожденного
47950,Дипломат
47951,Расплата
47952,Башмаки затихающей воронки
47953,Острие ледопада
47954,Доспехи изменчивых теней
47955,Петля валь\'кир-близнецов
47956,Перчатки смутной тени
47957,Подвеска Погибели Тьмы
47958,Чаша благословенного
47959,Шлем снежного грота
47960,Просветление
47961,Перчатки лазурного пророка
47962,Серебряная решимость
47963,Бдительный страж
47964,Нагрудный доспех тюремщика
47965,Полный шлем владыки склепа
47966,Львиная пасть
47967,Рыцарская слава
47968,Холодное сосредоточение
47969,Наплечье вневременного охотника
47970,Ножные латы Серебряной длани
47971,Сабля Западного Края
47972,Наплеч снежного бандита
47973,Шлифовальщик
47974,Одежды Неспящих
47975,Тяжелый арбалет Бейлгуна
47976,Ножные латы бессмертного паука
47977,Кушак Неумирающего
47978,Щит королевского стражника
47979,Клинки Фордрагона
47980,Поножи завоеваний Велена
47981,Наплечные пластины завоеваний Велена
47982,Перчатки завоеваний Велена
47983,Перчатки триумфа Велена
47984,Клобук триумфа Велена
47985,Поножи триумфа Велена
47986,Одеяние триумфа Велена
47987,Наплечные пластины триумфа Велена
47988,Ошейник непрекращающихся мучений
47989,Наручи северного преследователя
47990,Рукавицы растущей злости
47991,Наручи Жуткой Чешуи
47992,Ботфорты Кислотной Утробы
47993,Кольцо Гормока
47994,Пояс Ледяного Рева
47995,Скипетр плененных душ
47996,Наплечье ледниковых пустошей
47997,Ремень Студеного предела
47998,Пояс Пронзающего Бивня
47999,Наплечье служителя духов
48000,Наручи Искры Скверны
48001,Кольцо Огненной Бури
48002,Пояс эмиссара Кровавого Копыта
48003,Подвеска связующих элементов
48004,Бриджи демонического посланника
48005,Ритуальный ремень Черного Копья
48006,Наголенники браконьера Песни Войны
48007,Кольцо ловца граней
48008,Наручи лорда Пустоты
48009,Пояс воителя Пустоты
48010,Орочий кинжал смерти
48011,Стойкость инфернала
48012,Сандалии волхва Похитителей Солнца
48013,Клинок посвященного Похитителей Солнца
48014,Шлем следопыта Похитителей Солнца
48015,Личина чемпиона Похитителей Солнца
48016,Наплечье защитника Похитителей Солнца
48017,Перчатки убийцы Похитителей Солнца
48018,Фетиш неустойчивой силы
48019,Связующий камень
48020,Отмщение Отрекшихся
48021,Клятва Эйтригга
48022,Широкостволое кремневое ружье
48023,Лезвие агонии
48024,Наголенники замедляющейся воронки
48025,Клинок возмездия
48026,Жилет изменчивых теней
48027,Кольцо валь\'кир-близнецов
48028,Напульсники смутной тени
48029,Наплечные пластины триумфа Велена
48030,Амулет Погибели Тьмы
48031,Одеяние триумфа Велена
48032,Средоточие Погибели Света
48033,Поножи триумфа Велена
48034,Шлем высоких холмов
48035,Клобук триумфа Велена
48036,Свечение
48037,Перчатки триумфа Велена
48038,Сен\'джинские ритуальные перчатки
48039,Палица земного вождя
48040,Гордость кор\'крона
48041,Бригантина каменной кожи
48042,Шлем владыки склепа
48043,Секира с ледяным лезвием
48044,Ревностный стражник
48045,Вечные муки
48046,Наплечье темного охотника
48047,Ножные латы освобожденного Кровавого Рыцаря
48048,Косторез Отрекшихся
48049,Наплечные щитки снежного бандита
48050,Чернорогий ослоп
48051,Одеяния Неспящих
48052,Арбалет гиблопасти
48053,Набедренники служителя солнца
48054,Пояс Вечного
48055,Эгида Колизея
48056,Тоска
48057,Перчатки триумфа Забры
48058,Клобук триумфа Забры
48059,Поножи триумфа Забры
48060,Одеяние триумфа Забры
48061,Наплечные пластины триумфа Забры
48062,Наплечные пластины триумфа Забры
48063,Одеяние триумфа Забры
48064,Поножи триумфа Забры
48065,Клобук триумфа Забры
48066,Перчатки триумфа Забры
48067,Перчатки завоеваний Забры
48068,Клобук завоеваний Забры
48069,Поножи завоеваний Забры
48070,Одеяние завоеваний Забры
48071,Наплечные пластины завоеваний Забры
48072,Повязки завоеваний Велена
48073,Венец завоеваний Велена
48074,Штаны завоеваний Велена
48075,Облачение завоеваний Велена
48076,Мантия завоеваний Велена
48077,Повязки триумфа Велена
48078,Венец триумфа Велена
48079,Штаны триумфа Велена
48080,Облачение триумфа Велена
48081,Мантия триумфа Велена
48082,Мантия триумфа Велена
48083,Облачение триумфа Велена
48084,Штаны триумфа Велена
48085,Венец триумфа Велена
48086,Повязки триумфа Велена
48087,Повязки триумфа Забры
48088,Венец триумфа Забры
48089,Штаны триумфа Забры
48090,Облачение триумфа Забры
48091,Мантия триумфа Забры
48092,Мантия триумфа Забры
48093,Облачение триумфа Забры
48094,Штаны триумфа Забры
48095,Венец триумфа Забры
48096,Повязки триумфа Забры
48097,Повязки завоеваний Забры
48098,Венец завоеваний Забры
48099,Штаны завоеваний Забры
48100,Облачение завоеваний Забры
48101,Мантия завоеваний Забры
48102,Головной убор завоеваний Малфуриона
48112,Стремительный детеныш
48114,Загадочный детеныш
48116,Детеныш Гундрака
48118,Прыгающий детеныш
48120,Обсидиановый детеныш
48122,Детеныш равазавра
48124,Детеныш острозуба
48126,Детеныш раззаши
48129,Одеяние завоеваний Малфуриона
48130,Поножи завоеваний Малфуриона
48131,Наплеч завоеваний Малфуриона
48132,Боевые рукавицы завоеваний Малфуриона
48133,Боевые рукавицы триумфа Малфуриона
48134,Головной убор триумфа Малфуриона
48135,Поножи триумфа Малфуриона
48136,Одеяние триумфа Малфуриона
48137,Наплеч триумфа Малфуриона
48138,Наплеч триумфа Малфуриона
48139,Одеяние триумфа Малфуриона
48140,Поножи триумфа Малфуриона
48141,Головной убор триумфа Малфуриона
48142,Боевые рукавицы триумфа Малфуриона
48143,Боевые рукавицы триумфа Рунического Тотема
48144,Головной убор триумфа Рунического Тотема
48145,Поножи триумфа Рунического Тотема
48146,Одеяние триумфа Рунического Тотема
48147,Наплеч триумфа Рунического Тотема
48148,Наплеч триумфа Рунического Тотема
48149,Одеяние триумфа Рунического Тотема
48150,Поножи триумфа Рунического Тотема
48151,Головной убор триумфа Рунического Тотема
48152,Боевые рукавицы триумфа Рунического Тотема
48153,Боевые рукавицы завоеваний Рунического Тотема
48154,Головной убор завоеваний Рунического Тотема
48155,Поножи завоеваний Рунического Тотема
48156,Одеяние завоеваний Рунического Тотема
48157,Наплеч завоеваний Рунического Тотема
48158,Убор завоеваний Малфуриона
48159,Одежды завоеваний Малфуриона
48160,Брюки завоеваний Малфуриона
48161,Мантия завоеваний Малфуриона
48162,Перчатки завоеваний Малфуриона
48163,Перчатки триумфа Малфуриона
48164,Убор триумфа Малфуриона
48165,Брюки триумфа Малфуриона
48166,Одежды триумфа Малфуриона
48167,Мантия триумфа Малфуриона
48168,Мантия триумфа Малфуриона
48169,Одежды триумфа Малфуриона
48170,Брюки триумфа Малфуриона
48171,Убор триумфа Малфуриона
48172,Перчатки триумфа Малфуриона
48173,Перчатки триумфа Рунического Тотема
48174,Убор триумфа Рунического Тотема
48175,Брюки триумфа Рунического Тотема
48176,Одежды триумфа Рунического Тотема
48177,Мантия триумфа Рунического Тотема
48178,Мантия триумфа Рунического Тотема
48179,Одежды триумфа Рунического Тотема
48180,Брюки триумфа Рунического Тотема
48181,Убор триумфа Рунического Тотема
48182,Перчатки триумфа Рунического Тотема
48183,Перчатки завоеваний Рунического Тотема
48184,Убор завоеваний Рунического Тотема
48185,Брюки завоеваний Рунического Тотема
48186,Одежды завоеваний Рунического Тотема
48187,Мантия завоеваний Рунического Тотема
48188,Наголовник завоеваний Рунического Тотема
48189,Облачение завоеваний Рунического Тотема
48190,Набедренники завоеваний Рунического Тотема
48191,Наплечные пластины завоеваний Рунического Тотема
48192,Боевые перчатки завоеваний Рунического Тотема
48193,Боевые перчатки триумфа Рунического Тотема
48194,Наголовник триумфа Рунического Тотема
48195,Набедренники триумфа Рунического Тотема
48196,Облачение триумфа Рунического Тотема
48197,Наплечные пластины триумфа Рунического Тотема
48198,Наплечные пластины триумфа Рунического Тотема
48199,Облачение триумфа Рунического Тотема
48200,Набедренники триумфа Рунического Тотема
48201,Наголовник триумфа Рунического Тотема
48202,Боевые перчатки триумфа Рунического Тотема
48203,Боевые перчатки триумфа Малфуриона
48204,Наголовник триумфа Малфуриона
48205,Набедренники триумфа Малфуриона
48206,Облачение триумфа Малфуриона
48207,Наплечные пластины триумфа Малфуриона
48208,Наплечные пластины триумфа Малфуриона
48209,Облачение триумфа Малфуриона
48210,Набедренники триумфа Малфуриона
48211,Наголовник триумфа Малфуриона
48212,Боевые перчатки триумфа Малфуриона
48213,Боевые перчатки завоеваний Малфуриона
48214,Наголовник завоеваний Малфуриона
48215,Набедренники завоеваний Малфуриона
48216,Облачение завоеваний Малфуриона
48217,Наплечные пластины завоеваний Малфуриона
48218,Полный шлем завоеваний ван Клифа
48219,Кираса завоеваний ван Клифа
48220,Ножные латы завоеваний ван Клифа
48221,Наплечье завоеваний ван Клифа
48222,Рукавицы завоеваний ван Клифа
48223,Кираса триумфа ван Клифа
48224,Рукавицы триумфа ван Клифа
48225,Полный шлем триумфа ван Клифа
48226,Ножные латы триумфа ван Клифа
48227,Наплечье триумфа ван Клифа
48228,Наплечье триумфа ван Клифа
48229,Ножные латы триумфа ван Клифа
48230,Полный шлем триумфа ван Клифа
48231,Рукавицы триумфа ван Клифа
48232,Кираса триумфа ван Клифа
48233,Кираса триумфа Гароны
48234,Рукавицы триумфа Гароны
48235,Полный шлем триумфа Гароны
48236,Ножные латы триумфа Гароны
48237,Наплечье триумфа Гароны
48238,Наплечье триумфа Гароны
48239,Ножные латы триумфа Гароны
48240,Полный шлем триумфа Гароны
48241,Рукавицы триумфа Гароны
48242,Кираса триумфа Гароны
48243,Кираса завоеваний Гароны
48244,Рукавицы завоеваний Гароны
48245,Полный шлем завоеваний Гароны
48246,Ножные латы завоеваний Гароны
48247,Наплечье завоеваний Гароны
48250,Головной убор завоеваний Ветрокрылых
48251,Мундир завоеваний Ветрокрылых
48252,Набедренники завоеваний Ветрокрылых
48253,Наплеч завоеваний Ветрокрылых
48254,Боевые рукавицы завоеваний Ветрокрылых
48255,Мундир триумфа Ветрокрылых
48256,Боевые рукавицы триумфа Ветрокрылых
48257,Головной убор триумфа Ветрокрылых
48258,Набедренники триумфа Ветрокрылых
48259,Наплеч триумфа Ветрокрылых
48260,Наплеч триумфа Ветрокрылых
48261,Набедренники триумфа Ветрокрылых
48262,Головной убор триумфа Ветрокрылых
48263,Боевые рукавицы триумфа Ветрокрылых
48264,Мундир триумфа Ветрокрылых
48265,Мундир триумфа Ветрокрылых
48266,Боевые рукавицы триумфа Ветрокрылых
48267,Головной убор триумфа Ветрокрылых
48268,Набедренники триумфа Ветрокрылых
48269,Наплеч триумфа Ветрокрылых
48270,Наплеч триумфа Ветрокрылых
48271,Набедренники триумфа Ветрокрылых
48272,Головной убор триумфа Ветрокрылых
48273,Боевые рукавицы триумфа Ветрокрылых
48274,Мундир триумфа Ветрокрылых
48275,Мундир завоеваний Ветрокрылых
48276,Боевые рукавицы завоеваний Ветрокрылых
48277,Головной убор завоеваний Ветрокрылых
48278,Набедренники завоеваний Ветрокрылых
48279,Наплеч завоеваний Ветрокрылых
48280,Головной убор завоеваний Нобундо
48281,Мундир завоеваний Нобундо
48282,Набедренники завоеваний Нобундо
48283,Наплеч завоеваний Нобундо
48284,Боевые рукавицы завоеваний Нобундо
48285,Мундир триумфа Нобундо
48286,Боевые рукавицы триумфа Нобундо
48287,Головной убор триумфа Нобундо
48288,Набедренники триумфа Нобундо
48289,Наплеч триумфа Нобундо
48290,Наплеч триумфа Нобундо
48291,Набедренники триумфа Нобундо
48292,Головной убор триумфа Нобундо
48293,Боевые рукавицы триумфа Нобундо
48294,Мундир триумфа Нобундо
48295,Мундир завоеваний Тралла
48296,Боевые рукавицы завоеваний Тралла
48297,Головной убор завоеваний Тралла
48298,Набедренники завоеваний Тралла
48299,Наплеч завоеваний Тралла
48300,Мундир триумфа Тралла
48301,Боевые рукавицы триумфа Тралла
48302,Головной убор триумфа Тралла
48303,Набедренники триумфа Тралла
48304,Наплеч триумфа Тралла
48305,Мундир триумфа Тралла
48306,Боевые рукавицы триумфа Тралла
48307,Головной убор триумфа Тралла
48308,Набедренники триумфа Тралла
48309,Наплеч триумфа Тралла
48310,Хауберк завоеваний Нобундо
48312,Перчатки завоеваний Нобундо
48313,Шлем завоеваний Нобундо
48314,Килт завоеваний Нобундо
48315,Наплечные пластины завоеваний Нобундо
48316,Хауберк триумфа Нобундо
48317,Перчатки триумфа Нобундо
48318,Шлем триумфа Нобундо
48319,Килт триумфа Нобундо
48320,Наплечные пластины триумфа Нобундо
48321,Наплечные пластины триумфа Нобундо
48322,Килт триумфа Нобундо
48323,Шлем триумфа Нобундо
48324,Перчатки триумфа Нобундо
48325,Хауберк триумфа Нобундо
48326,Хауберк триумфа Тралла
48327,Перчатки триумфа Тралла
48328,Шлем триумфа Тралла
48329,Килт триумфа Тралла
48330,Наплечные пластины триумфа Тралла
48331,Наплечные пластины триумфа Тралла
48332,Килт триумфа Тралла
48333,Шлем триумфа Тралла
48334,Перчатки триумфа Тралла
48335,Хауберк триумфа Тралла
48336,Хауберк завоеваний Тралла
48337,Перчатки завоеваний Тралла
48338,Шлем завоеваний Тралла
48339,Килт завоеваний Тралла
48340,Наплечные пластины завоеваний Тралла
48341,Нагрудный доспех завоеваний Нобундо
48342,Захваты завоеваний Нобундо
48343,Большой шлем завоеваний Нобундо
48344,Боевой килт завоеваний Нобундо
48345,Наплечные щитки завоеваний Нобундо
48346,Нагрудный доспех триумфа Нобундо
48347,Захваты триумфа Нобундо
48348,Большой шлем триумфа Нобундо
48349,Боевой килт триумфа Нобундо
48350,Наплечные щитки триумфа Нобундо
48351,Наплечные щитки триумфа Нобундо
48352,Боевой килт триумфа Нобундо
48353,Большой шлем триумфа Нобундо
48354,Захваты триумфа Нобундо
48355,Нагрудный доспех триумфа Нобундо
48356,Нагрудный доспех триумфа Тралла
48357,Захваты триумфа Тралла
48358,Большой шлем триумфа Тралла
48359,Боевой килт триумфа Тралла
48360,Наплечные щитки триумфа Тралла
48361,Наплечные щитки триумфа Тралла
48362,Боевой килт триумфа Тралла
48363,Большой шлем триумфа Тралла
48364,Захваты триумфа Тралла
48365,Нагрудный доспех триумфа Тралла
48366,Нагрудный доспех завоеваний Тралла
48367,Захваты завоеваний Тралла
48368,Большой шлем завоеваний Тралла
48369,Боевой килт завоеваний Тралла
48370,Наплечные щитки завоеваний Тралла
48371,Полный шлем завоеваний Ринна
48372,Боевой доспех завоеваний Ринна
48373,Ножные латы завоеваний Ринна
48374,Латные наплечники завоеваний Ринна
48375,Рукавицы завоеваний Ринна
48376,Боевой доспех триумфа Ринна
48377,Рукавицы триумфа Ринна
48378,Полный шлем триумфа Ринна
48379,Ножные латы триумфа Ринна
48380,Латные наплечники триумфа Ринна
48381,Латные наплечники триумфа Ринна
48382,Ножные латы триумфа Ринна
48383,Полный шлем триумфа Ринна
48384,Рукавицы триумфа Ринна
48385,Боевой доспех триумфа Ринна
48386,Боевой доспех завоеваний Адского Крика
48387,Рукавицы завоеваний Адского Крика
48388,Полный шлем завоеваний Адского Крика
48389,Ножные латы завоеваний Адского Крика
48390,Латные наплечники завоеваний Адского Крика
48391,Боевой доспех триумфа Адского Крика
48392,Рукавицы триумфа Адского Крика
48393,Полный шлем триумфа Адского Крика
48394,Ножные латы триумфа Адского Крика
48395,Латные наплечники триумфа Адского Крика
48396,Боевой доспех триумфа Адского Крика
48397,Рукавицы триумфа Адского Крика
48398,Полный шлем триумфа Адского Крика
48399,Ножные латы триумфа Адского Крика
48400,Латные наплечники триумфа Адского Крика
48402,Рассекатель неумолимого гладиатора
48404,Крушитель неумолимого гладиатора
48406,Клеймор неумолимого гладиатора
48408,Магический клинок неумолимого гладиатора
48410,Воительский посох неумолимого гладиатора
48412,Острый посох неумолимого гладиатора
48414,Бойцовский посох неумолимого гладиатора
48418,Частица души Черного рыцаря
48420,Изогнутый лук неумолимого гладиатора
48422,Скорострельный арбалет неумолимого гладиатора
48424,Дробовик неумолимого гладиатора
48426,Шинковщик неумолимого гладиатора
48428,Кортик неумолимого гладиатора
48429,Великий шлем завоеваний Ринна
48430,Великий шлем триумфа Ринна
48432,Леворежущее лезвие неумолимого гладиатора
48433,Великий шлем триумфа Ринна
48435,Палач неумолимого гладиатора
48436,Кираса завоеваний Ринна
48438,Молниеносный клинок неумолимого гладиатора
48440,Дробитель неумолимого гладиатора
48442,Потрошитель неумолимого гладиатора
48444,Левый коготь неумолимого гладиатора
48445,Набедренники завоеваний Ринна
48446,Набедренники триумфа Ринна
48447,Набедренники триумфа Ринна
48448,Наплечье завоеваний Ринна
48449,Боевые рукавицы завоеваний Ринна
48450,Кираса триумфа Ринна
48451,Кираса триумфа Ринна
48452,Боевые рукавицы триумфа Ринна
48453,Боевые рукавицы триумфа Ринна
48454,Наплечье триумфа Ринна
48455,Наплечье триумфа Ринна
48456,Кираса завоеваний Адского Крика
48457,Боевые рукавицы завоеваний Адского Крика
48458,Великий шлем завоеваний Адского Крика
48459,Набедренники завоеваний Адского Крика
48460,Наплечье завоеваний Адского Крика
48461,Кираса триумфа Адского Крика
48462,Боевые рукавицы триумфа Адского Крика
48463,Великий шлем триумфа Адского Крика
48464,Набедренники триумфа Адского Крика
48465,Наплечье триумфа Адского Крика
48466,Кираса триумфа Адского Крика
48467,Боевые рукавицы триумфа Адского Крика
48468,Великий шлем триумфа Адского Крика
48469,Набедренники триумфа Адского Крика
48470,Наплечье триумфа Адского Крика
48472,Полный шлем завоеваний Тассариана
48474,Боевой доспех завоеваний Тассариана
48476,Ножные латы завоеваний Тассариана
48478,Латные наплечники завоеваний Тассариана
48480,Рукавицы завоеваний Тассариана
48481,Боевой доспех триумфа Тассариана
48482,Рукавицы триумфа Тассариана
48483,Полный шлем триумфа Тассариана
48484,Ножные латы триумфа Тассариана
48485,Латные наплечники триумфа Тассариана
48486,Латные наплечники триумфа Тассариана
48487,Ножные латы триумфа Тассариана
48488,Полный шлем триумфа Тассариана
48489,Рукавицы триумфа Тассариана
48490,Боевой доспех триумфа Тассариана
48491,Боевой доспех триумфа Кольтиры
48492,Рукавицы триумфа Кольтиры
48493,Полный шлем триумфа Кольтиры
48494,Ножные латы триумфа Кольтиры
48495,Латные наплечники триумфа Кольтиры
48496,Латные наплечники триумфа Кольтиры
48497,Ножные латы триумфа Кольтиры
48498,Полный шлем триумфа Кольтиры
48499,Рукавицы триумфа Кольтиры
48500,Боевой доспех триумфа Кольтиры
48501,Боевой доспех завоеваний Кольтиры
48502,Рукавицы завоеваний Кольтиры
48503,Полный шлем завоеваний Кольтиры
48504,Ножные латы завоеваний Кольтиры
48505,Латные наплечники завоеваний Кольтиры
48507,Одноручный топор неумолимого гладиатора
48509,Шип неумолимого гладиатора
48511,Буздыхан неумолимого гладиатора
48513,Длинный клинок неумолимого гладиатора
48515,Хватка неумолимого гладиатора
48517,Алебарда неумолимого гладиатора
48519,Спасение неумолимого гладиатора
48521,Легкий посох неумолимого гладиатора
48523,Большой посох неумолимого гладиатора
48527,Зачарованный оникс
48529,Большой шлем завоевания Тассариана
48531,Нагрудный доспех завоеваний Тассариана
48533,Набедренники завоевания Тассариана
48535,Наплечье завоевания Тассариана
48537,Боевые рукавицы завоеваний Тассариана
48538,Нагрудный доспех триумфа Тассариана
48539,Боевые рукавицы триумфа Тассариана
48540,Большой шлем триумфа Тассариана
48541,Набедренники триумфа Тассариана
48542,Наплечье триумфа Тассариана
48543,Наплечье триумфа Тассариана
48544,Набедренники триумфа Тассариана
48545,Большой шлем триумфа Тассариана
48546,Боевые рукавицы триумфа Тассариана
48547,Нагрудный доспех триумфа Тассариана
48548,Нагрудный доспех триумфа Кольтиры
48549,Боевые рукавицы триумфа Кольтиры
48550,Большой шлем триумфа Кольтиры
48551,Набедренники триумфа Кольтиры
48552,Наплечье триумфа Кольтиры
48553,Наплечье триумфа Кольтиры
48554,Набедренники триумфа Кольтиры
48555,Большой шлем триумфа Кольтиры
48556,Боевые рукавицы триумфа Кольтиры
48557,Нагрудный доспех триумфа Кольтиры
48558,Нагрудный доспех завоевания Кольтиры
48559,Боевые рукавицы завоевания Кольтиры
48560,Большой шлем завоевания Кольтиры
48561,Набедренники завоевания Кольтиры
48562,Наплечье завоевания Кольтиры
48564,Головной убор завоеваний Туралиона
48566,Мундир завоеваний Туралиона
48568,Наголенники завоеваний Туралиона
48572,Наплеч завоеваний Туралиона
48574,Перчатки завоеваний Туралиона
48575,Мундир триумфа Туралиона
48576,Перчатки триумфа Туралиона
48577,Головной убор триумфа Туралиона
48578,Наголенники триумфа Туралиона
48579,Наплеч триумфа Туралиона
48580,Наплеч триумфа Туралиона
48581,Наголенники триумфа Туралиона
48582,Головной убор триумфа Туралиона
48583,Перчатки триумфа Туралиона
48584,Мундир триумфа Туралиона
48585,Наплеч триумфа Лиадрин
48586,Наголенники триумфа Лиадрин
48587,Головной убор триумфа Лиадрин
48588,Перчатки триумфа Лиадрин
48589,Мундир триумфа Лиадрин
48590,Наплеч триумфа Лиадрин
48591,Наголенники триумфа Лиадрин
48592,Головной убор триумфа Лиадрин
48593,Перчатки триумфа Лиадрин
48594,Мундир триумфа Лиадрин
48595,Наплеч завоеваний Лиадрин
48596,Наголенники завоеваний Лиадрин
48597,Головной убор завоеваний Лиадрин
48598,Перчатки завоеваний Лиадрин
48599,Мундир завоеваний Лиадрин
48601,Боеприпасы для карабина Красного Всадника
48602,Боевой доспех завоеваний Туралиона
48603,Рукавицы завоеваний Туралиона
48604,Шлем завоеваний Туралиона
48605,Ножные латы завоеваний Туралиона
48606,Латные наплечники завоеваний Туралиона
48607,Боевой доспех триумфа Туралиона
48608,Рукавицы триумфа Туралиона
48609,Шлем триумфа Туралиона
48610,Ножные латы триумфа Туралиона
48611,Латные наплечники триумфа Туралиона
48612,Латные наплечники триумфа Туралиона
48613,Ножные латы триумфа Туралиона
48614,Шлем триумфа Туралиона
48615,Рукавицы триумфа Туралиона
48616,Боевой доспех триумфа Туралиона
48617,Боевой доспех триумфа Лиадрин
48618,Рукавицы триумфа Лиадрин
48619,Шлем триумфа Лиадрин
48620,Ножные латы триумфа Лиадрин
48621,Латные наплечники триумфа Лиадрин
48622,Латные наплечники триумфа Лиадрин
48623,Ножные латы триумфа Лиадрин
48624,Шлем триумфа Лиадрин
48625,Рукавицы триумфа Лиадрин
48626,Боевой доспех триумфа Лиадрин
48627,Латные наплечники завоеваний Лиадрин
48628,Ножные латы завоеваний Лиадрин
48629,Шлем завоеваний Лиадрин
48630,Рукавицы завоеваний Лиадрин
48631,Боевой доспех завоеваний Лиадрин
48632,Кираса завоеваний Туралиона
48633,Боевые рукавицы завоеваний Туралиона
48634,Большой шлем завоеваний Туралиона
48635,Набедренники завоеваний Туралиона
48636,Наплечные щитки завоеваний Туралиона
48637,Наплечные щитки триумфа Туралиона
48638,Набедренники триумфа Туралиона
48639,Большой шлем триумфа Туралиона
48640,Боевые рукавицы триумфа Туралиона
48641,Кираса триумфа Туралиона
48642,Кираса триумфа Туралиона
48643,Боевые рукавицы триумфа Туралиона
48644,Большой шлем триумфа Туралиона
48645,Набедренники триумфа Туралиона
48646,Наплечные щитки триумфа Туралиона
48647,Наплечные щитки триумфа Лиадрин
48648,Набедренники триумфа Лиадрин
48649,Большой шлем триумфа Лиадрин
48650,Боевые рукавицы триумфа Лиадрин
48651,Кираса триумфа Лиадрин
48652,Кираса завоеваний Лиадрин
48653,Боевые рукавицы завоеваний Лиадрин
48654,Большой шлем завоеваний Лиадрин
48655,Набедренники завоеваний Лиадрин
48656,Наплечные щитки завоеваний Лиадрин
48657,Кираса триумфа Лиадрин
48658,Боевые рукавицы триумфа Лиадрин
48659,Большой шлем триумфа Лиадрин
48660,Набедренники триумфа Лиадрин
48661,Наплечные щитки триумфа Лиадрин
48663,Пинта Ужаса
48666,Пелерина Похитителей Солнца
48667,Шаль благочестивого рыцаря
48668,Плащ зазубренных клинков
48669,Плащ торжествующего бойца
48670,Плащ стойкого стража
48671,Пелерина мучительных заклинаний
48672,Шаль ревностного рыцаря
48673,Плащ Серебряного союза
48674,Плащ победившего бойца
48675,Плащ неподвижного стража
48677,Кираса несущего смерть чемпиона
48679,Промокший рецепт
48681,Промокший рецепт
48683,Мистический жилет стихий
48685,Полированная кираса доблести
48687,Вычищенная железноперая кираса
48689,Испачканный мундир незаметности
48691,Изорванное одеяние Багрового тумана
48693,Крушитель сердец
48695,"Мор\'кош, разрушитель крови"
48697,Длинный лук приступа бешенства
48699,Кровь и слава
48701,Сбор заклинаний
48703,Скуловорот
48705,Неистинное раскаяние
48708,Клинок чародейской бури
48709,Дробитель сердец
48710,Широта идеала
48711,"Рок\'шалла, убийца теней"
48712,Хребтолом
48713,Лезвие Лотара
48714,Честь павших
48716,Древний молот Макхоуэна
48718,Переналаженный лавовый отвал
48720,Символ когтя
48722,Осколок хрустального сердца
48724,Талисман восстановления
48725,Рукавицы Кадгара
48726,Капюшон Кадгара
48727,Поножи Кадгара
48728,Одеяние Кадгара
48729,Наплечные пластины Кадгара
48730,Рукавицы Солнечного Скитальца
48731,Капюшон Солнечного Скитальца
48732,Поножи Солнечного Скитальца
48733,Одеяние Солнечного Скитальца
48734,Наплечные пластины Солнечного Скитальца
48735,Перчатки Гул\'дана
48736,Капюшон Гул\'дана
48737,Поножи Гул\'дана
48738,Одеяние Гул\'дана
48739,Наплечные пластины Гул\'дана
48740,Перчатки Кел\'Тузада
48741,Капюшон Кел\'Тузада
48742,Поножи Кел\'Тузада
48743,Одеяние Кел\'Тузада
48744,Наплечные пластины Кел\'Тузада
48745,Клобук Велена
48746,Перчатки Велена
48747,Поножи Велена
48748,Одеяние Велена
48749,Наплечные пластины Велена
48750,Клобук Забры
48751,Перчатки Забры
48752,Поножи Забры
48753,Одеяние Забры
48754,Наплечные пластины Забры
48755,Венец Велена
48756,Повязки Велена
48757,Мантия Велена
48758,Штаны Велена
48759,Облачение Велена
48760,Венец Забры
48761,Повязки Забры
48762,Мантия Забры
48763,Штаны Забры
48764,Облачение Забры
48769,Боевые рукавицы Рунического Тотема
48770,Головной убор Рунического Тотема
48771,Поножи Рунического Тотема
48772,Одеяние Рунического Тотема
48773,Наплеч Рунического Тотема
48774,Боевые рукавицы Малфуриона
48775,Головной убор Малфуриона
48776,Поножи Малфуриона
48777,Одеяние Малфуриона
48778,Наплеч Малфуриона
48781,Убор Рунического Тотема
48782,Перчатки Рунического Тотема
48783,Мантия Рунического Тотема
48784,Брюки Рунического Тотема
48785,Одежды Рунического Тотема
48786,Убор Малфуриона
48787,Перчатки Малфуриона
48788,Мантия Малфуриона
48789,Брюки Малфуриона
48790,Одежды Малфуриона
48794,Боевые перчатки Рунического Тотема
48795,Наголовник Рунического Тотема
48796,Набедренники Рунического Тотема
48797,Облачение Рунического Тотема
48798,Наплечные пластины Рунического Тотема
48799,Боевые перчатки Малфуриона
48800,Наголовник Малфуриона
48801,Набедренники Малфуриона
48802,Облачение Малфуриона
48803,Наплечные пластины Малфуриона
48804,Кираса Гароны
48805,Рукавицы Гароны
48806,Полный шлем Гароны
48807,Ножные латы Гароны
48808,Наплечье Гароны
48809,Кираса ван Клифа
48810,Рукавицы ван Клифа
48811,Полный шлем ван Клифа
48812,Ножные латы ван Клифа
48813,Наплечье ван Клифа
48814,Боевые рукавицы Ветрокрылых
48815,Головной убор Ветрокрылых
48816,Набедренники Ветрокрылых
48817,Наплеч Ветрокрылых
48818,Мундир Ветрокрылых
48819,Боевые рукавицы Ветрокрылых
48820,Головной убор Ветрокрылых
48821,Набедренники Ветрокрылых
48822,Наплеч Ветрокрылых
48823,Мундир Ветрокрылых
48824,Боевые рукавицы Нобундо
48825,Головной убор Нобундо
48826,Набедренники Нобундо
48827,Наплеч Нобундо
48828,Мундир Нобундо
48829,Боевые рукавицы Тралла
48830,Головной убор Тралла
48831,Набедренники Тралла
48832,Наплеч Тралла
48833,Мундир Тралла
48836,Перчатки Нобундо
48837,Хауберк Нобундо
48838,Шлем Нобундо
48839,Килт Нобундо
48840,Наплечные пластины Нобундо
48841,Перчатки Тралла
48842,Хауберк Тралла
48843,Шлем Тралла
48844,Килт Тралла
48845,Наплечные пластины Тралла
48846,Нагрудный доспех Нобундо
48847,Большой шлем Нобундо
48848,Захваты Нобундо
48849,Наплечные щитки Нобундо
48850,Боевой килт Нобундо
48851,Нагрудный доспех Тралла
48852,Большой шлем Тралла
48853,Захваты Тралла
48854,Наплечные щитки Тралла
48855,Боевой килт Тралла
48860,Боевой доспех Адского Крика
48861,Рукавицы Адского Крика
48862,Полный шлем Адского Крика
48863,Ножные латы Адского Крика
48864,Латные наплечники Адского Крика
48865,Боевой доспех Ринна
48866,Рукавицы Ринна
48867,Полный шлем Ринна
48868,Ножные латы Ринна
48869,Латные наплечники Ринна
48870,Кираса Адского Крика
48871,Великий шлем Адского Крика
48872,Боевые рукавицы Адского Крика
48873,Набедренники Адского Крика
48874,Наплечье Адского Крика
48875,Кираса Ринна
48876,Великий шлем Ринна
48877,Боевые рукавицы Ринна
48878,Набедренники Ринна
48879,Наплечье Ринна
48880,Боевой доспех Кольтиры
48881,Рукавицы Кольтиры
48882,Полный шлем Кольтиры
48883,Ножные латы Кольтиры
48884,Латные наплечники Кольтиры
48885,Боевой доспех Тассариана
48886,Рукавицы Тассариана
48887,Полный шлем Тассариана
48888,Ножные латы Тассариана
48889,Латные наплечники Тассариана
48890,Нагрудный доспех Кольтиры
48891,Большой шлем Кольтиры
48892,Боевые рукавицы Кольтиры
48893,Набедренники Кольтиры
48894,Наплечье Кольтиры
48895,Нагрудный доспех Тассариана
48896,Большой шлем Тассариана
48897,Боевые рукавицы Тассариана
48898,Набедренники Тассариана
48899,Наплечье Тассариана
48900,Мундир Туралиона
48901,Наплеч Туралиона
48902,Головной убор Туралиона
48903,Наголенники Туралиона
48904,Перчатки Туралиона
48905,Мундир Лиадрин
48906,Наплеч Лиадрин
48907,Головной убор Лиадрин
48908,Наголенники Лиадрин
48909,Перчатки Лиадрин
48910,Боевой доспех Лиадрин
48911,Рукавицы Лиадрин
48912,Шлем Лиадрин
48913,Ножные латы Лиадрин
48914,Латные наплечники Лиадрин
48915,Боевой доспех Туралиона
48916,Рукавицы Туралиона
48917,Шлем Туралиона
48918,Ножные латы Туралиона
48919,Латные наплечники Туралиона
48922,Кираса Лиадрин
48923,Большой шлем Лиадрин
48924,Боевые рукавицы Лиадрин
48925,Набедренники Лиадрин
48926,Наплечные щитки Лиадрин
48927,Кираса Туралиона
48928,Большой шлем Туралиона
48929,Боевые рукавицы Туралиона
48930,Набедренники Туралиона
48931,Наплечные щитки Туралиона
48933,Генератор червоточины: Нордскол
48945,Гномская мыслительная шапка
48954,Гравированное кольцо Кирин-Тора
48955,Гравированная петля Кирин-Тора
48956,Гравированный перстень Кирин-Тора
48957,Гравированная печатка Кирин-Тора
48974,Наручные обмотки господства из кузни титанов
48975,Наручные обмотки спасения из кузни титанов
48976,Наручные обмотки триумфа из кузни титанов
48977,Наручи спасения из кузни титанов
48978,Наручи триумфа из кузни титанов
48979,Манжеты спасения из кузни титанов
48980,Накулачники господства из кузни титанов
48981,Накулачники спасения из кузни титанов
48982,Накулачники триумфа из кузни титанов
48983,Плетеные поножи триумфа из кузни титанов
48987,Кожаные набедренники спасения из кузни титанов
48988,Кожаные набедренники триумфа из кузни титанов
48990,Кольчужные поножи господства из кузни титанов
48991,Матерчатые поножи спасения из кузни титанов
48992,Латные набедренники спасения из кузни титанов
48993,Латные набедренники триумфа из кузни титанов
48994,Кольчатые поножи спасения из кузни титанов
48997,Матерчатые брюки владычества из кузни титанов
48998,Кожаные набедренники господства из кузни титанов
48999,Кольцо влияния из кузни титанов
49000,Кольцо победы из кузни титанов
49040,Дживс
49044,Стремительный скакун Альянса
49046,Стремительный ордынский волк
49050,Схема: Дживс
49052,Гербовая накидка завоевания
49054,Гербовая накидка завоевания
49074,Хромированная подставка Корена
49076,Мифриловые карманные часы
49078,Древнее маринованное яйцо
49080,Сувенир буяна
49084,Символ властности
49086,Гербовая накидка неумолимого гладиатора
49096,Белый боевой конь крестоносца
49098,Вороной боевой конь крестоносца
49110,Слеза кошмаров
49112,Эскиз: слеза кошмаров
49116,Амулет горького темного пива
49118,Амулет пузырящегося светлого пива
49120,Кровавая розочка Худовара
49121,Кольцо ликования вурдалака
49123,Печать Всадника
49124,Кольцо злобной ведьмы
49126,Ужасающий шлем Всадника
49128,Губительный клинок Всадника
49177,Фолиант Полетов в непогоду
49179,Шнурованный ремень рвения неумолимого гладиатора
49181,Манжеты рвения неумолимого гладиатора
49183,Ботфорты рвения неумолимого гладиатора
49185,Жезл рвения неумолимого гладиатора
49187,Компендиум неумолимого гладиатора
49189,Клинок рвения неумолимого гладиатора
49191,Клинок проворства неумолимого гладиатора
49192,Справка Орды о полученной травме
49193,Справка Альянса о полученной травме
49205,Маленький свиток
49209,Мутировавшая рассветница
49223,Разрешение
49227,Клык Сколла
49231,Сапоги скорбящей души
49232,Сандалии скорбящей души
49233,Сандалии скорбящей души
49234,Сапоги скорбящей души
49235,Сапоги нескончаемой пытки
49236,Башмаки нескончаемой пытки
49237,Башмаки нескончаемой пытки
49238,Сапоги нескончаемой пытки
49278,Гоблинский ракетный ускоритель
49282,Большой боевой медведь
49283,Поводья призрачного тигра
49284,Поводья резвого призрачного тигра
49285,Ракета Пустоты X-51
49286,ИКС-ключительная ракета Пустоты X-51
49287,Клыкаррский воздушный змей
49288,Свисток маленького палевого ящера
49289,Узда белого жеребенка
49290,Яйцо волшебного петуха
49294,Пепельный мешочек с самоцветами
49295,Большой заплечный мешок из шкуры Ониксии
49296,Обожженный Вис\'каг Кровопускатель
49297,Сокрушительный смертоносец
49298,Блистающий магический клинок лазурной песни
49299,Клинок с остро отточенным обсидиановым лезвием
49301,Укрощенный громовой удар
49302,Укрощенный удар Тьмы
49303,Искристый Кель\'Серрар
49304,Заостренный клык тайн
49305,Взрывострел с обрезным стволом
49306,Колье Эсхандара
49307,Развевающаяся пелерина Сапфирона
49308,Древний краеугольный гримуар
49309,Руническое кольцо обета
49310,Очищенный обломок чешуи
49312,Очищенный кровный талисман Ониксии
49313,Полированный перстень драконоборца
49314,Искрящаяся подвеска клыка Ониксии
49315,Черепник возмездия
49316,Венец превосходства
49317,Венок превосходства
49318,Капюшон ветра Пустоты
49319,Полный шлем охотника на драконов
49320,Большой шлем гнева
49321,Великий шлем гнева
49322,Маска Кровавых Клыков
49323,Убор правосудия
49324,Полный шлем правосудия
49325,Шлем правосудия
49326,Капюшон Ярости Бури
49327,Рога Ярости Бури
49328,Шлем Ярости Бури
49329,Взгляд десяти бурь
49330,Клобук десяти бурь
49331,Капюшон десяти бурь
49332,Закаленный льдом кольцевой шлем
49333,Закаленный льдом полный шлем
49334,Чешуя Ониксии 2.0
51444,Леворежущее лезвие разгневанного гладиатора
51445,Костолом разгневанного гладиатора
51446,Палач разгневанного гладиатора
51447,Быстрый клинок разгневанного гладиатора
51448,Молниеносный клинок разгневанного гладиатора
51449,Винтовка разгневанного гладиатора
51450,Дробовик разгневанного гладиатора
51451,Жезл рвения разгневанного гладиатора
51452,Барьер разгневанного гладиатора
51453,Молоток разгневанного гладиатора
51454,Спасение разгневанного гладиатора
51455,Оплот разгневанного гладиатора
51456,Энергетический посох разгневанного гладиатора
51457,Легкий посох разгневанного гладиатора
51458,Плетеный доспех разгневанного гладиатора
51459,Плетеные рукавицы разгневанного гладиатора
51460,Плетеный шлем разгневанного гладиатора
51461,Плетеные поножи разгневанного гладиатора
51462,Плетеный наплеч разгневанного гладиатора
51463,Шелковое облачение разгневанного гладиатора
51464,Шелковые боевые рукавицы разгневанного гладиатора
51465,Шелковый клобук разгневанного гладиатора
51466,Шелковые брюки разгневанного гладиатора
51467,Шелковый нарамник разгневанного гладиатора
51468,Украшенный нагрудный доспех разгневанного гладиатора
51469,Украшенные перчатки разгневанного гладиатора
51470,Украшенный шлем разгневанного гладиатора
51471,Украшенные ножные латы разгневанного гладиатора
51472,Манускрипт правосудия разгневанного гладиатора
51473,Украшенный наплеч разгневанного гладиатора
51474,Чешуйчатый нагрудник разгневанного гладиатора
51475,Чешуйчатые рукавицы разгневанного гладиатора
51476,Чешуйчатый шлем разгневанного гладиатора
51477,Чешуйчатые набедренники разгневанного гладиатора
51478,Манускрипт стойкости разгневанного гладиатора
51479,Чешуйчатые наплечники разгневанного гладиатора
51480,Пика разгневанного гладиатора
51481,Алебарда разгневанного гладиатора
51482,Одеяние разгневанного гладиатора из луноткани
51483,Перчатки разгневанного гладиатора из луноткани
51484,Капюшон разгневанного гладиатора из луноткани
51485,Поножи разгневанного гладиатора из луноткани
51486,Мантия разгневанного гладиатора из луноткани
51487,Атласное одеяние разгневанного гладиатора
51488,Атласные перчатки разгневанного гладиатора
51489,Атласный капюшон разгневанного гладиатора
51490,Атласные поножи разгневанного гладиатора
51491,Атласная мантия разгневанного гладиатора
51492,Кожаный мундир разгневанного гладиатора
51493,Кожаные перчатки разгневанного гладиатора
51494,Кожаный шлем разгневанного гладиатора
51495,Кожаные набедренники разгневанного гладиатора
51496,Кожаный наплеч разгневанного гладиатора
51497,Кольчатый доспех разгневанного гладиатора
51498,Кольчатые рукавицы разгневанного гладиатора
51499,Кольчатый шлем разгневанного гладиатора
51500,Кольчатые поножи разгневанного гладиатора
51501,Тотем третьего ветра разгневанного гладиатора
51502,Кольчатый наплеч разгневанного гладиатора
51503,Клепаный доспех разгневанного гладиатора
51504,Клепаные рукавицы разгневанного гладиатора
51505,Клепаный шлем разгневанного гладиатора
51506,Клепаные поножи разгневанного гладиатора
51507,Тотем неукротимости разгневанного гладиатора
51508,Клепаный наплеч разгневанного гладиатора
51509,Кольчужный доспех разгневанного гладиатора
51510,Кольчужные рукавицы разгневанного гладиатора
51511,Кольчужный шлем разгневанного гладиатора
51512,Кольчужные поножи разгневанного гладиатора
51513,Тотем выживания разгневанного гладиатора
51514,Кольчужный наплеч разгневанного гладиатора
51515,Колун разгневанного гладиатора
51516,Одноручный топор разгневанного гладиатора
51517,Заточка разгневанного гладиатора
51518,Шип разгневанного гладиатора
51519,Пробойник разгневанного гладиатора
51520,Буздыхан разгневанного гладиатора
51521,Тесак разгневанного гладиатора
51522,Длинный клинок разгневанного гладиатора
51523,Правый потрошитель разгневанного гладиатора
51524,Хватка разгневанного гладиатора
51525,Секач разгневанного гладиатора
51526,Дробитель разгневанного гладиатора
51527,Расчленитель разгневанного гладиатора
51528,Потрошитель разгневанного гладиатора
51529,Левый коготь разгневанного гладиатора
51530,Леворежущий воздаятель разгневанного гладиатора
51531,Пронзающее прикосновение разгневанного гладиатора
51532,Светящийся жезл разгневанного гладиатора
51533,Осадный щит разгневанного гладиатора
51534,Гербовая накидка разгневанного гладиатора
51535,Боевое лезвие разгневанного гладиатора
51536,Облачение разгневанного гладиатора из ткани Скверны
51537,Боевые рукавицы разгневанного гладиатора из ткани Скверны
51538,Клобук разгневанного гладиатора из ткани Скверны
51539,Брюки разгневанного гладиатора из ткани Скверны
51540,Нарамник разгневанного гладиатора из ткани Скверны
51541,Латный нагрудник разгневанного гладиатора
51542,Латные рукавицы разгневанного гладиатора
51543,Латный шлем разгневанного гладиатора
51544,Латные набедренники разгневанного гладиатора
51545,Латные наплечники разгневанного гладиатора
51548,Ошейник высочайшего презрения
51550,Инкрустированные бивневой костью поножи
51551,Нагрудный доспех переливающихся стихий
51552,Наплечные пластины опаляющего поцелуя
51553,Кровавый ноготь Лана\'тель
51554,Клобук пагубного спокойствия
51555,Утягивающий боевой пояс
51556,Венорежущие рукавицы
51557,Руническая печатка Кирин-Тора
51558,Руническая петля Кирин-Тора
51559,Рунический перстень Кирин-Тора
51560,Руническое кольцо Кирин-Тора
51561,Карабин охотника снов
51562,Бычье сердце
51563,Наручники тайги
51564,Имирьярский пояс из железной нити
51565,Наплечники из кожи дракончика
51566,Набедренники кошмарного сна
51568,Подвеска влияния из кузни титанов
51569,Подвеска победы из кузни титанов
51570,Плащ влияния из кузни титанов
51571,Плащ победы из кузни титанов
51572,Наплечные пластины спасения из кузни титанов
51573,Наплечные пластины владычества из кузни титанов
51574,Наплеч господства из кузни титанов
51575,Наплеч спасения из кузни титанов
51576,Наплеч триумфа из кузни титанов
51577,Наплечники триумфа из кузни титанов
51578,Наплечники господства из кузни титанов
51579,Наплечники спасения из кузни титанов
51580,Латные наплечники триумфа из кузни титанов
51581,Латные наплечники спасения из кузни титанов
51582,Эфирный посох Сестры Свалны
51583,Перчатки вестника шторма
51584,Длинный плащ лича
51585,Каркасный шлем Сестры Свалны
51586,Изумрудный наплеч святого
51682,Латные наплечники повелителя Плети
51683,Ножные латы повелителя Плети
51684,Полный шлем повелителя Плети
51685,Рукавицы повелителя Плети
51686,Боевой доспех повелителя Плети
51687,Нагрудный доспех повелителя Плети
51688,Боевые рукавицы повелителя Плети
51689,Большой шлем повелителя Плети
51690,Набедренники повелителя Плети
51691,Наплечье повелителя Плети
51692,Плеточное наплечье
51693,Плеточные ножные латы
51694,Плеточный полный шлем
51695,Плеточные рукавицы
51696,Плеточные одеяния
51697,Плеточное облачение
51698,Плеточные боевые перчатки
51699,Плеточный наголовник
51700,Плеточные набедренники
51701,Плеточные наплечные пластины
51702,Плеточные одежды
51703,Плеточные перчатки
51704,Плеточный убор
51705,Плеточные брюки
51706,Плеточное оплечье
51707,Мундир ан\'кахарского охотника за кровью
51708,Наплеч ан\'кахарского охотника за кровью
51709,Набедренники ан\'кахарского охотника за кровью
51710,Головной убор ан\'кахарского охотника за кровью
51711,Боевые рукавицы ан\'кахарского охотника за кровью
51712,Наплечные пластины волшебника крови
51713,Одеяние волшебника крови
51714,Поножи волшебника крови
51715,Капюшон волшебника крови
51716,Перчатки волшебника крови
51717,Боевой доспех клятвы Свету
51718,Рукавицы клятвы Свету
51719,Полный шлем клятвы Свету
51720,Ножные латы клятвы Свету
51721,Латные наплечники клятвы Свету
51722,Мундир клятвы Свету
51723,Перчатки клятвы Свету
51724,Головной убор клятвы Свету
51725,Наголенники клятвы Свету
51726,Наплеч клятвы Свету
51727,Нагрудный доспех клятвы Свету
51728,Боевые рукавицы клятвы Свету
51729,Большой шлем клятвы Свету
51730,Набедренники клятвы Свету
51731,Наплечные щитки клятвы Свету
51732,Поножи послушника из Багрового Легиона
51733,Одеяние послушника из Багрового Легиона
51734,Наплечные пластины послушника из Багрового Легиона
51735,Перчатки послушника из Багрового Легиона
51736,Капюшон послушника из Багрового Легиона
51737,Клобук послушника из Багрового Легиона
51738,Повязки послушника из Багрового Легиона
51739,Мантия послушника из Багрового Легиона
51740,Облачение послушника из Багрового Легиона
51741,Штаны послушника из Багрового Легиона
51742,Рукавицы теневого клинка
51743,Кираса теневого клинка
51744,Ножные латы теневого клинка
51745,Полный шлем теневого клинка
51746,Наплечье теневого клинка
51747,Мундир ледяной ведьмы
51748,Боевые рукавицы ледяной ведьмы
51749,Головной убор ледяной ведьмы
51750,Набедренники ледяной ведьмы
51751,Наплеч ледяной ведьмы
51752,Нагрудный доспех ледяной ведьмы
51753,Захваты ледяной ведьмы
51754,Большой шлем ледяной ведьмы
51755,Боевой килт ледяной ведьмы
51756,Наплечные щитки ледяной ведьмы
51757,Хауберк ледяной ведьмы
51758,Перчатки ледяной ведьмы
51759,Шлем ледяной ведьмы
51760,Килт ледяной ведьмы
51761,Наплечные пластины ледяной ведьмы
51762,Наплечные пластины мрачного шабаша
51763,Одеяние мрачного шабаша
51764,Поножи мрачного шабаша
51765,Капюшон мрачного шабаша
51766,Перчатки мрачного шабаша
51767,Латные наплечники имирьярского повелителя
51768,Ножные латы имирьярского повелителя
51769,Полный шлем имирьярского повелителя
51770,Рукавицы имирьярского повелителя
51771,Боевой доспех имирьярского повелителя
51772,Кираса имирьярского повелителя
51773,Боевые рукавицы имирьярского повелителя
51774,Великий шлем имирьярского повелителя
51775,Набедренники имирьярского повелителя
51776,Наплечье имирьярского повелителя
51777,Поножи сломленного разума
51779,Подвеска инеевого узора
51782,Гравированный ремень из драконьей кости
51783,Тяжелые наручи королевы ледяных змеев
51784,Расщепленный осколок
51785,Ботфорты драконьего крыла
51786,Ножные латы небесного раздора
51787,Высокие шипованные ботинки Плети
51788,Стылый хладаррский резак
51789,Полировщики сосулек
51790,Одеяния лазурного падения
51791,Утерянная павеза синих драконов
51792,Наплечные щитки из кристаллической кости
51795,"Проклятье Трогга, секира зиморожденного короля"
51796,Боевая палица Менетила
51797,Оскверненная ветвь Нордрассила
51798,"Валий, молот Светоносного"
51799,"Халион, посох забытой любви"
51800,"Ярость Шторма, черный клинок Предателя"
51801,"Пугиус, боевая перчатка неповиновения"
51802,Пронзатель сердец Ветрокрылых
51803,"Тель\'тас, кинжал Кровавого короля"
51804,Взгляд казановы
51805,Оберег разбитого сердца
51806,Осколок пируэтов счастья
51807,Кулон со сладким ароматом
51808,Колье чистого сердца
51809,Переносная дыра в пространстве
51811,Наплечные щитки из кристаллической кости
51812,Утерянная павеза синих драконов
51813,Одеяния лазурного падения
51814,Полировщики сосулек
51815,Стылый хладаррский резак
51816,Высокие шипованные ботинки Плети
51817,Ножные латы небесного раздора
51818,Ботфорты драконьего крыла
51819,Расщепленный осколок
51820,Тяжелые наручи королевы ледяных змеев
51821,Гравированный ремень из драконьей кости
51822,Подвеска инеевого узора
51823,Поножи сломленного разума
51824,Изумрудный наплеч святого
51825,Каркасный шлем Сестры Свалны
51826,Длинный плащ лича
51827,Перчатки вестника шторма
51828,Эфирный посох Сестры Свалны
51829,Набедренники кошмарного сна
51830,Наплечники из кожи дракончика
51831,Имирьярский пояс из железной нити
51832,Наручники тайги
51833,Бычье сердце
51834,Карабин охотника снов
51835,Венорежущие рукавицы
51836,Утягивающий боевой пояс
51837,Клобук пагубного спокойствия
51838,Кровавый ноготь Лана\'тель
51839,Наплечные пластины опаляющего поцелуя
51840,Нагрудный доспех переливающихся стихий
51841,Инкрустированные бивневой костью поножи
51842,Ошейник высочайшего презрения
51843,Печать королевы сумерек
51844,Пастераздирающие боевые рукавицы
51845,Копьестрел
51846,Кровоглот
51847,Наплеч Кровавых принцев
51848,Накидка удрученного целителя
51849,Плетеное рубиновое кольцо
51850,Сапоги бледного трупа
51851,Облачениe кровавого духа
51852,Жезл багряной крови
51853,Ремень кровопийцы
51854,Набедренники воительницы
51855,Печатка тройных клыков
51856,Мягкие туфли Талдарама
51857,Большое копье Герсира
51858,Душегуб
51859,Наплечники губительной немощи
51860,Килт из пульсирующей плоти
51861,Бригантина заражения крови
51862,Клейменый шнурованный ремень
51863,Подвеска раздвоенных вен
51864,Наплечные пластины отвратительного ритуала
51865,Скальпельные наплечные щитки
51866,Выброшенный мешок внутренностей
51867,Зараженное колье
51868,Скальпель для кромсания плоти
51869,Пластический хирург
51870,Нагрудный доспех провалившегося эксперимента
51871,Колье из порочных бриллиантов
51872,Наручи эфирного погружения
51873,Шаркающие ботинки
51874,Перчатки сломанных пальцев
51875,Столбняк
51876,Кастет поганища
51877,Затрудняющий обзор шлем Талдрона
51878,Разрушающее кольцо Гниломорда
51879,Ремешок ваятеля плоти
51880,Точный нож Глута
51881,Стержень прозрачного льда
51882,Килт открытых ран
51883,Наплечные щитки кровавого хирурга
51884,Печатка гниения
51885,Накулачники септического шока
51886,Газовые перчатки Тухлопуза
51887,Абракадавр
51888,Многослойный кожаный плащ
51889,Впитавшие чуму кожаные поножи
51890,Прогнивший ошейник Прелести
51891,Нечищеные высокие сапоги Талдрона
51892,Напалечники гниения
51893,Выворачиватель кишок
51894,Подвеска расколотой души
51895,Ножные латы из Кузницы Смерти
51896,Сверкающий клобук чудотворца
51897,Поножи нескончаемого кровопролития
51898,Посох вождя маг\'харов
51899,Сандали ледяного шпиля
51900,Закаленное льдом кольцо Саурфанга
51901,Наручи плевка горгульи
51902,Выщербленный панцирь
51903,Хауберк тысячи порезов
51904,Душители Плети
51905,Клинок очищения Рамаладни
51906,Укрепленный льдом врайкульский шлем
51907,Наручи бледного свечения
51908,Шнурованный ремень темного страдания
51909,Вечная зима
51910,Полночное солнце
51911,Наплечье утраченной надежды
51912,Плащ саронитовой горгульи
51913,Окровавленное кольцо поганища
51914,Наручи ледяного бастиона
51915,Эмалированные сапоги ледяного дракона
51916,Колун снежного великана
51917,Панцирь предводителя вурдалаков
51918,Наручи темных благословений
51919,Пояс вестника смерти - ученика
51920,Сапоги вымерзшего семени
51921,Сестринские митенки
51922,Жезл Повелителя Плети
51923,Нагрудный доспех хладных уз
51924,Шлем вестника смерти - ревнителя
51925,Оплетенный пояс похитителя душ
51926,Боевые перчатки из льда и мокрого снега
51927,Ньорндарский костяной лук
51928,Оскверненные серебряные латные поножи
51929,Наручи хладного духа
51930,Шнурованный ремень заботливого лекаря
51931,Древние костяные сапоги
51932,Ледяная игла
51933,Шаль из нерубского шелка
51934,Колючий ошейник Ребрада
51935,Переплетенный позвоночник воина Плети
51936,Клеймор охранника цитадели
51937,Скипетр костедробильщика
51938,Дробитель костяного хранителя
51939,"Тель\'тас, кинжал Кровавого короля"
51940,Пронзатель сердец Ветрокрылых
51941,"Пугиус, боевая перчатка неповиновения"
51942,"Ярость Шторма, черный клинок Предателя"
51943,"Халион, посох забытой любви"
51944,"Валий, молот Светоносного"
51945,Оскверненная ветвь Нордрассила
51946,Боевая палица Менетила
51947,"Проклятье Трогга, секира зиморожденного короля"
51954,Поводья обагренного ледяного покорителя
51955,Поводья неуклонного ледяного покорителя
51958,Нетронутая шкура светящегося медведя
51959,Пояс неутомимости
51960,Перчатки неутомимости
51961,Наплечные щитки неутомимости
51962,Наручи неутомимости
51963,Высокие ботинки неутомимости
51964,Пояс неутомимости
51965,Боевые рукавицы неутомимости
51966,Наплеч неутомимости
51967,Пронумерованные сандалии
51968,Номерная опояска
51969,Пронумерованные наплечи
51970,Пронумерованные перчатки
51971,Пронумерованный пояс
51972,Пронумерованные наручи
51973,Пронумерованные повязки
51974,Пронумерованные наплечные пластины
51975,Наплечи связи с землей
51976,Наплечные щитки связи с землей
51977,Ремень связи с землей
51978,Ремень связи с землей
51979,Захваты связи с землей
51980,Боевые перчатки связи с землей
51981,Накулачники связи с землей
51982,Сапоги связи с землей
51983,Стойкие наплечные щитки
51984,Стойкие наплечные пластины
51985,Стойкий пояс
51987,Стойкие захваты
51989,Стойкие поручи
51990,Стойкие ботфорты
51991,Штормовая печатка
51992,Перстень беспокойства
51993,Штормовой плащ
51994,Плащ беспокойства
51995,Штормовое ожерелье
51996,Ожерелье беспокойства
51997,Стойкий наплеч
51998,Наплеч неутомимости
51999,Сумка с полезными вещами
52000,Сумка с полезными вещами
52001,Сумка с полезными вещами
52002,Сумка с полезными вещами
52003,Сумка с полезными вещами
52004,Сумка с полезными вещами
52005,Сумка с полезными вещами
52006,Мешок ледяных сокровищ
52011,Monster - Dreadlord\'s Blade
52019,Ленточка Прелести
52020,Осколочные патроны
52021,Стрела с ледяным наконечником
52022,Чертеж: осколочные патроны
52023,Чертеж: стрела с ледяным наконечником
52025,Знак освящения покорителя
52026,Знак освящения защитника
52027,Знак освящения завоевателя
52028,Знак освящения покорителя
52029,Знак освящения защитника
52030,Знак освящения завоевателя
52062,"Monster - Sword 2H, Icecrown Citadel - Valanar"
52189,Сапта стихий
52200,Поводья багрового коня смерти
52201,Благоволение Мурадина
52202,Сапта стихий
52251,Медальон Джайны
52252,Гербовая накидка Светоносного
52253,Музыкальная шкатулка Сильваны
52272,Тотем очищения
52274,Припасы Служителей Земли
52275,Скрижали земли
52276,Скрижали огня
52344,Припасы Служителей Земли
52345,Тотем очищения
52541,Радиометрозиметр
52562,"\""Стенания души в пламени первородного огня\"""
52563,"\""Конец всего сущего – правда и домыслы\"""
52565,"\""Мир обречен, но дух мой чист и безмятежен…\"""
52566,Мотиват-о-трон
52567,Test Buyback Gold Cost Ring
52569,Пепельное кольцо мощи
52570,Пепельное кольцо великой мощи
52571,Пепельное кольцо непревзойденной мощи
52572,Пепельное кольцо безграничной мощи
52676,Ларь хранителя энергии
52706,Предупредительный плакат
52707,Предупредительный плакат
52709,Гномское воспроизводящее устройство
52729,Одеяние рекрута
52731,Речь для Меггакрута
52835,Ловушки с элементалями
53048,Послание о Судном дне
53097,Гномреганская пелерина
53103,Дар Балтара
53110,Подношение Заритриана
53111,Ботфорты потомка
53112,Наручи наследника
53113,Наплечники из сумеречной чешуи
53114,Нижняя рубашка полудымки
53115,Покрывало похищения
53116,Подношение Савианы
53117,Перчатки изменчивости
53118,Неправедный пояс
53119,Сапоги раздвоенного бытия
53121,Суррогатный пояс
53125,Приближение Апокалипсиса
53126,Поручи полной тени
53127,Возвращающиеся шаги
53129,Ботфорты надвигающегося воскрешения
53132,Подвеска полутени
53133,Печатка Сумеречного Молота
53134,Наручи астрального беглеца
53486,Наручи пылающей ночи
53487,Шаги предзнаменования
53488,Раздвоенный пояс
53489,Плащ горящего заката
53490,Перстень постепенной регенерации
53491,Подарочные браслеты Сумеречного Молота
53492,Перстень трехглавого чудища
53493,Жертвенные кольчужные поножи
53494,Ремень пожертвования
53495,Благословение древних богов
53496,Преграда принцессы земли
53497,Смертный саван Зейтара
53498,Платье невесты земли
53499,Амулет кентавров
53500,Тектонические латы
53501,Благоволение Сульфурона
53502,Амулет Огнехлыста
53503,Подвеска пылающих духов
53504,Ботфорты поджигателя
53505,Кожа саламандры
53506,Плащ смеющихся ветров
53507,Сандалии Песчаной Бури
53508,Пульмональная оболочка
53509,Амулет злых ветров
53510,Пойманная лягушка
53637,Мешок лягушек
53641,Осколочек льда
53889,"Monster - Fist, Zul\'Aman Main"
53890,"Monster - Fist, Zul\'Aman Offhand"
53891,"Monster - Shield, Zulaman Blue"
53924,"Monster - Sword, Troll 1H"
54068,Белый шерстистый носорог
54069,Пламенеющий гиппогриф
54212,Пьедестал для мгновенного возведения статуй
54215,Боевые барабаны Вол\'джина
54218,Коробка с подарками Ландро
54291,"Скабрезный любовный роман \""Тринадцатое полнолуние\"""
54343,"Пульт управления синим болидом \""Бей-Молоти\"""
54436,Синий заводной ракетобот
54437,Зеленая тряпичная куколка
54438,Синяя тряпичная куколка
54452,Эфириальный портал
54455,Бомба с краской
54467,Ящик из бюро находок гербовых накидок
54469,Чистая дощечка
54470,Причудливый портрет
54516,Заполненная добычей тыква
54535,Сундук сокровищ в форме бочонка
54536,Сумка с замороженными товарами
54537,Коробочка в виде сердца
54556,Покрывало похищения
54557,Дар Балтара
54558,Сапоги раздвоенного бытия
54559,Наручи наследника
54560,Перчатки изменчивости
54561,Нижняя рубашка полудымки
54562,Неправедный пояс
54563,Подношение Савианы
54564,Ботфорты потомка
54565,Суррогатный пояс
54566,Наплечники из сумеречной чешуи
54567,Подношение Заритриана
54569,Заостренная сумеречная чешуя
54571,Окаменелая сумеречная чешуя
54572,Обугленная сумеречная чешуя
54573,Светящаяся сумеречная чешуя
54576,Печатка Сумеречного Молота
54577,Возвращающиеся шаги
54578,Приближение Апокалипсиса
54579,Ботфорты надвигающегося воскрешения
54580,Поручи полной тени
54581,Подвеска полутени
54582,Наручи пылающей ночи
54583,Плащ горящего заката
54584,Наручи астрального беглеца
54585,Перстень постепенной регенерации
54586,Шаги предзнаменования
54587,Раздвоенный пояс
54588,Обугленная сумеречная чешуя
54589,Светящаяся сумеречная чешуя
54590,Заостренная сумеречная чешуя
54591,Окаменелая сумеречная чешуя
54592,Наручи из чешуи сул\'литуза
54617,Накидка Черного Копья
54637,Подтверждение выслуги
54651,Гордость Гномрегана
54653,Гордость Черного Копья
54797,Заиндевевший ковер-самолет
54798,Выкройка: заиндевевший ковер-самолет
54801,Плащ оков льда
54802,Боевой плащ Повелителя Холода
54803,Боевая накидка Повелителя Холода
54804,Накидка зимней стужи
54805,Плащ леденящих ветров
54806,Ледяная коса повелителя Ахуна
54810,Небесный дракон
54811,Небесный скакун
54822,Сен\'джинская пелерина
54847,Разрушитель XXS-002
54857,Маленькое копье Мурчалия
54860,Прогулочная ракета X-53
56806,Игрушечный Тор
12301,Ключ от бамбуковой клетки
